node	res	dg	bt	cl	burts	pr	auth	kcore	areaSAS	areaSES	relSESA	consurf	proc_deficiency
132	GLN	8	0.0329805024892528	0.140035118525022	3.70646709192688	0.00385908818063849	0.00284910069365122	4	76.8209972772747	66.4922723770142	0.624141329312841	-0.676	0
298	ASN	7	0.00547249084905305	0.19205298013245	4.05737681954497	0.00287426417553982	0.301965803847333	5	18.797780841589	31.9043661355972	0.352374793028542	-0.807	0
313	GLN	4	0.000663088388600749	0.168071654373024	2.64429422364027	0.00206553979824094	0.0403600883154716	4	91.6263265162706	72.2579216957092	0.678261603766959	1.284	0
331	ASN	6	0.00306098195008245	0.212808539026017	4.1185838317445	0.00242502002791753	0.249735730893646	5	22.2944939732552	40.9063284397125	0.451798946772319	0.521	0
335	GLN	10	0.0219622760193663	0.212101063829787	4.7870776074343	0.00403569493121054	0.263455547760431	5	40.7317561805248	46.1190328001976	0.43290435729624	0.525	0
361	ASN	10	0.00788446888957971	0.18546511627907	4.82749269863015	0.00426494135612041	0.133985631045275	5	15.5207751318812	33.2149496078491	0.36684982060999	-0.708	0
379	ASN	6	0.00264076152688109	0.169230769230769	2.98779881365165	0.00284946449141129	0.0665540123121907	4	87.2633785009384	65.9125022888184	0.727985136996702	0.896	0
384	ASN	7	0.00647167939005218	0.193216232586311	4.18215213842729	0.00283983584517584	0.270044368070799	5	20.6210830789059	34.894548535347	0.385400520596713	-0.5	0
395	GLN	8	0.0099918593491252	0.181662870159453	4.27525462720668	0.00350540845370139	0.101341806976568	5	32.6019278892782	58.6682586669922	0.550699857951379	0.095	0
431	ASN	7	0.00644460415338813	0.164943123061013	3.74951903270499	0.00328599455656031	0.0496782956297121	4	9.6685624957463	44.7697823047638	0.494469713221235	0.488	0
332	GLN	7	0.0379745185778563	0.209317585301837	3.78937641126917	0.00288457520000201	0.19982080378975	5	93.8934334255755	66.9997867941856	0.628905202040528	1.525	0
91	GLN	3	0.000140927443309799	0.104521625163827	2.03826955074875	0.0019907320580715	0.000140767682762928	3	179.472506112419	127.345921993256	1.19535474114607	0.116	0
92	CYS	5	0.0145259225102217	0.112284406898979	3.68113522537563	0.00324301903102621	0.000249981453518981	3	27.8736302945763	41.1378723978996	0.523249458126426	-0.549	0
93	LEU	4	0.0082080126953309	0.10133418043202	2.81195079086116	0.0036166128498998	0.000034068341197059	2	124.945025333669	90.4386011958122	0.854467991872907	-0.017	0
94	VAL	1	0	0.0920369301788806	1	0.00123728023060586	0.0000036824470970545	1	148.299640083686	90.1135845780373	0.998333605623917	-0.371	0
95	LEU	5	0.0143697683863876	0.101624721248805	2.827965435978	0.0042064698476818	0.0000521966567538751	2	42.7083921055309	68.2731857299805	0.64504814468718	-0.371	0
96	PRO	2	0	0.0923299565846599	1.24309392265193	0.00197669812494985	0.00000666365012232934	2	137.24107837677	80.3641917705536	0.991783188578965	-0.412	0
97	LEU	3	0.000119937172637238	0.092436974789916	1.91897654584222	0.00279828794414762	0.00000945243147538236	2	126.348642868848	85.9793420433998	0.812336709844861	0.333	0
99	HIS	5	0.00890900245451214	0.112047769582016	3.16035794776276	0.00329636138862419	0.000255043165038688	3	56.2926994264126	64.8221921920776	0.584700102757231	-0.036	0
100	PRO	3	0.0000310588469339283	0.111538461538462	1.95694190915924	0.00200720909542176	0.000210954173816578	3	98.786065556109	65.7591730356216	0.811541071647805	-0.69	0
101	CYS	5	0.00154834555632861	0.111538461538462	2.91354068031175	0.00315735518629348	0.000231472713016022	3	39.43910998106	37.6501793861389	0.478888061385639	-1.158	0
102	ALA	2	0	0.1014631043257	1.42800476001587	0.0014934235910247	0.0000752275743715142	2	113.235658168793	61.3186534643173	1.00418671641284	0.892	0
103	SER	6	0.00521264778372862	0.112720848056537	3.22318371503144	0.00344416383072816	0.000464498906825265	3	41.4676905870438	51.1603074073792	0.740670123020271	-0.758	0
104	LEU	7	0.0212468585215433	0.112641242937853	5.08580669281057	0.00417103744753037	0.00042339114131904	3	21.6408644225448	50.8472357988358	0.480406982094403	-0.819	0
105	CYS	9	0.0271497292467847	0.125196232339089	5.03084441443266	0.00450909304880695	0.00142007922255037	4	0.181874170899391	6.7411789894104	0.085743818232134	-0.099	0
106	CYS	8	0.0162358994471358	0.125	4.17421715198162	0.00411187078572865	0.00113575741701663	4	18.5038684755564	26.3867558240891	0.335623961130616	-0.984	0
107	GLY	6	0.00159239048785058	0.115789473684211	3.13170518209082	0.0030686840845896	0.00101140651015014	4	43.9770947396755	33.3324030637741	0.706868901787172	1.902	0
108	HIS	9	0.00459248196324735	0.128732849071832	4.20031097485369	0.00423550213346224	0.00264242957169511	4	50.3423795700073	42.2594056129456	0.381182400174498	0.719	0
109	GLY	7	0.00094078673957435	0.125049000392003	3.36057969183217	0.00352650495853195	0.00127937950088474	4	1.86224716901779	17.3850548267365	0.368678927510051	0.416	0
110	THR	7	0.00667704623203682	0.115957833515085	4.41829551263064	0.0037990455895659	0.000757928340015284	3	47.8189736378263	52.3131018280983	0.630886418573303	1.018	0
111	CYS	7	0.0021062374943134	0.11284046692607	3.47973255866382	0.00419469765697988	0.000294409376162459	3	28.778829574585	31.9873216152191	0.406859852648424	-0.004	0
112	ILE	3	0.000100597010161096	0.111343804537522	2.20377568017768	0.00205728041978306	0.000107531096290031	3	179.345797017217	116.272974252701	1.10413338384629	0.132	0
120	CYS	5	0.0125910609010908	0.124463519313305	3.44966007286834	0.00283094475676608	0.000903083162345149	3	30.9998821616173	41.9582459926605	0.533684126083192	-1.124	0
121	ASP	4	0.00607326121914023	0.123691353237689	3.06530637180035	0.00235545001765251	0.000559359863798391	3	90.5692646577954	69.7189564704895	0.809349173115199	1.105	0
122	CYS	8	0.0243449744510132	0.139789658194566	4.39594720023596	0.00389903774803807	0.00303010646992031	4	36.7551803290844	40.2488164901733	0.511941191683711	-1.124	0
123	ARG	8	0.0157456246057548	0.128680919725696	4.24017121592771	0.00396261375172106	0.00241493266376498	4	134.397211261094	104.977426558733	0.757440214717219	-0.074	0
124	SER	3	0.00883471503565935	0.143113503813369	2.60438698105452	0.00178251110016885	0.00224793220132418	3	97.9956821128726	69.3094674944878	1.00342344323379	1.69	0
125	GLY	4	0.00591948339049288	0.14228367528992	2.38217368734739	0.00213245834064159	0.00419829528985093	4	17.2078980393708	27.1922476291657	0.576656719948376	0.593	0
126	TRP	11	0.0217855347422349	0.144540099682827	4.87611219200152	0.00513917091668581	0.0071743909302149	4	75.0023407936096	70.0474357604981	0.470385359167969	0.18	0
127	GLU	7	0.0825506276569326	0.158312655086849	3.88737444449813	0.00332292812683872	0.00892818968701702	4	50.2023453563452	51.2526439428329	0.499684546581193	-0.825	0
128	GLY	5	0.0120353657345248	0.139119058002617	2.5350200436409	0.00258066999452409	0.00199997960576948	4	36.0929296016693	34.6823823451996	0.735497451918133	-1.126	0
129	ARG	4	0	0.12402799377916	2.05289885635631	0.00215743132221967	0.0011290683564797	4	204.855110704899	134.44016289711	0.970021738858617	0.14	0
130	PHE	9	0.0396443003912619	0.125098039215686	4.37207703856386	0.00467287705783112	0.00146513708018538	4	41.3574232244864	43.0103372335434	0.344871764465444	1.106	0
131	CYS	11	0.0681712500967222	0.140714600794001	4.64880676784675	0.00515850857529321	0.00413141428585138	4	0	0	0	-1.124	0
133	ARG	5	0.0711241773233954	0.157920792079208	3.06745728666614	0.00246592442390324	0.00668041853920198	4	128.239300219342	95.7607886493206	0.690939706694474	0.764	0
134	GLU	4	0.00411912931905244	0.156679764243615	2.35863854412549	0.00210459506446514	0.00838926107805699	4	101.174277119339	81.4972331523895	0.79455233647645	1.758	0
135	VAL	8	0.0308467664419892	0.162011173184358	4.17575984109712	0.00374904871216853	0.0208621515587959	4	17.2938569784164	33.4171807765961	0.370216041573563	0.716	0
136	SER	6	0.00207923270743562	0.166232412714956	3.09855626645774	0.0028735288930957	0.0286837760437134	4	11.313295156695	22.1729412078857	0.321007357547605	0.41	0
137	PHE	4	0.0143163404626832	0.160140562248996	2.95733193567934	0.00233230887714541	0.0112075321935339	3	89.5717268101871	90.9727675914764	0.729451124905595	1.166	0
138	LEU	4	0.00201734433132447	0.144474637681159	2.66333246832905	0.00249978198009892	0.0054963926474377	3	101.811873435974	86.7205992937088	0.819340141850199	1.093	0
139	ASN	7	0.00534687423792592	0.164857881136951	3.56186717508208	0.00357793533840696	0.0252902536543527	4	62.3512195740477	47.4892919063568	0.524505935502776	-0.537	0
140	CYS	11	0.0259566251339801	0.185681024447031	4.66007917340257	0.00484648520685604	0.0790383550811663	4	0.516596958041191	7.0285370349884	0.089398842978738	-1.124	0
141	SER	4	0.0000389470416678082	0.160382101558572	2.26401281398859	0.00207204145503884	0.0192823064204499	4	81.1342671327293	58.5832500457764	0.848135306788128	-0.172	1
142	LEU	8	0.0162152947686744	0.177123820099944	3.89641809734025	0.00364464460006066	0.0453788254363272	4	72.2577168418793	57.5114540159702	0.543370817028875	1.771	0
143	ASP	7	0.164091887357066	0.180022573363431	4.03537889451459	0.00319461973256276	0.0387211264692943	4	46.1080764979124	72.4390914440155	0.840926510227479	-0.104	0
144	ASN	10	0.188848082548692	0.205673758865248	5.32566197546826	0.00412464648343423	0.149329989535693	4	1.11676548625496	11.5021351575851	0.127037863040889	-1.308	0
145	GLY	8	0.0069067532270618	0.18259874069834	4.09782752310234	0.00348165141691264	0.0755174786293304	4	0.032509334385395	1.70127475261688	0.036078353358433	-1.126	1
146	GLY	5	0.0285811661958836	0.18270332187858	3.57868853587802	0.00233566962666702	0.051533360608163	4	14.0595567822456	31.580470085144	0.669716256709661	-1.16	0
147	CYS	11	0.0642465781390269	0.207953063885267	5.91830470072753	0.00448902586449084	0.192110781214771	4	0.002131592715159	4.19532346725464	0.053362038504892	-0.838	1
148	THR	7	0.00836022760190188	0.193803159173755	4.82676146050593	0.0030858165744376	0.125163164429694	4	8.84945297241211	32.5523300170898	0.392575132864084	-0.421	0
149	HIS	12	0.107628939465357	0.226241134751773	6.5730959094824	0.0047305540235412	0.331324705215712	4	0.301379680633545	8.80489826202393	0.079420716030668	-1.122	1
150	TYR	11	0.0906780633959348	0.226723525230988	6.02206299479667	0.00426283934739525	0.383424251384802	5	23.7965773548931	28.7296968698502	0.219503356915232	-0.121	0
151	CYS	8	0.00533281143415211	0.188422917897224	4.27269758519343	0.00344314718124797	0.0947383704867081	4	1.41484236717224	5.82169389724731	0.074048510522098	-1.159	0
152	LEU	5	0.000960436312179363	0.176048565121413	3.53606272566144	0.0024361679422428	0.0423819529682552	4	62.3515944033861	58.0267985463142	0.548239815444854	2.297	0
153	GLU	4	0.00224348874328409	0.161437246963563	2.94060756354619	0.00220059301043263	0.0196132092671627	3	109.575267743901	88.7250595092774	0.865019591588938	0.473	0
154	GLU	4	0.00134558884339857	0.149624765478424	2.6344676180022	0.00249426581718697	0.00647150637661495	3	67.9567298726179	63.8178889751434	0.622188641660753	1.217	0
155	VAL	3	0.0000147867747087005	0.134146341463415	1.72111553784861	0.00209973425305181	0.00225085201384079	3	161.116771608591	95.1629251241684	1.05427329970053	1.677	0
156	GLY	3	0.00022458816556548	0.136383069687901	1.72111553784861	0.00210064764366386	0.00215573334523632	3	37.8997156734113	34.9659953713417	0.741511936620543	1.011	0
157	TRP	6	0.0113079603531605	0.154629180804653	2.90772457979972	0.00357013600842053	0.0121966288553716	3	148.393008947372	100.6568775177	0.675935114110064	3.051	0
158	ARG	11	0.0344904813165471	0.181766381766382	5.73759566756999	0.00508389999573079	0.0706524591333151	4	47.8496701717377	43.9448699951172	0.317073992533044	-0.627	1
159	ARG	5	0.00893550110481288	0.170679507758159	3.46403904407791	0.00268938723280715	0.0258107707391602	3	117.473282575607	83.1094119548798	0.599656639524368	0.85	0
160	CYS	8	0.0264129107970039	0.196428571428571	5.42609829609665	0.00355615163071632	0.107087072972026	4	6.72802013158798	20.9981679916382	0.267084304141926	-1.196	1
161	SER	6	0.00445064200514286	0.195107033639144	4.03859191655802	0.00266145725071218	0.121858775720129	4	26.3358022850007	28.8704183101654	0.417969659782627	-0.165	0
162	CYS	8	0.00570790795930211	0.197278911564626	3.91904690113819	0.00344331072369158	0.147429589408342	4	27.5739433765411	32.4971724152565	0.413344853920841	-1.124	0
163	ALA	6	0.00639412406982301	0.196307692307692	3.31751504023133	0.00284821286952072	0.118498786813586	4	0.360656974837184	7.86679017543793	0.128830718691154	-0.174	0
164	PRO	2	0	0.172339276066991	1.58675099432744	0.00124554489672187	0.0306350678743897	2	101.995194621384	74.6636252403259	0.92143188004845	0.582	0
165	GLY	4	0.00117240120530547	0.174412247129579	2.66043391659688	0.00210105561498268	0.0385607083476079	4	26.116058588028	27.5361318588257	0.583949355504733	-0.418	0
166	TYR	13	0.0461753411623579	0.203833865814696	5.97998577497715	0.00570926465410811	0.164923056714023	4	17.4328093957156	23.529798746109	0.179774601719899	-1.203	1
167	LYS	6	0.00108279323210981	0.176243093922652	3.13754890950012	0.00280081766179589	0.0630464575059156	4	151.794507589191	99.8023567795753	0.828221579555322	1.133	0
168	LEU	8	0.00376442187630941	0.174603174603175	4.55936675461741	0.0036619079748126	0.0651411843920668	4	63.0689778774977	60.8438124656677	0.574855090282381	-0.95	0
169	GLY	6	0.00222764043764905	0.158234126984127	2.97587235014673	0.00314862995890461	0.0229068593876914	4	16.8512948639691	22.4821418523788	0.476771113400039	0.462	0
170	ASP	2	0	0.148579413134606	1.46938775510204	0.00135358846264628	0.00592383888207074	2	164.598253414035	91.5044025182724	1.06225073156268	0.85	1
171	ASP	4	0.000273171553085221	0.155533885909313	2.34570135746606	0.00215104890449383	0.0183059990729112	4	69.7600388862193	59.3901035189629	0.689444214424588	-1.13	0
172	LEU	6	0.00629226361679777	0.170953912111468	2.93752656183595	0.00309728860093815	0.0318978286123828	4	113.824015498161	77.4862883090973	0.732093954281828	0.2	0
173	LEU	9	0.0123929414960294	0.180022573363431	4.83255086925847	0.00405731507482169	0.0757393821570343	4	47.1879704296589	44.498724937439	0.420425964526738	0.782	0
174	GLN	6	0.00393026651751842	0.173087357569181	3.43875941707223	0.00292425581415252	0.0388147844121848	4	88.8018806541804	67.907551407814	0.637426093151614	-0.358	0
175	CYS	8	0.00394530101512578	0.192749244712991	4.20580932551471	0.00348596417012567	0.115734910316849	4	5.32926845550537	19.6473827362061	0.249903112900102	-0.192	1
176	HIS	7	0.00657834821202002	0.173463839042958	4.09226554591372	0.00333839983052575	0.0518403056396148	4	89.6660624444485	74.6220185756683	0.673095130751807	1.606	0
177	PRO	4	0.00106519056939966	0.172712506767731	2.82412957047659	0.00207426254645486	0.0359687106633745	4	61.8326611816883	54.3217406272888	0.670390480405884	-1.032	0
178	ALA	5	0.000976719846436531	0.172525689561925	2.91527878094103	0.00251811344816261	0.0382083690542588	4	56.5466451197863	45.1984117627144	0.740193108145921	0.814	1
179	VAL	6	0.00268041354992601	0.16968085106383	3.4296296476318	0.00301716304993365	0.0351160852367148	4	75.9571098145098	60.1064652204514	0.665896317695331	0.2	0
180	LYS	4	0.000115490534895351	0.171967654986523	2.19788477730784	0.00207944968760719	0.0350621181573654	4	150.554157674313	104.838456511498	0.870014244672267	1.147	0
181	PHE	8	0.0100292708005368	0.188311688311688	3.79425343486206	0.00368743225656278	0.0961914351212304	4	47.0547429323196	53.4012804031372	0.428189941811963	0.634	1
182	PRO	7	0.0103055442463118	0.190903650508677	3.61323348801927	0.00328922521170299	0.0808868556319435	4	6.11256372928619	17.8860068321228	0.220733146144919	0.557	0
183	CYS	7	0.0187656690297166	0.213663764233088	4.36299909561917	0.00290886663025093	0.26888279215947	4	12.8904032111168	27.1697020530701	0.345582575083567	-1.298	0
184	GLY	8	0.0135774126303814	0.22354590049054	4.14164002813612	0.0031440452684131	0.402924109252966	5	0	0	0	-1.105	0
185	ARG	8	0.030790800521438	0.207277452891488	6.00108012428604	0.00344682752508317	0.204776546225267	4	74.8297832980752	82.7787972092628	0.597271165693299	0.546	0
186	PRO	7	0.023555880758239	0.212666666666667	4.89107594791903	0.00308296741777008	0.211591160880488	4	29.4281057417393	39.9423937797546	0.492933404661911	1.945	0
187	TRP	8	0.00870611847069182	0.192284508740205	4.46263115619842	0.00369009562077787	0.112184541885819	4	79.0059458678588	77.6189343333244	0.521229791044048	0.711	0
188	LYS	3	0.00175877619145066	0.179921037789058	2.51977502008749	0.00163498662172062	0.0427867979307267	3	186.639052890823	121.12354528904	1.0051579665818	-1.017	0
212	LEU	14	0.0267270942903455	0.196428571428571	6.41531777743294	0.00556299435527892	0.234903399148572	5	0.614387214183807	15.2181882858276	0.143782130778213	-1.027	0
213	ILE	13	0.0293247131434439	0.181044267877412	5.79462331163026	0.00573453731128427	0.125285608277598	5	9.08707410097122	25.501309633255	0.242161581217346	-0.845	0
214	ASP	5	0.000643767889913909	0.17289972899729	2.84110666126875	0.00233503232728613	0.0617407383009519	4	81.567408144474	68.4036766290665	0.794080432646868	-0.676	0
215	GLY	6	0.00148526025390598	0.178611422172452	3.48244470826003	0.00264566400329895	0.097753913061639	5	23.4939632117748	23.7944014072418	0.504599754156332	-1.358	0
216	LYS	3	0	0.163338453661034	1.84585000253203	0.00160552098288356	0.03631923091323	3	126.498362481594	109.72873544693	0.910596798782841	0.831	0
217	MET	5	0.000792571353568252	0.169771154869612	2.78059410135738	0.00243515570174804	0.0489064420046276	4	138.83225505054	101.821070790291	0.909035539597276	1.137	0
218	THR	6	0.00689214671231246	0.175951461665747	4.13476248443277	0.00279667806195521	0.0579260870990057	4	5.91693945229054	29.6176810264587	0.357183803985272	-0.767	0
219	ARG	5	0.00153795985097125	0.174986286341196	2.65732685572252	0.0024618579891234	0.0355661065475763	4	196.721545308828	123.639430999756	0.892091568958158	1.615	0
220	ARG	6	0.00541866319229613	0.173087357569181	3.92631542989596	0.00295310619250257	0.0387727047992671	4	98.1010991074145	104.78612279892	0.756059906915254	1.566	1
221	GLY	6	0.00872806417910734	0.183861671469741	3.23196625530823	0.00280924572124909	0.0828842294152794	4	12.3011689092964	30.4894251823425	0.646578839621303	-0.324	0
222	ASP	7	0.00434842309494684	0.176829268292683	3.86664978031506	0.00329250050468011	0.0720684715600565	4	43.9901174902916	51.9716396331787	0.60332520295766	-0.559	0
223	SER	6	0.00562174856263692	0.198383084577114	3.62166732740242	0.00262505978967116	0.17189476221588	4	16.6274214759469	39.6687254905701	0.574301470771069	-0.431	0
224	PRO	9	0.0118544446047138	0.201643489254109	5.07433904571146	0.00378609586176525	0.236914336142967	4	6.11554454965517	26.1738336086273	0.323014113397844	-1.38	0
225	TRP	14	0.0695089126506541	0.233357717629846	7.38239471500434	0.00509139495399381	0.735610642537728	5	6.61735087633133	27.9470123052597	0.187670901556322	-1.017	1
226	GLN	8	0.0303437008944854	0.215978334461747	5.10577048411822	0.00317412760430921	0.313957351356405	5	3.34367562457919	28.9196512699127	0.271459358232233	-1.212	1
227	VAL	11	0.0450377811660508	0.217896174863388	6.61382323018598	0.00408354316760094	0.548190930781286	5	0.030016088858247	3.28930759429932	0.036440968650839	-0.626	0
228	VAL	9	0.0207355949366045	0.194393662400975	5.56402456091375	0.00369348193195568	0.219009919053373	5	0.018120316788554	5.29261636734009	0.058634852957326	-0.787	0
229	LEU	11	0.0310305460161636	0.19740099009901	7.0603868369706	0.00433808513661667	0.331377106627064	5	0	0	0	-0.643	0
230	LEU	9	0.0194224399919488	0.175082327113063	5.37454128582241	0.00411987488242311	0.131506579006238	4	4.23640686273575	22.7337636947632	0.214789626941698	0.324	0
231	ASP	6	0.00748938623553828	0.153291686689092	2.70594379576113	0.00340111665491442	0.0379497108512143	3	48.7681208848953	51.1000993251801	0.593207718942909	1.42	0
232	SER	2	0	0.13302752293578	1.36817102137767	0.00148606325802505	0.00628128137762483	2	116.876394028775	70.1337545514107	1.01535700709989	0.926	0
233	LYS	3	0.00000938842838647653	0.136150234741784	1.86539236570902	0.00193656835238462	0.0107910023552862	3	170.146949261427	108.076517343521	0.896885672798137	1.017	0
234	LYS	4	0.00259641809616929	0.149414519906323	2.03453689167975	0.00251994540506748	0.0201618740508164	3	122.039774507284	88.7689949274063	0.736659930353076	0.871	0
235	LYS	5	0.00343496310351108	0.153660886319846	3.11943388051798	0.00265002996682556	0.0417219063631458	3	128.031235158443	83.3250622749329	0.691482815844823	1.4	0
236	LEU	8	0.00850204127614663	0.174412247129579	4.63143115586745	0.00352151866551074	0.109809674583813	5	44.2024588868953	60.5378204584122	0.57196406396716	-0.091	0
237	ALA	6	0.00440082257913464	0.173275393807713	3.63401127084274	0.00273529474029365	0.0959353105965887	5	41.8593205213547	39.0077123641968	0.638810938935145	0.966	0
238	CYS	7	0.00327258837443005	0.180225988700565	4.25474600295599	0.00294665529302964	0.156009267102547	5	6.82487678527832	15.0723075866699	0.191710857118671	-1.334	0
239	GLY	7	0.00662199620710574	0.198259788688626	4.69691813610134	0.00275880042858765	0.303494902755914	5	2.47266262769699	12.7183132171631	0.269712930063897	-1.233	1
240	ALA	9	0.0149426463169102	0.214381720430108	5.52413725902177	0.00329608951058971	0.559342439267523	5	0	0	0	-0.893	0
241	VAL	11	0.043362441964905	0.240936555891239	6.0087569830697	0.00383275847442786	0.868251946037178	5	0	0	0	-0.685	0
242	LEU	13	0.0515261739467144	0.22122052704577	6.96762064415363	0.00477522675882569	0.695214438014777	5	0.092494928278029	9.52679371833801	0.090009577656677	-0.931	0
243	ILE	11	0.0479021741193702	0.229496402877698	6.32363995984592	0.00400717099789664	0.707694857633859	5	17.3999036988243	23.6256580352783	0.224350309431266	-0.974	0
244	HIS	6	0.00460810211506025	0.199749530369443	3.84995483505838	0.00252164487714476	0.289856608334739	4	77.8738120319322	58.4689353704453	0.527393341124669	-0.017	0
245	PRO	6	0.00697967019582939	0.186877562975981	4.48668334286813	0.00271503596894737	0.166872199430313	4	32.7974236756563	34.5754532814026	0.426699411099625	0.782	0
246	SER	5	0.0020293435350656	0.173369565217391	3.8212423529098	0.00231459493136292	0.141644411174612	4	13.128619090503	21.266842186451	0.307889366126431	0.649	0
247	TRP	11	0.020015663217454	0.203314212874442	5.8864096445485	0.00420470043744945	0.503244066798798	5	19.1109760478139	29.8278776407242	0.200301364138765	-0.754	0
248	VAL	10	0.019433575186141	0.211398277004639	6.04987047293168	0.00367315073687956	0.5981009178144	5	0	0	0	-0.893	0
249	LEU	11	0.0293558427291125	0.231831395348837	6.49211227413588	0.00384988912898278	0.847291952477458	5	0	0	0	-0.442	0
250	THR	11	0.0281924545612081	0.213950368879946	6.41695314177481	0.0039787416384	0.616753642833603	5	0	0	0	-1.171	0
251	ALA	8	0.00356876097234276	0.193567961165049	4.52769771518663	0.00307606310599488	0.318117290297354	5	0.036694999784231	8.07306385040283	0.132208765543829	-1.362	1
252	ALA	8	0.00659158780137775	0.194512195121951	4.34271601115561	0.00311027057240889	0.32513317036913	5	3.16683244239539	11.8355629444122	0.193825441665366	-1.258	0
253	HIS	8	0.0142238120404088	0.194275274056029	4.29312894394019	0.00312410803659702	0.274994751098389	5	73.1233024578542	62.8639355897903	0.567036509505253	-1.371	1
254	CYS	7	0.00553915839831627	0.183755760368664	4.03802698091192	0.00285214143308709	0.197852499831668	5	17.7402260601521	20.8183106184006	0.264796624502678	-1.229	0
255	MET	9	0.0129507170547274	0.191591591591592	5.33467916830099	0.00350998494832937	0.318700097108697	5	84.6174586862326	62.8883272409439	0.561452792080563	0.384	0
261	LEU	7	0.0114263185090467	0.174221736755871	5.05576472461174	0.00310472742880208	0.140630981149987	5	88.2970690550283	76.1764308214188	0.719718361533406	0.722	0
262	LEU	6	0.00318061071016566	0.171689989235737	3.70126991324329	0.00274531202615971	0.113159421162786	4	46.5077236071447	55.66570353508	0.525932083058521	1.451	0
263	VAL	10	0.0129462991192041	0.190107270560191	5.75130626418829	0.00402850964435246	0.296302718946062	5	0	0	0	-0.839	0
264	ARG	9	0.0155271844928096	0.189093064611737	5.19893180317754	0.0038030699963709	0.202819017037061	4	31.4644863009453	37.9555239677429	0.273859258759284	0.324	1
265	LEU	11	0.0382499802334867	0.198259788688626	5.91605433751712	0.00454344367960881	0.279511178840869	4	0.621505610644817	12.2117049694061	0.115376740513276	-0.328	0
266	GLY	5	0.00382031124635924	0.178013392857143	3.16650950158814	0.00244875034205173	0.0789783376366687	4	7.14278037846088	34.9265813827515	0.74067609760898	-1.235	0
267	GLU	9	0.0168814737985281	0.183017785427424	5.15415733917714	0.00391084651711377	0.13525755498875	4	14.2946478314698	37.8785290718079	0.369294424020745	0.073	0
268	TYR	8	0.00818253978780524	0.176048565121413	4.7042781186647	0.00358376573979476	0.0773900984864779	4	30.9770348975435	58.1070529222488	0.443955020989791	-0.136	0
269	ASP	7	0.0029455244321263	0.160705289672544	3.72979045975022	0.00342761014886725	0.0475420115689477	4	14.6647894512862	24.5001350045204	0.284415674171953	-0.029	0
270	LEU	8	0.0114159210211462	0.173463839042958	3.88341848255846	0.0037449013362626	0.0827816446287831	4	57.116551745683	65.4909019470215	0.618761001748091	0.444	0
271	ARG	3	0	0.150188323917137	1.74204156605982	0.0017261500761143	0.0181725428176502	3	197.744839698076	130.85586309433	0.944160056959702	1.668	0
272	ARG	4	0.00205165479511873	0.149694978883153	2.87034261511461	0.00228679372992913	0.0173225769118302	3	147.699084937572	103.26685410738	0.745097976892239	1.489	1
273	TRP	4	0.000272216424601443	0.148372093023256	1.89010484175294	0.00240674195719805	0.0138285934094978	3	154.937647253275	129.573375940323	0.870116347851612	1.59	0
274	GLU	5	0.000545758843764627	0.149065420560748	2.27308602999211	0.00289709113678652	0.0161084262669077	3	26.8244945835322	43.2496175169945	0.421659525367988	-0.355	0
275	LYS	3	0	0.147276084949215	1.56555772994129	0.00189524490038384	0.0121388413289458	3	187.651812434196	116.058120369911	0.963121942954567	1.297	0
276	TRP	4	0.00122797145818208	0.156142927068037	2.91372638288186	0.00221845650323257	0.0233718191402965	3	107.222373820841	93.074623465538	0.625018456606373	0.844	0
277	GLU	8	0.0179621662964147	0.172339276066991	3.6959366433083	0.00397700462328916	0.0823660704243051	4	13.0369811849669	34.2848272323608	0.334257845689391	-0.411	0
278	LEU	6	0.00174277136140158	0.168693812797462	3.35107115645468	0.00281352417740664	0.0925796184101287	4	44.6956192627549	50.1218979358673	0.473553957180206	-0.142	0
279	ASP	5	0.000182294800309471	0.164857881136951	2.92448334127637	0.00233435689148546	0.0916655830422162	4	61.7378647103906	54.462171792984	0.632237140918298	1.027	0
280	LEU	9	0.00561891822590415	0.171967654986523	4.79274695784127	0.00398650175172616	0.143187893387076	4	4.36685451865196	16.2072999477386	0.15312730246725	0.74	0
281	ASP	4	0.000488075232879381	0.15568570034163	3.48153122901276	0.0020540241295031	0.0528600929027934	4	98.3973797559738	65.709992647171	0.762810158194273	3.417	0
282	ILE	9	0.00775483677768478	0.176145775814467	5.0359129001558	0.0038594909526921	0.18773316395137	5	31.7210549619908	44.5573978424072	0.423119050418369	-0.659	0
283	LYS	4	0.000243775676097938	0.159899749373434	2.74485406049375	0.00202634110291406	0.065282694126515	4	131.023421935737	89.3027141094208	0.741089061670518	0.944	0
284	GLU	6	0.00108537165874691	0.170862346009641	2.9294592917692	0.00266838445897223	0.14935806180746	5	66.7970321848989	53.8615355491638	0.525119777217157	0.692	0
285	VAL	5	0.000900718895108843	0.172246220302376	3.14430906046082	0.00223083865174383	0.146555209143185	5	73.6236885724502	61.9962223172188	0.686832206829066	-0.116	0
286	PHE	9	0.00766548130121971	0.18600583090379	5.35001276599131	0.00357945302810803	0.341903564283528	5	56.2669167276472	51.6304498612881	0.413990809863272	0	0
287	VAL	6	0.00378418805076354	0.189767995240928	4.10354196112647	0.00249876074044547	0.25846667312855	5	66.6776463985443	60.7512336969376	0.673039458665	1.026	0
288	HIS	8	0.00691204662488099	0.193099273607748	4.18681731799214	0.00328424739406025	0.346900516212941	5	25.3057878017426	30.5804719924927	0.275837711001702	-1.214	1
289	PRO	3	0.00083898634932327	0.178212290502793	2.30173419737412	0.00149110371408481	0.130185989213949	3	107.568257704377	74.0215768814087	0.913508291761183	-0.017	1
290	ASN	4	0.000579905772981731	0.167894736842105	2.58865685489476	0.00190958687331911	0.112122175355355	4	103.664059786126	67.3940644860268	0.744348576733488	1.686	0
291	TYR	11	0.0123277542068715	0.18125	5.44847092925553	0.0045148874083339	0.273199938280651	5	44.0864435881376	60.4568221569061	0.461907950925669	-0.744	0
292	SER	7	0.00182589244318377	0.163087934560327	3.09396208056498	0.00324462461305388	0.115237584752769	4	32.7689144611359	27.729763507843	0.401455901840705	0.081	0
293	LYS	4	0.000782648037768222	0.158627548483342	2.06956182377687	0.00209310449314749	0.0579602468866975	3	186.562524244189	114.990211129189	0.954259772694134	1.412	0
294	SER	3	0	0.151113216485078	1.58958698372966	0.00170572327369089	0.0313106227305403	3	112.163009479642	67.4469881057739	0.976459515379004	2.167	0
295	THR	6	0.00744733118572777	0.172993492407809	2.87144454659647	0.00281081249866471	0.116473941005953	4	58.6185906119645	67.0581613779068	0.808709133838722	-0.129	0
296	THR	8	0.00660731416106428	0.186877562975981	4.38661922953685	0.00328185413307891	0.232779756951096	5	28.731557905674	38.9097155332565	0.469244036821714	1.582	0
297	ASP	9	0.00450446986273003	0.180429864253394	4.65717476688497	0.00366608471800703	0.242279525795852	5	26.5153757333755	38.5419583320618	0.447423537090638	0.114	1
299	ASP	9	0.00596046111857055	0.195226438188494	5.12711431791285	0.00342832059559073	0.387963202058325	5	2.00473748147488	10.037082195282	0.116517868116389	-1.41	0
300	ILE	14	0.0339238962265625	0.218792866941015	7.81091760402131	0.00495641478839252	0.852298234049065	5	0	0	0	-1.051	0
301	ALA	7	0.00332697863807996	0.199126092384519	4.26516531664913	0.00272863021810787	0.384859571503356	5	0	0	0	-1.33	1
302	LEU	9	0.0096988608677081	0.209455022980959	5.08382790811614	0.00335735656139776	0.551606370495402	5	0	0	0	-1.223	0
303	LEU	11	0.0200717344672909	0.198383084577114	6.25132992923284	0.00423835802355762	0.418401292682815	5	0	0	0	-0.455	0
304	HIS	8	0.00572264037896089	0.18396770472895	4.06387418928005	0.00338558106961812	0.221917561524731	5	36.0968147516251	31.2451975345612	0.28183357568337	-0.329	0
305	LEU	10	0.0143167857714169	0.182912844036697	6.19108608597106	0.00423230858715536	0.245514026286446	5	3.64839601516724	11.335431098938	0.107097665377997	-1.167	0
306	ALA	4	0.000213169280866225	0.155609756097561	3.35254059717129	0.00214279766453167	0.0449572817863773	4	44.2265567197464	42.9146523475647	0.702793055492929	0.901	0
307	GLN	4	0.000320606613024926	0.158864541832669	3.0345425064244	0.00210458269521782	0.0522676996028943	4	104.413286975851	78.8921376466751	0.740534830633179	1.453	0
308	PRO	4	0.000619150006781504	0.162921348314607	3.42815498603182	0.00209053655707237	0.0498980029549692	4	86.4813387831673	63.558474779129	0.784382016279514	-0.086	0
310	THR	3	0.000448224530568935	0.164432989690722	2.1024855773608	0.00164017392319889	0.0384717113592128	3	100.857704392431	72.7936888933182	0.877878544299544	1.057	0
311	LEU	8	0.0124623123928565	0.188422917897224	4.76270608538938	0.00354249252698278	0.162493790746918	4	46.6701172231115	52.2610395550728	0.49376466388648	0.672	0
312	SER	6	0.0018280643947406	0.180941576857629	3.11267225074304	0.00280280720187332	0.0975905051447987	4	32.2805029153824	31.7130036354065	0.459123009503084	-0.414	1
315	ILE	8	0.012768431912216	0.198877805486284	4.78105039102458	0.00344074901590831	0.210165368047436	4	5.90165235148743	15.0657466650009	0.143065006742201	-0.639	0
316	VAL	10	0.0305660885380152	0.212524983344437	5.64983935954425	0.00406479759862076	0.326225827868121	4	0	0	0	0.591	0
317	PRO	9	0.0154201983369344	0.21745057941377	5.165936747183	0.00347297904411496	0.466952755179601	5	8.66098826704547	17.9051505327225	0.220969400625972	-0.494	0
318	ILE	11	0.0239549591567462	0.231159420289855	5.55538004871663	0.00397077041378914	0.731133411122711	5	1.23551714420319	7.96264886856079	0.075613671157291	-0.3	0
319	CYS	7	0.00537120141965506	0.229496402877698	4.02597240706819	0.00273655997343773	0.435985697848311	5	1.3376971592661	5.35643219947815	0.068130656314909	-0.456	0
320	LEU	7	0.066008812320125	0.237704918032787	5.0816746278552	0.00262876205383277	0.527636873857497	5	20.0463047060184	43.0225596427917	0.406479088101054	-1.054	0
321	PRO	9	0.0208021654189036	0.234042553191489	5.0822963328338	0.00332040236041036	0.514012794717446	5	4.64366584271193	24.1343238353729	0.297844302546871	-0.955	1
322	ASP	7	0.00579204820026218	0.207817589576547	3.52989265778042	0.00277154012799684	0.282456921237671	5	22.7870127595961	30.4430469274521	0.353405387934481	0.713	0
323	SER	6	0.00224056386920818	0.199250468457214	2.96112819805016	0.00245989969164119	0.215621495215127	5	71.5597211867571	54.3674118518829	0.787100775294007	1.055	0
324	GLY	6	0.0010181668457958	0.195107033639144	2.79746834048992	0.00248408299722328	0.180490619888408	5	21.307516336441	24.3109376430511	0.515553761913925	1.043	1
325	LEU	12	0.0131594035657258	0.221067221067221	5.38417937054102	0.00445385838229658	0.458579645761523	5	0	0	0	0.997	0
326	ALA	10	0.0159227080416523	0.216711956521739	4.5507753925334	0.00381018297604478	0.340530822841251	5	0.975842453539372	6.45125639438629	0.105649188451047	0.679	0
327	GLU	7	0.0114546461477405	0.205673758865248	3.52084693240569	0.00282714331078914	0.212270375183126	5	93.9841855093837	82.0837694406509	0.800270736478999	0.477	0
328	ARG	8	0.0665822216046926	0.206072351421189	5.07823178387551	0.00327209305736996	0.160358624218421	5	69.2798620723188	79.7710710167885	0.575569616629665	0.014	1
329	GLU	7	0.00905008512798294	0.206072351421189	4.26742974448298	0.00282527789419867	0.227346395376614	5	45.6896247267723	55.6921892166138	0.542967624223591	1.852	0
330	LEU	12	0.0407028463424631	0.229002153625269	6.01717762317047	0.00441877390206573	0.496009262569442	5	0.652036003768444	18.8210206031799	0.17782185335859	0.724	0
333	ALA	4	0.0111457618156437	0.193920972644377	2.95327971055648	0.0018707649679914	0.0953086013968015	4	48.0803706757724	47.917696595192	0.784725555495013	1.399	0
334	GLY	3	0.0000370765277066415	0.185789167152009	2.26899406106675	0.00151653081387707	0.0808172426688533	3	54.2002437114716	37.779928445816	0.801186055472718	0.192	0
336	GLU	6	0.00275208521549335	0.199749530369443	3.3612377891541	0.0026595070883682	0.127791291074806	5	77.2405543923378	71.4948499202728	0.697034707226995	1.501	0
337	THR	9	0.0121816881026696	0.21715452688904	4.98805513930928	0.00352323739131251	0.319269337566809	5	0.158545289525364	3.64361321926117	0.043941307516416	-0.714	0
338	LEU	7	0.0365114589292582	0.21969696969697	4.68055818294359	0.00279377084933251	0.293573031821156	5	49.4971101747942	59.537362575531	0.562511692669555	0.569	0
339	VAL	10	0.0392521692455636	0.22060857538036	6.40383571850096	0.00377537612946373	0.378940674832318	5	0	0	0	-0.971	0
340	THR	8	0.020289721437371	0.213663764233088	4.59691725986426	0.00320384145352202	0.23249220919048	5	9.1555450335145	30.6550405025482	0.369694169109361	-0.9	1
341	GLY	7	0.00271369403618017	0.190903650508677	4.05193336298656	0.00292206286196102	0.137463625308639	5	1.89641886949539	14.769246339798	0.313206369203647	-1.409	0
342	TRP	12	0.0447947236043965	0.198383084577114	6.93382392047809	0.00493100570348204	0.180943672768346	5	16.8421788886189	49.687079846859	0.333660677882409	-1.295	0
343	GLY	8	0.0097103900304141	0.181766381766382	4.31180060644292	0.00344923506841139	0.117580877115902	5	5.91074156761169	16.8110735416412	0.356506702187281	-1.409	1
344	TYR	6	0.000909313781564553	0.170770877944325	3.29968025455884	0.00277828236867166	0.0729560590712643	4	159.001576200128	103.461483836174	0.790476248891577	0.728	0
345	HIS	7	0.0105264989558666	0.171875	4.52312841345686	0.00339423463587423	0.0786485973294643	4	69.6239485740662	98.465126991272	0.888161413905975	0.198	0
346	SER	4	0.0124997535537549	0.1578426521524	2.29690818157391	0.00284134544070154	0.0226362906329224	2	53.014151878655	54.1900169849396	0.784532552298866	1.733	0
347	SER	2	0	0.136441402908469	1.04918032786885	0.00186527983678361	0.00274327760292056	2	116.181583106518	70.0522393584251	1.01417687603586	0.578	0
348	ARG	2	0	0.136441402908469	1.04918032786885	0.00186527983678292	0.00274327760292056	2	275.28210288455	151.82712559402	1.09547332583441	1.441	0
357	THR	3	0.00143026478107402	0.154554263565891	3	0.00171671908583892	0.0202735174119144	3	116.822127759457	88.2288467884064	1.06402371910765	-0.157	0
359	VAL	7	0.00616717608421134	0.171505376344086	4.79324500485294	0.00323249720348569	0.0711123290957248	4	19.5269520804286	43.4562394618988	0.481434896103638	0.956	0
360	LEU	9	0.00962520203353837	0.192284508740205	5.06092966654072	0.00375440287367682	0.148857851631794	5	3.46438658237457	13.3857159614563	0.126468849430815	-1.232	0
362	PHE	9	0.0167978664379766	0.19193742478941	4.37267470030321	0.00381467115863656	0.153117085576375	5	47.8913105446845	74.789900302887	0.599691296108592	-0.297	0
363	ILE	10	0.0358322203575366	0.20344387755102	5.06117260128343	0.00405247351593226	0.195342692475961	5	0.192579336464405	11.2451093196869	0.106784062974796	-0.64	0
364	LYS	5	0.00333874852126994	0.193333333333333	3.17827549006071	0.0022294341687522	0.117956620801492	5	108.045252107084	93.7036828994751	0.777611018070033	1.099	0
365	ILE	10	0.0203040608336542	0.207547169811321	5.64642727524549	0.00399384959012264	0.249306035866684	5	0.665490686893463	7.21843910217285	0.068546621802661	-0.178	0
366	PRO	7	0.0154973700870182	0.198259788688626	4.12682187815275	0.00302077231399716	0.151462656416643	5	25.1861577630043	30.4928548336029	0.376315621789497	-0.299	0
367	VAL	13	0.0635950981145727	0.223233030090973	6.92332684474541	0.00501621426704414	0.356437873336497	5	3.55730259418488	15.7818496227264	0.174841017711673	-0.124	1
368	VAL	6	0.00960194602715107	0.195107033639144	3.72062697189553	0.00253699415371387	0.131428813586583	5	15.6604315578006	29.8760105669498	0.330984784265597	-0.254	0
369	PRO	6	0.00928788185306187	0.176927343316694	3.43435126962031	0.00268749044178878	0.0620380082951373	5	63.6801182994586	49.5789429247379	0.611859100638503	0.103	0
370	HIS	7	0.00266372970345902	0.168426610348469	3.28757627936116	0.00302751353675889	0.0767917298864341	5	52.794105355395	71.3471611738205	0.643555718482289	0.252	0
371	ASN	6	0.000416022842883821	0.163505894413121	2.44772413420888	0.00269147711747748	0.0508951648366783	5	113.089047312737	77.9453318119049	0.860884370748113	1.799	0
372	GLU	7	0.000734454451160946	0.164094650205761	2.67270177172358	0.00307214492185281	0.0580423663937235	5	76.5181158464402	63.6988582611084	0.621028158926669	1.284	0
373	CYS	13	0.0199648493487769	0.183017785427424	5.05439946181797	0.00519739964066737	0.161481021743397	5	0	0	0	-1.408	0
374	SER	7	0.000488086650988877	0.158943697060289	2.9005958280447	0.00304416376794802	0.0680059561653115	5	46.9123699218035	44.66619977355	0.646652089435091	0.477	0
375	GLU	5	0.0000246232871772589	0.155533885909313	2.32112586703968	0.00230498857657728	0.0445000487507528	5	137.677796706557	93.1668657660484	0.908324712548001	1.243	0
376	VAL	8	0.00356630555782171	0.162011173184358	4.11801562868498	0.00350514241705785	0.0732698897673945	5	49.8073893487454	51.0616787075996	0.565692620619512	0.624	0
377	MET	11	0.0167539619856227	0.175467546754675	5.10594901999009	0.00472699156563198	0.132927094365706	5	10.1574088931084	13.8261518478394	0.123436763216136	-0.64	0
378	SER	3	0	0.150756143667297	1.86779013034694	0.00166245645982358	0.0255865623875208	3	107.011165201664	63.511447429657	0.919482973515802	1.805	0
380	MET	4	0.000157325490853498	0.16851558372953	2.53990905698517	0.0019438734483588	0.0616817563850524	4	125.625723212957	118.474845051765	1.05771667754455	1.781	0
381	VAL	10	0.0122176356726486	0.185789167152009	5.28461089233642	0.00410998761341789	0.164180240947326	5	11.8427983820438	22.3059492111206	0.24711899773022	-0.596	0
382	SER	7	0.00559388696298299	0.178013392857143	4.37030957137495	0.00300480832454013	0.145799723460684	5	18.4288500351831	28.8945822715759	0.418319492009554	-0.561	0
383	GLU	4	0.000703621249572296	0.183333333333333	2.90208209212567	0.00183468242981471	0.13589904083259	4	101.765701893235	73.6458989977837	0.718006229870173	1.226	0
385	MET	13	0.0341698841900221	0.205673758865248	6.83113263229146	0.0049715221750215	0.397996680830039	5	5.38088978081942	35.6363244056702	0.318153061384431	-1.228	1
386	LEU	7	0.0211049353781786	0.220151828847481	5.13732792483502	0.00273542975253003	0.296647835745987	5	9.26419854164124	17.5917077064514	0.166207249546035	0.089	0
387	CYS	9	0.021596717430376	0.202797202797203	4.82784597189335	0.00354659644873419	0.213565793971982	5	2.13596545776818	16.1642428636551	0.205599629402888	-1.408	0
388	ALA	10	0.0230617648145485	0.21745057941377	5.10746216270523	0.00391377774974916	0.278184511062589	5	1.83375871181488	6.73470687866211	0.110291123571756	-1.311	1
389	GLY	5	0.00237513715002477	0.18600583090379	3.19526318535135	0.00230074807769881	0.0925962609750053	4	6.69635938620195	20.8665761947632	0.442510363583145	-1.263	1
390	ILE	5	0.009138915730752	0.170133333333333	3.24276150922974	0.00259391766485075	0.033492726610406	4	70.3782048635185	75.3361684083939	0.715395637596683	1.074	0
391	LEU	7	0.00541004837364887	0.161764705882353	3.75278573875426	0.00350192795806187	0.0319119123857179	4	67.0611751042306	62.8587400913239	0.593892217563196	2.178	0
392	GLY	3	0.000499086447265836	0.150756143667297	1.96839850026781	0.00178841152566369	0.00868549053531087	3	79.0898162126541	50.8930888175964	1.07927237445862	0.44	0
393	ASP	5	0.00278801967927552	0.164432989690722	3.13246657770035	0.00256048068711831	0.0252032941529753	4	39.5093465428799	42.764573097229	0.496442770045146	-0.138	0
394	ARG	7	0.00485819306332688	0.161928934010152	3.67346384273662	0.0032909842267689	0.0514734690182704	4	121.634615562856	92.3349412679672	0.666221301403133	0.239	0
396	ASP	8	0.0134154236401692	0.187868080094229	4.72407338973747	0.00345327001214661	0.111260273693388	5	11.2993745803833	51.4374098777771	0.597123469129775	-1.317	0
397	ALA	5	0.00410134945389964	0.191822008418521	3.67806175209684	0.00223337193100163	0.115405274221627	4	13.5095636844635	22.2443407773972	0.364285095350657	-0.748	0
398	CYS	6	0.00840581231822607	0.173463839042958	3.72580347794147	0.00281962645981406	0.0666373701024189	4	22.473728209734	31.8693835735321	0.405359750362911	-1.408	0
399	GLU	4	0.000132436063177638	0.169141039236479	2.4616145338955	0.00197055648328659	0.0519007318752613	4	125.304814697243	80.0923217535019	0.780855237920463	-0.668	0
400	GLY	6	0.0067027336272936	0.175951461665747	3.80070086746714	0.00262483665173009	0.1080013284707	5	15.0469445884228	34.3462762832642	0.728369765311508	-1.266	0
401	ASP	11	0.0350013681971314	0.199874686716792	5.74925241792893	0.00442961165360628	0.222987878068291	5	1.03298711776733	10.3573579788208	0.120235866114332	-1.424	1
402	SER	10	0.0141650956976918	0.198013656114215	5.14699942140265	0.0038570313333615	0.296856617141626	5	13.2864809193998	24.1077638864517	0.349018630817421	-1.39	0
403	GLY	8	0.0041685638534024	0.211118464592985	4.28308902775951	0.0030237524303245	0.41163526649452	5	0	0	0	-1.409	0
404	GLY	6	0.00996953635918991	0.213663764233088	3.74359014664901	0.00237698199317388	0.321401797927967	5	0.10331816971302	3.86344909667969	0.08193084713561	-1.409	0
405	PRO	10	0.0513319255606313	0.240573152337858	6.80739922376699	0.00361154434923405	0.649687537381177	5	1.04335175640881	11.3700549602509	0.140319078862777	-1.297	0
406	MET	10	0.0293013951496571	0.23082489146165	6.32767674518921	0.00366641812032844	0.52189645246203	5	0	0	0	-0.938	1
407	VAL	10	0.0507044809746843	0.247863247863248	5.76917960123931	0.00362651251564517	0.640210644149425	5	6.84239520417759	18.9504537582397	0.209944759353006	-0.632	0
408	ALA	7	0.00875483243388024	0.227857142857143	4.55466455067673	0.00271009402913842	0.383108548165456	5	0.969600260257721	5.70517921447754	0.093431033759847	-0.223	0
409	SER	2	0	0.201643489254109	1.64972226897829	0.0011483475127242	0.0955872811181191	2	52.1348401755095	50.9382816553116	0.737455759201303	0.393	0
410	PHE	10	0.103023022159149	0.227694503925767	5.9799774603316	0.00404458821638231	0.312812146343487	5	17.9469558093697	31.2276510000229	0.25039410972323	0.872	0
411	HIS	4	0.000718398372075229	0.199499687304565	2.60182640806278	0.00199281063421624	0.0914164879585899	3	102.483167797327	93.098139166832	0.839750858410593	0.94	0
412	GLY	3	0.0049951617430277	0.201771030993042	2.38568588469185	0.00160223768270368	0.0658273716983026	3	52.9844590947032	43.999739408493	0.933087464924039	0.26	0
413	THR	9	0.0426389826799174	0.227369921596579	5.24120295719903	0.00372279170186893	0.341941471002479	5	0	0	0	0.557	0
414	TRP	11	0.0570084184819584	0.236646884272997	5.74598702290598	0.00424471259439636	0.542388981385296	5	54.6249604821205	64.2503244876862	0.431456364286245	-0.414	0
415	PHE	14	0.137040317386266	0.248442367601246	7.15117939414026	0.00499179914681657	0.746272452363051	5	0	0	0	0.656	0
416	LEU	14	0.0925765669365004	0.252373417721519	7.60244739177065	0.00479347404417596	1	5	1.02227437496185	5.41728448867798	0.051182748707299	-0.652	0
417	VAL	9	0.0229596130564761	0.236822568671121	5.88723669794929	0.0033166130301827	0.536741429560719	5	2.86267189575165	16.1258306503296	0.178651850686094	-0.364	0
418	GLY	6	0.00141553006863605	0.223233030090973	3.75799781753969	0.00228305325736141	0.481412052418203	5	0	0	0	-1.409	0
419	LEU	14	0.0778283253932884	0.24407039020658	7.53439492872964	0.00480311477458351	0.960408635310423	5	0.023669732734561	6.72682237625122	0.063555321859481	-0.564	0
420	VAL	10	0.0293012892786224	0.22	5.70109912891244	0.00374380598183926	0.431888673396917	5	6.76953201927245	25.7116103172302	0.28484900200778	-1.061	0
421	SER	9	0.0346478449032348	0.215978334461747	5.78578320313245	0.00338525877542615	0.42630470688476	5	7.30205920338631	24.649491071701	0.356861451966775	-1.406	0
422	TRP	9	0.0187122021189574	0.188200589970501	4.85915394023698	0.00378244358120275	0.194117838981734	5	41.7125528156757	56.7573872804642	0.381139490853602	-0.792	0
423	GLY	3	0.000828822027484393	0.161928934010152	2.27698127679795	0.00161601310620935	0.0393749367756708	3	35.3540668785572	39.1722880601883	0.830713350868164	-1.409	1
424	GLU	7	0.00528905324884519	0.15470417070805	3.57329996945593	0.00349806300503494	0.0372342389886845	4	40.6403374671936	59.6523870229721	0.581577332777343	0.441	0
425	GLY	3	0.000929788187127442	0.146464646464646	2.03826955074875	0.00176696422124055	0.00932065038764908	3	52.0959856510162	41.1072683334351	0.871747817483513	-0.261	0
426	CYS	5	0.00871001167350054	0.163087934560327	3.05898764464346	0.00259783109926791	0.02796336925538	4	45.7293113451451	47.7271434962749	0.607061097637687	-1.195	0
427	GLY	5	0.00240636443518464	0.161682716675114	3.11917056504918	0.00248367939631854	0.0364280138582967	4	1.59665525797755	12.8164998888969	0.271795141318989	-0.656	0
428	LEU	7	0.00626960241171816	0.153957528957529	4.0766448471494	0.00355614939560324	0.0210328491707929	4	63.5843816120178	72.0609294176102	0.68083491825183	1.322	0
429	LEU	5	0.00178351989990371	0.149204864359214	3.22568375718281	0.00266742007908748	0.0149496056738321	4	80.8286218196154	69.3323802947998	0.655055462810603	1.296	0
432	TYR	10	0.0223219811778239	0.187096774193548	5.48525198112131	0.00414206687159144	0.144212951848832	5	17.3762032166123	41.278528213501	0.315380129224136	-1.115	0
433	GLY	6	0.0108547328348957	0.200251098556183	4.11199402096891	0.00249450445391711	0.16914965332118	5	3.42584433034062	24.1337541341782	0.511796291680165	-1.113	0
434	VAL	9	0.0261277389021458	0.204749679075738	5.43076178793635	0.00350452089069181	0.274091589505181	5	2.26655893027782	16.1557445526123	0.178983255258046	-1.085	0
435	TYR	12	0.0496175535886396	0.22354590049054	7.1098871848606	0.0043504780585374	0.543581252040073	5	1.4102605804801	22.8522503376007	0.174597932059447	-1.345	0
436	THR	10	0.0155678861033101	0.220456116102281	5.94390610909104	0.00359854230539208	0.644153351893543	5	1.88649218156934	22.4668544530869	0.270946146322803	-0.986	0
437	LYS	9	0.0112857195699899	0.21042216358839	4.49819704765771	0.00345496287510284	0.422037484806154	5	21.270171880722	34.1727041006088	0.283586198574371	-0.415	0
438	VAL	12	0.0282977944109048	0.229661627069834	6.32336174482116	0.00424794226841305	0.79060751100242	5	0.138549990952015	9.15251088142395	0.101397133756802	-1.213	0
439	SER	8	0.0248237022869233	0.213377926421405	4.88208691108535	0.00308629862491531	0.380902256889477	5	12.1924983467907	34.2111504077911	0.495289771803616	-0.46	0
440	ARG	6	0.00312377975013649	0.201261829652997	3.29043029146756	0.00246846870313364	0.291442799315681	5	121.863413795829	97.5267632007599	0.703681685491972	0.67	0
441	TYR	13	0.0259280932277877	0.218194254445964	6.02947197058929	0.00473955970091307	0.696806790833798	5	4.7131530046463	19.5580281019211	0.14942910266204	-0.388	0
442	LEU	10	0.0196305511991009	0.213092852371409	5.92679417602962	0.00376530133496271	0.520504527769089	5	6.47061768837739	23.1569118499756	0.218787549838208	0.902	0
443	ASP	5	0.000523125392199039	0.193803159173755	2.93460971813083	0.00211434924831587	0.301917200875856	5	135.827112086117	84.9297111332417	0.985926854881958	0.929	0
444	TRP	12	0.0166340882609982	0.203703703703704	5.64135768734635	0.00458152609543708	0.584321654697445	5	48.5857953578234	58.5185270905495	0.392965967770537	-1.291	1
445	ILE	13	0.0328639024234285	0.222144846796657	5.92499554782264	0.00477743057429042	0.739446731749851	5	0	0	0	-1.189	1
446	HIS	7	0.00324878437756782	0.187206572769953	3.57658539678267	0.00298845486478975	0.3093799895238	5	76.9924804696348	77.0225269794464	0.69474786206024	0.901	0
447	GLY	6	0.00190164103049807	0.184180138568129	3.24387639752944	0.0026735937952102	0.252122190757129	5	39.0734691619873	35.609459400177	0.755157658788612	0.691	0
448	HIS	7	0.00147447019408215	0.193099273607748	3.79538197889061	0.00281547784193882	0.362808542729261	5	48.7008795887232	56.7580890655518	0.51196140375191	0.297	0
449	ILE	8	0.00948013796190586	0.196428571428571	3.81301776988005	0.00345314835902789	0.326638774881738	5	44.6905484371819	57.2465015053749	0.543615348508408	-0.442	0
450	ARG	3	0.0000488881820394928	0.16745406824147	1.9106704977961	0.00167725919727704	0.0764018309916676	3	221.605733692646	138.889628887177	1.00212582623599	-0.385	0
451	ASP	3	0.00000938842838647653	0.165199378560331	1.88235294117647	0.00168962957336287	0.0708165485544031	3	161.940533816814	94.2790069580078	1.09446039049486	-1.188	0
118	PHE	2	0	0.092436974789916	1.33222314737719	0.0019523801047112	0.00000932438387427648	2	138.152295168489	110.403409183025	0.885252731714365	-0.632	1
314	THR	5	0.0029518020236929	0.175757575757576	3.49646576377273	0.00244625357454622	0.0674268683120762	4	22.8813397504855	53.4216828346252	0.644255702298906	1.104	0
309	ALA	7	0.00439614745979292	0.174507658643326	3.84565209938559	0.00326489470922479	0.100849528627775	4	6.31477919663303	10.4515541791916	0.171160181766235	-0.583	1
119	SER	3	0.0000317094168753245	0.111460517120894	1.81328923082546	0.00204226287165155	0.000141060008403389	3	81.4461239297307	55.719806522131	0.806679983816122	1.067	0
98	GLU	2	0.00260124842392141	0.101045296167247	2	0.00182197968690947	0.0000285893297807572	2	178.641057670116	109.275177717209	1.06537172386866	-0.856	0
358	PHE	5	0.00338945656751824	0.167806417674908	2.96491766218595	0.00260761473731923	0.0378005212345169	3	94.1933254888281	93.8687170743942	0.752671849787468	1.111	0
430	HIS	4	0.000631067875198066	0.147480351363847	2.70797128825085	0.0020972372566247	0.0190122691373488	4	117.899902455509	85.596498966217	0.772085609090571	0.556	0
