leg_pos	Residue	Domain	areaSAS	relSESA	areaSES	kdHydrophobicity	Consurf_Score	dg	bt	cl	burts	pr	auth	kcore	provean	sift	pph2_prob	dScore	Score1	Score2	inhibit
3	R	A1	68.3710518795997	0.49938427588697	69.2121637165546	-4.5	-0.836	9	0.001763529755091	0.117227863887404	4.98804034687005	0.000861188741595	0.095237789509961	5	-4.64	0	1	1.991	-1.184	-3.175	No
4	R	A1	121.110130731016	0.822534106666165	113.999114513397	-4.5	-0.43	3	8.06689126359086E-05	0.11227710946165	2.27698127679795	0.000369284656052	0.03001902806366	3	-3.91	0.014	0.994	1.765	-1.459	-3.224	No
5	Y	A1	28.4569619167596	0.371263934068876	48.5928800106049	-1.3	-0.936	9	0.00305318110557	0.118955075476815	5.12400102243431	0.00087164812196	0.100225961739925	5	-6.2	0.001	1	2.64	-1.096	-3.736	No
6	Y	A1	57.7933928952552	0.528311731252741	69.148080945015	-1.3	-0.641	8	0.002599826419618	0.110793062805186	4.30187911158032	0.000850307940015	0.05630940752285	5	-6.32	0	1	3.583	-1.096	-4.679	No
7	L	A1	0	0	0	3.8	-0.955	10	0.009795030239323	0.120347508001829	6.27577132761084	0.000961370823834	0.107523202897286	5	-4.05	0	1	2.6	-1.232	-3.832	No
8	G	A1	0	0	0	-0.4	-0.102	6	0.001954567502491	0.11667701037326	4.24539973705994	0.00061265193198	0.077127399936938	5	-4.22	0.001	1	2.477	-0.809	-3.286	No
9	A	A1	0	0	0	1.8	-0.888	9	0.003795652534409	0.118933574333484	5.39868786599497	0.000859342672818	0.110978511821699	5	-3.93	0.003	0.996	2.173	-1.154	-3.327	No
10	V	A1	13.2051556266742	0.207991587305327	18.774152636528	4.2	-0.355	10	0.002954142149865	0.112545967672967	5.58458978249067	0.00098573257803	0.100775189894228	5	-4.64	0.016	1	2.218	-1.236	-3.454	No
11	E	A1	51.0371120274067	0.502470388763002	51.5383877754211	-3.5	-1.014	8	0.001472193423555	0.112651943160418	4.3082952095051	0.000825337889666	0.07344841663132	5	-2.32	0.012	0.998	1.749	-1.075	-2.824	No
12	L	A1	9.3881411999464	0.250858119205765	26.5513250529766	3.8	-0.377	10	0.009427915350737	0.114275790204932	5.95352103213537	0.001020186868661	0.085164821854809	5	-3.74	0.009	1	2.502	-1.292	-3.794	No
14	W	A1	0.266523275990039	0.040698887995011	6.06067490577698	-0.9	-0.785	13	0.00648230970979	0.115722827998593	6.65834463497118	0.001282827101097	0.10267492856241	5	-9.43	0.002	1	2.064	-1.111	-3.175	No
16	Y	A1	2.39934745803475	0.074876110725973	9.80015975236893	-1.3	-0.936	12	0.023982874014053	0.123394280356306	6.72899316222769	0.001142173156195	0.119012472475359	5	-6.79	0	1	2.619	-1.096	-3.715	No
22	G	A1	6.91269733570516	0.530461533908158	25.0139136314392	-0.4	1.724	5	0.000393337295837	0.10756906980546	2.83790729328699	0.000580605739436	0.031007987293674	4	-0.84	0.004	0.949	2.905	-1.927	-4.832	No
29	R	A1	206.692391585908	0.948755559374568	131.492776751518	-4.5	-0.84	2	5.46505413210094E-05	0.082575139612223	2	0.000491897004646	0.000192096660484	2	-0.8	0.133	0.887	1.45	-1.452	-2.902	No
45	V	A1	82.6076047420502	0.753165207929374	67.983704328537	4.2	0.368	5	0.000108583549738	0.107035380235868	2.71684852002088	0.000611060822893	0.026594877292849	4	0.62	1	0	0.205	-1.958	-2.163	No
47	K	A1	110.008249759674	0.749567879025656	90.3244285583496	-3.9	0.054	5	0.000301897039099	0.111092351848725	3.32845755563304	0.000553936174716	0.046386879661426	4	-2.49	0.002	0.966	1.683	-1.337	-3.02	No
48	K	A1	0	0	0	-3.9	-1.011	11	0.016531381281411	0.122066598645766	6.38680273075148	0.001042767754327	0.133028433336677	5	-3.13	0	1	1.834	-1.012	-2.846	No
49	T	A1	0	0	0	-0.7	-0.913	10	0.00337077913558	0.118869117514226	5.47647030375742	0.000944638687719	0.132712659050255	5	-0.67	0.476	0.232	0.289	-1.379	-1.668	No
51	F	A1	0	0	0	2.8	-0.951	12	0.032769686349271	0.129196936972315	7.62971783062028	0.001073541335658	0.200342318613655	5	-5.99	0	1	2.396	-1.07	-3.466	No
53	E	A1	35.2386772683822	0.462330555699659	47.421245098114	-3.5	-1.018	7	0.002702858156776	0.113000171732784	4.26192737870215	0.000766531546885	0.050907216571694	5	-3.57	0.018	1	1.858	-1.005	-2.863	Yes
54	F	A1	7.76571707427502	0.167527704939194	20.8930501937866	2.8	-0.666	12	0.003874959322955	0.108286019912779	5.72851298804942	0.001286929204038	0.065939411683325	5	-4.07	0.002	0.943	1.413	-1.477	-2.89	No
56	D	A1	41.3763341903687	0.474351055956278	40.8615486621857	-3.5	-0.845	6	0.000302321771817	0.102380581920025	2.92202851006984	0.000726840961558	0.024319594995291	3	-5.95	0.003	1	3.319	-0.924	-4.243	No
58	L	A1	91.9911497758003	0.677799968361231	71.7397042512894	3.8	-0.425	4	1.34832672653237E-06	0.099629040805511	2.0780720109676	0.000542695052591	0.011781418719815	3	-2.04	0.056	1	2.558	-1.466	-4.024	No
62	A	A1	7.05667571723461	0.458398388181873	27.9911807775497	1.8	-0.4	7	0.002906380502481	0.10688758934373	4.17132970906959	0.000860788012129	0.031684015689715	4	-1.13	0.073	0.674	1.679	-1.271	-2.95	No
63	K	A1	100.042908980511	0.722944420902852	87.1162486076355	-3.9	-1.011	4	0.00025952104708	0.10207880856345	3.02613450558876	0.000535645127379	0.015140823582706	3	-3.44	0.084	0.998	1.808	-1.126	-2.934	No
64	P	A1	86.6184076685459	0.871458130678424	70.6142523288727	-1.6	-0.976	4	0.000134360261561	0.098436681875982	3.37117303061576	0.000579399821285	0.007432892142241	3	-6.38	0.003	1	2.883	-0.906	-3.789	No
65	R	A1	35.3401525914669	0.611264754083104	84.7182385921478	-4.5	0.162	8	0.006422005653597	0.124279913117386	4.30917996423691	0.000764260625598	0.101880501041037	5	-5.09	0.006	0.999	1.74	-1.426	-3.166	No
69	M	A1	8.96546164155006	0.17670760909507	19.7930192947388	1.9	-0.708	9	0.00315790672648	0.120634338619488	4.27233772159413	0.000860089343756	0.089385464026249	5	-2.05	0.007	1	1.413	-1.296	-2.709	No
71	L	A1	0	0	0	3.8	-0.7	10	0.008403418423533	0.125035629453682	5.70609784770571	0.00091784775069	0.12641982391129	5	-5.44	0	1	2.714	-1.12	-3.834	No
73	G	A1	0.285522639751434	0.081575178490781	3.84667754173279	-0.4	-0.666	7	0.002421941658939	0.125644452931067	4.20748275206369	0.000682799611729	0.08970836306372	5	-8.31	0	1	3.949	-0.927	-4.876	No
74	P	A1	14.7298343973234	0.297721179196912	24.1243471503258	-1.6	-0.713	6	0.003555450616739	0.124786648966433	4.88673116745503	0.000606819724756	0.082735742849129	5	-7.39	0	1	2.224	-1.063	-3.287	No
75	T	A1	34.257206466049	0.561687879325454	46.5751589536667	-0.7	-0.611	6	0.003830310728052	0.125178350613526	4.22570825507208	0.000593668066209	0.080871797395005	5	-3.82	0.023	0.929	0.693	-1.342	-2.035	No
76	I	A1	0	0	0	4.5	-1.063	10	0.013609007311072	0.128804932954879	5.87197887685422	0.000907165841993	0.15275704648889	5	-5.88	0	1	2.505	-1.253	-3.758	No
79	E	A1	18.4709309339523	0.255055637681323	26.1610567569733	-3.5	-1.018	11	0.003906060037439	0.118334682132902	4.82848912038092	0.00105642130442	0.083307071926764	5	-3.26	0.001	0.999	1.815	-1.136	-2.951	No
80	V	A1	16.1920340331271	0.327797930977884	29.5883524417877	4.2	-1.056	9	0.002683113411579	0.123117223313687	4.67438972415425	0.000863752847537	0.088513435559286	5	-4.06	0	1	2.649	-1.173	-3.822	No
82	D	A1	10.4451066870242	0.2572674966169	22.161536693573	-3.5	-1.033	9	0.002222738150994	0.12080044060951	4.81206621598558	0.000873829775758	0.090003487605976	5	-5.67	0	1	3.23	-1.075	-4.305	No
84	V	A1	0	0	0	4.2	-0.723	9	0.005442554641872	0.124291650925576	4.93381439013737	0.000832754938206	0.132093391024769	5	-3.33	0	1	1.665	-1.167	-2.832	No
88	L	A1	0	0	0	3.8	-0.415	11	0.006428813917307	0.12120095781912	7.06201988250318	0.001013357871738	0.148572811444364	5	1.69	0.468	0.399	1.033	-1.319	-2.352	No
90	N	A1	0.189118608832359	0.083317609558567	7.54365968704224	-3.5	-1.061	12	0.003168693152589	0.114554317548747	5.05773538163328	0.001194319892211	0.092823534918432	5	-4.66	0	1	1.854	-1.144	-2.998	No
91	M	A1	73.7086856011301	0.611866230879944	68.5351365208626	1.9	-1.051	6	0.000364398989273	0.107833497214028	3.93942259629024	0.00063128272246	0.056122107559801	5	-2.6	0.008	1	1.358	-1.397	-2.755	No
93	S	A1	73.8621098995209	0.819148843092676	56.5810680389404	-0.8	-0.787	3	1.63706878875658E-05	0.109048723897912	2.1737998499545	0.000375517103598	0.026142334363075	3	-4.82	0	1	2.656	-1.2	-3.856	No
94	H	A1	7.01639507710934	0.177536225883213	19.6823761463165	-3.2	-0.87	9	0.002883172430083	0.118026905829596	5.21229986317665	0.000896838791585	0.100581038726445	5	-3.2	0.014	1	1.906	-1.424	-3.33	No
96	V	A1	0	0	0	4.2	-0.384	11	0.004710935050091	0.123163313055686	5.94183872678545	0.001012591730165	0.159002270347877	5	-1.33	0.171	0.872	1.448	-1.25	-2.698	No
97	S	A1	0	0	0	-0.8	-0.933	9	0.033077507961454	0.134988203918351	5.36135749119743	0.000818967565238	0.185826017544196	5	-5.31	0	0.999	2.149	-1.294	-3.443	No
98	L	A1	0	0	0	3.8	-0.691	9	0.003561742664896	0.129438379069539	6.23000301097393	0.000805691105135	0.193518499545296	5	-2.91	0.16	1	2.492	-1.105	-3.597	No
104	S	A1	3.95974001148716	0.158032418063638	10.9157732129097	-0.8	-0.933	7	0.004025485122249	0.133225349260984	4.0519141910227	0.000662796270246	0.156132715986199	5	-3.03	0.029	1	2.376	-1.18	-3.556	No
107	K	A1	21.9311287328601	0.442638925250775	53.3388757705689	-3.9	-1.011	9	0.015947671234107	0.13371266002845	5.47711755761605	0.000863616243508	0.221027323610815	5	-5.48	0	1	2.175	-1.147	-3.322	No
110	E	A1	2.73380440473557	0.136005886584053	13.9501237869263	-3.5	-1.018	9	0.005834758943284	0.137297861241523	5.87038746873404	0.000835750189938	0.223343314893009	5	-3.7	0.005	0.999	1.814	-1.259	-3.073	No
114	Y	A1	16.983242476359	0.347840420751779	45.5270934700966	-1.3	-0.941	9	0.00939359072323	0.139156180606958	5.58786789371666	0.000874480224587	0.296909370473377	5	-4.42	0.004	1	2.674	-1.292	-3.966	No
116	D	A1	9.27984939701855	0.204119162309195	17.5832328796387	-3.5	-1.033	6	0.003147490711205	0.129834254143646	3.45658524194573	0.000627292495737	0.125253070646916	5	-8.62	0	1	3.319	-0.924	-4.243	No
117	Q	A1	87.0040485979407	0.74016987289377	78.8532572388649	-3.5	0.575	6	0.002129269989544	0.126648060821865	3.8777237024501	0.000646905773536	0.103257577778426	5	-3.06	0.06	0.999	1.986	-1.704	-3.69	No
118	T	A1	14.7696738410741	0.402544062895529	33.3789536952972	-0.7	-0.758	7	0.004757526876099	0.12394047843285	4.13060737940322	0.00073869559486	0.075353906018464	5	-4.31	0.015	0.989	1.581	-1.121	-2.702	No
122	E	A1	13.1191948875785	0.43957356276005	45.0870603322983	-3.5	-1.018	7	0.041936977167226	0.123521681997372	4.11374728219962	0.000740824092809	0.052922007838102	5	-3.83	0.013	0.999	1.789	-1.119	-2.908	No
125	D	A1	0.477976128458977	0.175405579904598	15.1097874641418	-3.5	-1.033	11	0.045606811457017	0.131507944438893	6.43413210727872	0.001039910567586	0.145818253109684	5	-4.09	0	1	2.101	-1.066	-3.167	No
126	D	A1	14.1052273511887	0.482276695439051	41.5442790985107	-3.5	-1.033	9	0.011010767630912	0.127704997573993	4.8079371100568	0.000882035703428	0.120242718839984	5	-6.5	0	1	3.328	-1.071	-4.399	No
127	K	A1	106.519024745096	0.827886207840025	99.7619438171387	-3.9	-0.145	7	0.003443000937464	0.125476735316552	4.16628861476851	0.000704182261938	0.091153468918082	5	-1.75	0.031	0.257	0.58	-1.657	-2.237	No
128	V	A1	3.6209445297718	0.184782111538034	16.6791725158691	4.2	-0.728	8	0.002611522919452	0.115814485611194	4.40348536764511	0.000816879830804	0.070050195369044	5	-4.72	0	0.991	2.577	-1.246	-3.823	No
130	P	A1	63.6841492056847	0.643232903568212	52.1211621761322	-1.6	-0.976	5	0.000167196791043	0.106861550954121	2.89667687157146	0.000565199075154	0.035973635752421	4	-8.62	0	1	2.883	-0.906	-3.789	No
135	T	A1	19.4799452299485	0.336765134558836	27.9245649576187	-0.7	-1.066	7	0.001636333279616	0.119745222929936	4.12026669209525	0.00070547786913	0.080150044888573	5	-3.29	0.014	0.999	1.662	-1.135	-2.797	No
136	Y	A1	0	0	0	-1.3	-0.941	11	0.006781567142629	0.130142405063291	6.23382602018837	0.000990457426751	0.183607210631316	5	-4.79	0	1	2.667	-1.166	-3.833	No
138	W	A1	0	0	0	-0.9	-0.792	13	0.018617398970264	0.134960516870065	7.23560875203959	0.001138144411341	0.243493329901575	5	-12.45	0	1	3.616	-1.19	-4.806	No
140	V	A1	0.484293341636658	0.073080894151056	6.59657382965088	4.2	-0.729	9	0.004658155075912	0.126368350297676	5.13641147522587	0.000843278735403	0.113811421435473	5	-3.83	0.117	0.991	1.419	-1.337	-2.756	No
143	E	A1	76.5926828235388	0.814082268747168	83.500418305397	-3.5	-1.018	7	0.004303121691079	0.130672227186972	4.06369876950427	0.000686713222122	0.131442958303563	5	-2.14	0.058	1	1.867	-1.119	-2.986	No
144	N	A1	2.45690178871155	0.102732846475188	9.30153465270996	-3.5	-0.903	11	0.00864220083453	0.135307423401193	5.65664945117003	0.000999635304763	0.199079375370772	5	-2.58	0.025	1	1.836	-1.288	-3.124	No
146	P	A1	26.4907222986221	0.34268038016579	27.767391204834	-1.6	-0.976	8	0.000817741858547	0.12300214973362	4.58315391876578	0.000809502311026	0.083309316989185	5	-7.66	0	1	2.335	-0.906	-3.241	No
147	M	A1	51.610788166523	0.451066836471292	50.5239963531494	1.9	-0.543	6	0.000973663838041	0.124727513979718	3.5511132029867	0.000710349659952	0.061331103000774	4	-1.24	0.082	0.993	1.188	-1.619	-2.807	No
150	D	A1	6.99680010974407	0.201014592160375	17.315798997879	-3.5	-1.035	9	0.006354643904275	0.129731861198738	4.72892201247314	0.000968185977761	0.092177411407535	5	-4.69	0.001	0.994	1.089	-1.059	-2.148	No
151	P	A1	44.6551402211189	0.659546416055622	53.4430460929871	-1.6	-0.977	6	0.003332416956458	0.126465500672689	3.76198202265535	0.000632977101947	0.056811576399564	5	-6.13	0.144	1	2.224	-1.063	-3.287	No
153	C	A1	13.1825185809284	0.442511571087445	34.790259718895	2.5	-0.93	6	0.00034878187883	0.1225782414307	3.51069174167169	0.000609153722989	0.070693874617157	5	-10.54	0	1	2.758	-1.253	-4.011	No
155	T	A1	9.15513083338738	0.247487050579529	20.5216262340546	-0.7	-1.067	8	0.005885072244437	0.134849882160057	5.0449871764124	0.000745304353944	0.145726768442149	5	-4.79	0.062	1	1.71	-0.998	-2.708	No
156	Y	A1	5.35519966483116	0.124792085956452	16.3334121704102	-1.3	-0.943	11	0.019116061578836	0.140478223740393	6.68526736462663	0.000967980756916	0.257918129841628	5	-7.58	0.001	1	3.695	-1.023	-4.718	No
157	S	A1	0	0	0	-0.8	-0.522	8	0.004708364073467	0.137211969554791	4.62061602136419	0.000725952660535	0.193052844295911	5	-3.43	0.087	1	2.258	-1.267	-3.525	No
158	Y	A1	0	0	0	-1.3	-0.943	12	0.013388395709756	0.135418810454826	6.94164565408884	0.001059844078443	0.221201040824385	5	-8.62	0	1	3.695	-1.023	-4.718	No
160	S	A1	0	0	0	-0.8	-1.076	8	0.004037306412511	0.132394366197183	4.48880094207971	0.000728946669077	0.194789872783377	5	-4.79	0.001	1	2.442	-1.068	-3.51	No
161	H	A1	12.0290208160877	0.297138646733178	32.941978931427	-3.2	-1.046	9	0.040444221106517	0.14284163681754	6.15018902826516	0.000809982657658	0.303857346668248	5	-3.84	0.043	0.999	1.935	-1.354	-3.289	No
162	V	A1	37.0860533118248	0.420085121044229	37.9185633659363	4.2	-1.057	9	0.012308987511578	0.13231449829077	5.15202521514682	0.000834714207384	0.184273995086263	5	-1.94	0.001	1	2.728	-1.152	-3.88	No
166	K	A1	54.2605621814728	0.426786163255242	51.4285862445831	-3.9	-0.801	10	0.015590201559691	0.129158896849544	5.10033756918005	0.000952096616135	0.250406052185379	5	-2.24	0.069	0.989	1.654	-1.331	-2.985	No
167	D	A1	0	0	0	-3.5	-1.035	11	0.007208474404577	0.131389776357827	5.59941416189523	0.000980711924185	0.29271692078121	5	-4.79	0.004	1	2.155	-0.924	-3.079	No
169	N	A1	0	0	0	-3.5	-1.062	8	0.003018330760814	0.130646282140375	5.06571306139278	0.000770327443545	0.187524776248584	5	-7.66	0.047	1	3.01	-1.008	-4.018	No
170	S	A1	0	0	0	-0.8	-0.647	9	0.003129974530836	0.124810318664643	5.29136491473721	0.000835516242254	0.184519627782582	5	-5.35	0	0.968	1.806	-1.371	-3.177	No
171	G	A1	0	0	0	-0.4	-0.956	5	0.001650920824073	0.12524983344437	4.16802813676278	0.000511128924089	0.096174260719414	5	-8.62	0	1	4.066	-0.922	-4.988	No
172	L	A1	0	0	0	3.8	-0.961	9	0.002538064914323	0.12479848269322	5.581047114631	0.000817600763558	0.186441805540132	5	-3.83	0.001	1	2.501	-0.972	-3.473	No
173	I	A1	0	0	0	4.5	-0.419	8	0.007172171447606	0.134080489047376	5.25770048720445	0.000754456677502	0.131132236368513	5	-4.66	0.008	1	1.93	-1.302	-3.232	No
175	A	A1	0	0	0	1.8	-0.737	9	0.017740187412759	0.135099065804332	5.36775558568177	0.000808808238514	0.172517101313557	5	-2.88	0.029	0.313	0.899	-1.279	-2.178	No
178	V	A1	0	0	0	4.2	-0.569	10	0.003555839314595	0.130529656814124	5.74220389246475	0.000917151677664	0.148241916083737	5	-1.85	0.03	0.057	1.249	-1.248	-2.497	No
179	C	A1	0	0	0	2.5	-0.645	10	0.002770414035597	0.121323868350696	5.32742846329902	0.000955409533575	0.090376080143936	5	-11.49	0.001	1	2.328	-1.111	-3.439	No
181	E	A1	127.671272516251	0.865437411025357	88.7679152488709	-3.5	-0.387	6	0.000169825364679	0.112845138055222	3.12539068241641	0.000632995145027	0.039670059340863	5	-4.33	0.01	1	2.209	-1.005	-3.214	No
182	G	A1	43.1986883878708	0.7104641533444	33.5019371509552	-0.4	-0.962	6	0.000424173194443	0.111017378100219	2.79356681196453	0.000659485432373	0.031908681202824	5	-6.73	0	1	3.026	-0.763	-3.789	No
183	S	A1	26.5968185886741	0.673796680035629	46.541158080101	-0.8	-0.659	8	0.000805454844594	0.112971070478153	3.41889743979113	0.000835001927945	0.04528994651958	5	-2.28	0.006	0	0.566	-1.662	-2.228	No
184	L	A1	51.9611960710026	0.562137963572646	59.497806340456	3.8	-0.967	8	0.008802047122915	0.112229234180454	4.2245881083563	0.000853352851944	0.050070174215731	5	-5.38	0	0.997	2.526	-1.222	-3.748	No
195	F	A1	15.8895180956461	0.24213905520445	30.1981301307678	2.8	-0.958	10	0.013959217785978	0.11961461552445	5.54339003191797	0.000996453575468	0.055148300044725	5	-5.05	0.022	0.999	1.944	-1.209	-3.153	No
197	L	A1	0	0	0	3.8	-0.967	9	0.018008353287015	0.129744651483782	6.29060135990858	0.00082214367545	0.124012896330259	5	-5.35	0	1	2.869	-1.105	-3.974	No
199	F	A1	0	0	0	2.8	-0.958	11	0.014580148881354	0.134615384615385	6.78527492251403	0.000958239720224	0.203847889683685	5	-7.46	0	1	2.31	-1.202	-3.512	No
200	A	A1	0	0	0	1.8	-1.062	5	6.16862175756525E-05	0.124940662679199	3.33529083018855	0.000509143412927	0.078707332172539	5	-4.01	0.001	1	2.574	-1.09	-3.664	No
201	V	A1	0	0	0	4.2	-1.061	8	0.003810143241668	0.130168150346192	4.47595331474385	0.000768771723826	0.117336516680577	5	-2.81	0.042	0.333	0.784	-1.152	-1.936	No
203	D	A1	13.9938308298588	0.271083789894611	23.3516998291016	-3.5	-0.852	5	0.001394388362047	0.124952525636156	3.6656822938194	0.000562725893299	0.062032531104191	4	-7.49	0.001	0.999	2.051	-1.19	-3.241	No
207	S	A1	3.10308834910393	0.296677209772031	20.4923849105835	-0.8	-0.941	8	0.00181941313163	0.121357432681667	4.4600570750387	0.000829906769867	0.109239167683512	5	-4.43	0	0.999	3.241	-1.267	-4.508	No
208	W	A1	29.318813547492	0.416049018906998	61.9559396505356	-0.9	-0.802	7	0.003207274136317	0.122521180523229	4.37716179371439	0.000692570736239	0.139289062804181	5	-10.74	0.001	1	2.149	-1.189	-3.338	No
209	H	A1	40.4422101899982	0.49185870127393	54.529423058033	-3.2	-0.705	8	0.00295007949699	0.116915422885572	4.86531565138547	0.000849635446319	0.078965781437099	5	-4.47	0.002	0.989	2.033	-1.48	-3.513	No
215	S	A1	102.090323328972	0.965629461963685	66.6989238262177	-0.8	0.42	4	3.85236207580678E-07	0.086539093838364	1.65279770444763	0.000774969884831	8.95051916492404E-05	3	-2.15	0.024	0.98	2.751	-1.865	-4.616	No
224	S	A1	81.1101915240288	0.852486353524026	58.883789896965	-0.8	-0.499	4	0.001553945704849	0.083444296493564	2.10426332517444	0.00078200242788	3.57089987662208E-05	3	-2.09	0.006	0.97	3.181	-1.441	-4.622	No
231	M	A1	37.2071163654327	0.393973330431416	44.1289527416229	1.9	-0.193	8	0.004968520154325	0.122521180523229	4.64459937913236	0.000785747638872	0.096428129289221	5	-2.54	0.001	0.846	1.893	-1.893	-3.786	No
233	T	A1	0	0	0	-0.7	-1.07	11	0.01008481035622	0.12647765497357	6.34466446319339	0.000991105058093	0.153375821811549	5	-5.74	0	1	2.418	-0.998	-3.416	No
234	V	A1	0	0	0	4.2	-0.078	9	0.003603795746789	0.125166444740346	5.47390824467129	0.000818743553281	0.126190434639978	5	-3.62	0.001	0.99	2.218	-1.414	-3.632	No
235	N	A1	0	0	0	-3.5	-1.065	11	0.006104978301644	0.12479848269322	6.5671273040877	0.000989462174916	0.128506984506623	5	-4.73	0	0.999	1.825	-1.138	-2.963	No
236	G	A1	0	0	0	-0.4	-0.962	6	0.000928731318612	0.119375907111756	4.27648746291678	0.00058706297539	0.083355971228	5	-8.52	0	1	4.066	-0.922	-4.988	No
237	Y	A1	1.52284547686577	0.081293964630079	10.6401605606079	-1.3	-0.949	12	0.006402524504771	0.120667522464698	6.89085366323322	0.001106422695808	0.121427478844057	5	-8.14	0	1	2.525	-1.368	-3.893	No
240	R	A1	99.328628199175	0.577079993468557	79.9804016947746	-4.5	-1.036	8	0.002521600951996	0.11474409277182	4.47098848417857	0.000785024093632	0.056193358775989	5	-3.67	0.028	1	3.585	-1.513	-5.098	No
241	S	A1	29.7307058572769	0.462788403920432	31.966183423996	-0.8	-1.079	8	0.001909019465376	0.11706102117061	4.06803785138854	0.000785739835868	0.067902284526459	5	-3.63	0.001	1	3.241	-1.267	-4.508	No
242	L	A1	7.18830782175064	0.148017972178953	15.6665182113647	3.8	-0.967	9	0.001592333210113	0.116645984754476	5.13003590625359	0.000844948606646	0.082826776062023	5	-6.37	0	1	2.759	-1.191	-3.95	No
243	P	A1	46.7611683905125	0.467154927626225	37.853563785553	-1.6	-0.983	7	0.001133054403553	0.113536364420671	3.82118788645908	0.000701651089367	0.053450307254728	5	-9.41	0.002	0.997	2.061	-1.063	-3.124	No
244	G	A1	35.6498007923365	0.79639894107078	37.5541920661926	-0.4	-0.962	5	0.000288380939179	0.110942505479683	2.90638850566238	0.000539328208654	0.030103401140391	5	-4.73	0.037	1	2.639	-1.16	-3.799	No
245	L	A1	4.42487677559257	0.154076579728929	16.3077733516693	3.8	-0.966	11	0.007834442992686	0.118836915297092	5.93197271475235	0.001058290215102	0.064571427718205	5	-4.95	0	1	2.817	-0.972	-3.789	No
247	G	A1	0	0	0	-0.4	-0.414	7	0.000565750275735	0.105011171401213	3.83921589432735	0.000774623792205	0.012826223318493	5	-2.6	0.021	0.999	2.289	-1.264	-3.553	No
248	C	A1	0	0	0	2.5	-0.934	8	0.001235960913629	0.104643765903308	4.3580238507428	0.000907986457074	0.01040458770322	5	-9.64	0	1	2.812	-1.111	-3.923	No
250	R	A1	145.027258753777	0.720546438157367	99.8641335964203	-4.5	0.175	5	9.37600432078445E-05	0.099343247527742	2.44117999407788	0.000598733882716	0.004767578397877	5	-3.13	0.007	0.987	3.301	-1.867	-5.168	No
254	Y	A1	73.5964183658362	0.532280874611172	69.6675822734833	-1.3	-0.393	9	0.00679859975502	0.11651173085436	4.4257469168077	0.000957154807373	0.025592890540103	5	-4.05	0.048	1	3.399	-1.407	-4.806	Yes
255	W	A1	0	0	0	-0.9	-0.8	9	0.008094260078213	0.120989243357543	6.14134949520077	0.000887103588792	0.049576618644191	5	-10.62	0	1	3.682	-1.036	-4.718	No
256	H	A1	12.7417249232531	0.290653794285607	32.2230422496796	-3.2	-1.049	6	0.010329312032809	0.129260386995384	4.55343522997991	0.000588033275041	0.083297971675689	5	-6.17	0.001	1	1.955	-1.124	-3.079	No
259	G	A1	0	0	0	-0.4	-0.96	6	0.002383780712372	0.13633067440174	4.17812435093516	0.000568423089023	0.170805981788215	5	-6.51	0	1	2.759	-0.985	-3.744	No
260	M	A1	0	0	0	1.9	-0.724	10	0.014333886376096	0.138540899042004	5.79152134142708	0.000915350619507	0.188180936804098	5	-4.7	0	0.925	1.85	-1.567	-3.417	No
261	G	A1	0	0	0	-0.4	-0.96	5	0.002678201133491	0.13558623531836	3.64312435549065	0.000505475782116	0.135596617143578	5	-5.19	0	1	3.026	-0.763	-3.789	No
262	T	A1	0	0	0	-0.7	-0.922	8	0.002075862192229	0.135740072202166	4.75921257313409	0.000740847560406	0.309996009539041	5	-3.71	0.02	1	2.512	-0.998	-3.51	No
264	P	A1	30.5367527604103	0.524325869811048	42.4861252307892	-1.6	-0.735	6	0.004203499499437	0.141535814153581	3.79542779410799	0.000587536604531	0.258334760888633	5	-8.38	0.034	1	2.533	-0.906	-3.439	No
265	E	A1	36.708943836391	0.448630700348948	46.0160509347916	-3.5	-0.205	6	0.006866299107663	0.136373056994819	4.02115403551384	0.000595454684012	0.158116978636483	5	-3.4	0.003	0.992	1.77	-1.2	-2.97	No
266	V	A1	2.12964424490929	0.207981646594496	18.7732553482056	4.2	-0.739	11	0.039015515884723	0.146092362344583	6.94159549764696	0.000960346755552	0.345429415588679	5	-2.02	0.052	0.985	2.675	-1.248	-3.923	No
269	I	A1	0	0	0	4.5	-0.267	12	0.014584909625555	0.131560531840448	6.13823536498113	0.001052342172798	0.178940906222427	5	-4.42	0.003	1	2.055	-1.216	-3.271	No
271	L	A1	4.93879577517509	0.127141421975756	13.456902384758	3.8	-0.699	8	0.007648162613443	0.117752326413744	4.33416835832028	0.000818373280976	0.037715845071455	5	-5.14	0.001	1	2.847	-1.178	-4.025	No
273	G	A1	41.8883801698685	0.964534503887016	45.4826245307922	-0.4	-0.69	4	0.006062754916896	0.109302325581395	2.67079878402195	0.000481369530335	0.011029247530814	4	-6.82	0	1	2.579	-0.985	-3.564	No
275	T	A1	7.95318771526217	0.520313743571987	43.1444156169891	-0.7	-1.069	7	0.010267206907974	0.119669000636537	4.86597215169271	0.000715650252258	0.031977660225397	5	-4.53	0.037	1	2.566	-0.998	-3.564	No
277	L	A1	41.2786860250635	0.55594404606801	58.8422297239304	3.8	-0.711	7	0.006115520887961	0.126416906820365	4.33882298201373	0.000729361465849	0.033310489918825	5	-1.5	0.176	0.47	1.036	-1.309	-2.345	Yes
278	V	A1	2.44504797458649	0.140045869966396	12.6411004066467	4.2	-0.751	10	0.010949930941013	0.131982749974927	5.13998906392538	0.000965220571007	0.071884507648372	5	-1.49	0.049	1	2.847	-1.039	-3.886	No
280	N	A1	43.2573533095419	0.616121105284002	55.7842209935188	-3.5	-0.76	7	0.010260452207553	0.129374754227291	3.90008964439702	0.000748653570961	0.036039898972791	5	-5.29	0.005	1	2.529	-1.346	-3.875	No
281	H	A1	17.1335900695995	0.3275934567543	36.3183209896088	-3.2	-0.886	10	0.026062066992157	0.130828114126653	4.85996539631275	0.001009709726147	0.048403412155058	5	-5.92	0.001	1	1.955	-1.124	-3.079	No
284	A	A1	6.77101284265518	0.398854915695486	24.3552777171135	1.8	-0.906	4	0.005345861049976	0.121964782205746	3.06530637180035	0.000442318021453	0.036792508889488	4	-2.81	0.094	1	2.212	-1.308	-3.52	No
285	S	A1	0	0	0	-0.8	-0.808	7	0.001612687488528	0.127174333204484	3.59233737763214	0.000687273098285	0.072714213336066	5	-3.59	0.009	0.997	2.464	-1.2	-3.664	No
286	L	A1	0	0	0	3.8	-0.966	9	0.012451771514465	0.134217236104029	5.0513029709326	0.000835422867826	0.110587342424329	5	-4.42	0.001	1	2.494	-0.972	-3.466	No
288	I	A1	0	0	0	4.5	-0.909	9	0.010662039322017	0.138643067846608	5.81612002713329	0.000811719896729	0.198401479552896	5	-4.76	0	1	2.34	-1.126	-3.466	No
289	S	A1	1.87324133887887	0.185520401332063	12.8144506812096	-0.8	-1.078	7	0.004560861790914	0.142810634834509	4.28298091341951	0.000645418907105	0.253708406666652	5	-2.69	0.65	1	2.146	-1.068	-3.214	No
294	L	A1	19.2745457328856	0.334066460388989	35.3582623004913	3.8	-0.966	8	0.013567549909943	0.139377250582504	5.13904937747639	0.000768914137756	0.119406175458499	5	-3.99	0.01	1	2.817	-0.972	-3.789	No
295	T	A1	17.5561953634024	0.614101328656573	50.9212821722031	-0.7	-1.069	6	0.005655686972539	0.127940890530819	4.41900824719403	0.000615934528009	0.053989541668617	5	-4.42	0.005	1	1.71	-0.998	-2.708	No
296	A	A1	0.177446931600571	0.053748851297779	3.28206610679626	1.8	-0.754	7	0.006470606665536	0.125095057034221	4.55255164432226	0.000705403066212	0.046371344445119	5	-2.7	0.015	0.993	1.87	-1.075	-2.945	No
299	L	A1	57.4949524402618	0.60166180200271	63.6810884475708	3.8	2.657	6	0.007183923291563	0.105855855855856	3.51815015682482	0.000688498712398	0.0080748724882	5	-2.45	0.032	0.999	2.289	-1.726	-4.015	No
302	D	A1	68.3741040639579	0.761726883111971	65.6166771650314	-3.5	-0.312	6	0.000210496582537	0.099553672743778	2.93923134447034	0.000688556582128	0.008242469029359	5	-4.56	0.014	1	2.685	-0.924	-3.609	No
304	G	A1	30.9156659841537	0.5429496113916	25.6027889251709	-0.4	-0.702	3	2.8158465044445E-06	0.102348732306735	2.24456539241892	0.000391806795775	0.00656705980306	3	-7.26	0	1	3.026	-0.763	-3.789	No
305	Q	A1	124.384101482108	0.873965708756077	93.1070628166199	-3.5	-0.293	4	7.35423436482352E-06	0.105179028132992	2.58157480716734	0.000470538737745	0.013162110116613	4	-3.36	0.013	1	2.012	-1.658	-3.67	No
306	F	A1	27.5608664229512	0.277424339631998	34.598699092865	2.8	-0.957	11	0.004592215625734	0.109493302271404	5.49404816168151	0.001149434637081	0.028667356098258	5	-6.39	0	1	2.396	-1.07	-3.466	No
307	L	A1	14.0874931223989	0.265899015566368	28.1432836055756	3.8	-0.699	9	0.003706672709075	0.116470484113638	4.41330265288053	0.000875558862608	0.057414162726343	5	-5.23	0.006	1	2.988	-0.972	-3.96	No
308	L	A1	0	0	0	3.8	-0.443	9	0.01251410225277	0.125381097560976	5.54135582419387	0.00084861242341	0.084415689151874	5	-0.6	0.146	0.683	1.277	-1.378	-2.655	No
309	F	A1	26.5586704015732	0.277590684355312	34.6194446086884	2.8	0.944	10	0.010252416680787	0.123893805309735	5.54724392578788	0.000913040103675	0.122243166461805	5	-3.13	0.252	0.993	1.517	-1.449	-2.966	No
311	H	A1	21.6039050519466	0.475855769748415	52.7552740573883	-3.2	-0.361	9	0.019250592542147	0.129082883766552	5.48455797801568	0.000819692124038	0.129523447140541	5	-1.57	0.218	0.005	0.585	-1.728	-2.313	No
312	I	A1	0	0	0	4.5	-1.063	10	0.006699815947142	0.134711843586856	5.2598377710485	0.000914617245172	0.171694241802325	5	-3.45	0.034	1	2.347	-1.126	-3.473	No
318	D	A1	64.3204520493746	0.724892608273207	62.4436990618706	-3.5	-0.073	6	0.000193982016701	0.124127523108847	3.57103352817551	0.000586929897649	0.091314099142658	5	-3.9	0.02	1	2.92	-1.355	-4.275	No
321	E	A1	22.9789283275604	0.30006672004818	30.7778434753418	-3.5	-1.023	7	0.00090319778321	0.11943007532444	4.32009808268231	0.000679286289574	0.070353799326217	5	-2.27	0.064	0.96	0.802	-1.212	-2.014	No
323	Y	A1	63.8358739614487	0.561018143490036	73.4288597106934	-1.3	-0.947	7	0.001186027568928	0.112796777234936	4.10064413533281	0.000720783901696	0.034509392483541	5	-5.8	0.003	1	3.385	-1.38	-4.765	No
325	K	A1	95.6638844609261	0.640415193249055	77.1713116168976	-3.9	0.452	8	0.002685615180089	0.109266024576553	4.68721785549157	0.000880500012909	0.01960412291107	5	-1	0.247	0.127	0.801	-1.718	-2.519	No
326	V	A1	4.57760715484619	0.106503077456897	9.61339378356934	4.2	-1.06	8	0.000659403555625	0.10299757376536	3.80717745905887	0.000899185917865	0.011302925419787	5	-2.39	0.002	0.882	1.289	-1.205	-2.494	No
329	C	A1	21.2854628413916	0.528054777461741	41.5156666040421	2.5	-0.934	3	0.001002915794987	0.100381388253242	2.57128685588316	0.000441485426431	0.003287528302442	3	-9.88	0	1	2.903	-1.111	-4.014	No
373	S	A2	136.786532819271	1.11225018492929	76.8264570236206	-0.8	-1.078	2	0	0.090677323778681	1.32786885245902	0.000374106172009	0.001303111894202	2	-3.21	0.023	0.999	2.442	-1.068	-3.51	No
375	A	A2	64.1950625088066	0.935314121867617	57.1130862236023	1.8	-1.061	3	2.40772629737924E-06	0.09071482732474	1.8671242700543	0.000496021937398	0.001774560923584	2	-1.55	0.026	0.994	1.842	-0.949	-2.791	No
376	K	A2	47.4947358071804	0.795273897082034	95.8320951461792	-3.9	-1.016	5	0.000601067270477	0.095452237615145	2.97575312270389	0.000717151561112	0.004276844735147	3	-2.63	0.014	1	1.834	-1.012	-2.846	No
377	K	A2	208.248791666236	1.01557651343036	122.379001021385	-3.9	-0.599	1	0	0.077207392197125	1	0.000361709306333	3.71146108535862E-05	1	-3.15	0.006	1	3.102	-1.331	-4.433	Yes
380	K	A2	66.9147816263139	0.579968350552632	69.8873461782932	-3.9	-1.016	5	0.000823028170773	0.093899393506957	2.82494988765593	0.000652074080877	0.006465945039645	3	-2.57	0.018	1	1.834	-1.012	-2.846	No
382	W	A2	18.306685090065	0.183521592944847	27.329118013382	-0.9	-0.8	10	0.003649351211287	0.097938527945226	5.00618090383055	0.001103159211193	0.019743644480821	5	-12.42	0.135	1	2.978	-1.036	-4.014	No
385	Y	A2	49.209848433733	0.410892200437182	53.7796256542206	-1.3	-0.664	10	0.002087204552192	0.092480674631061	5.33897463074184	0.001018882224865	0.036527878114121	5	-8.13	0	1	2.521	-1.29	-3.811	No
386	I	A2	0.940331680234522	0.101708669201609	10.7106348276138	4.5	-0.909	12	0.008239492724556	0.100935726338395	6.91622287201429	0.001102436672741	0.072841271628907	5	-3.63	0	0.999	2.347	-1.126	-3.473	No
390	E	A2	59.1824477883056	0.51899085363775	53.2328918576241	-3.5	-1.023	7	0.001109610860048	0.098157678824495	4.10392605482831	0.000701075169704	0.057207659914442	5	-6.24	0	1	2.209	-1.005	-3.214	No
392	D	A2	94.5768858492374	0.873197045580533	75.2189399003983	-3.5	-0.481	2	0.000110452879342	0.090452952092927	2	0.000319587900678	0.007044008366814	2	-4.14	0.243	0.944	1.932	-1.164	-3.096	No
394	D	A2	27.2552267313004	0.441336216060494	38.0175843238831	-3.5	-0.853	7	0.000388958879232	0.104089219330855	4.00806378343719	0.000666072044579	0.130114918490506	5	-5.58	0.006	0.999	3.254	-1.051	-4.305	No
395	Y	A2	0	0	0	-1.3	-0.947	13	0.007469123071366	0.111355559316297	7.09740588641283	0.00113362383904	0.236304866487729	5	-7.99	0	1	3.695	-1.023	-4.718	No
403	D	A2	78.8421714901924	0.71645753527725	61.7170850038528	-3.5	2.055	4	1.90062957904502E-05	0.08969465648855	2.0608228980322	0.000615842694941	0.004186220177562	3	-1.38	0.045	0.561	2.252	-2.12	-4.372	No
405	R	A2	221.744049869478	0.944764528350571	130.939639806747	-4.5	1.835	3	0	0.089135735573015	1.43680709534368	0.000485087954256	0.002817860814727	3	-2.26	0.304	0.255	0.54	-1.89	-2.43	Yes
408	K	A2	59.885095410049	0.391015080352579	47.1180992126465	-3.9	-0.168	9	0.003562848888704	0.101763068357563	4.93220318681399	0.000969861297791	0.068713664913295	5	-2.37	0.056	0.034	0.594	-1.633	-2.227	No
412	L	A2	3.34778356552124	0.071925980526539	7.61278963088989	3.8	-0.966	10	0.00299208518375	0.107771681270985	5.56193113828858	0.000954094269003	0.122220983630546	5	-4.91	0.007	1	2.292	-1.215	-3.507	No
418	R	A2	32.3232757457299	0.406739547391222	56.3720675706863	-4.5	0.311	11	0.00547494845538	0.097582678333086	5.85396975963121	0.001126987897316	0.05480632004325	5	-4.55	0.007	0.999	3.659	-1.488	-5.147	No
423	Y	A2	0.324214547872543	0.054089301782901	7.07947826385498	-1.3	-0.947	9	0.005042730503059	0.103965871385685	5.44390004744645	0.000836403635583	0.117731183675297	5	-4.32	0	1	2.613	-1.023	-3.636	No
425	K	A2	0	0	0	-3.9	-1.016	9	0.005920754743269	0.107297187117815	6.44613400742124	0.000851924397581	0.125989521221573	5	-2.71	0	1	1.877	-1.012	-2.889	No
427	R	A2	42.6112919794396	0.388666692288081	53.8672602176666	-4.5	-0.657	10	0.007196476574978	0.106163278476928	6.50719356189516	0.000921021836839	0.14260224695247	5	-2.93	0.047	1	2.113	-1.101	-3.214	No
428	F	A2	0.372683078050613	0.067721949162457	8.44587516784668	2.8	-0.957	9	0.004298667504071	0.106043513295729	6.267314062722	0.000833588527501	0.084351191960615	5	-6.45	0	1	2.212	-1.269	-3.481	No
431	Y	A2	3.01730847358704	0.125065972680518	16.3692598342896	-1.3	-0.663	12	0.00244172064392	0.092539202587722	5.25600945489599	0.001235481844444	0.041969584444586	5	-7.89	0	1	2.731	-1.023	-3.754	No
435	T	A2	72.3560853488743	0.716491367755969	59.411464214325	-0.7	-0.921	4	0.000656423458599	0.084608460846085	2.69325295617899	0.000536707104985	0.009158726965541	3	-4.56	0.001	1	2.418	-0.998	-3.416	No
436	F	A2	8.9287678853143	0.127230447670398	15.867418050766	2.8	-0.957	11	0.002898566127178	0.092305534123588	5.17960457829464	0.001095537398625	0.043752284405289	5	-7.05	0	1	3.648	-1.07	-4.718	No
447	G	A2	7.59832016006112	0.406387152847259	19.1631861925125	-0.4	-0.96	9	0.002572343818002	0.107771681270985	4.60614181372699	0.000820107339408	0.19376583555089	5	-6.2	0	1	3.026	-0.763	-3.789	No
450	G	A2	4.02021408081055	0.241425702003315	11.3844289779663	-0.4	-0.96	6	0.000302591013804	0.108125872976748	3.68733483211824	0.000586817305306	0.085666231507795	5	-5.31	0	0.999	1.945	-0.763	-2.708	No
453	L	A2	0.66893681883812	0.068217612243636	7.22028851509094	3.8	-0.966	10	0.016813320523905	0.109021622069423	6.55080266009318	0.000936887411682	0.080946586127741	5	-5.58	0	1	3.789	-0.972	-4.761	No
456	E	A2	9.18589999899268	0.214827138568454	22.0348196029663	-3.5	-1.023	10	0.00221771455204	0.102205653929792	4.56990753881896	0.001095454864636	0.021314349407951	4	-1.11	0.12	1	2.075	-1.005	-3.08	No
459	D	A2	4.54124553501606	0.209940149343962	18.0846643447876	-3.5	-1.038	9	0.006504048850575	0.100404364080262	4.62422653142043	0.001051241132735	0.016498466117294	5	-4.42	0.005	1	2.155	-0.924	-3.079	No
461	L	A2	0	0	0	3.8	-0.966	7	0.000410465901376	0.098084519639264	4.2778223817324	0.000745944589386	0.02274762852671	5	-5.1	0	1	2.988	-0.972	-3.96	No
463	I	A2	0	0	0	4.5	-0.896	10	0.005190290191675	0.100796568627451	5.48240760341899	0.000959907305317	0.047672057021039	5	-5.08	0	1	2.179	-1.302	-3.481	No
465	F	A2	0	0	0	2.8	-0.963	10	0.002750349218338	0.098473510924873	6.11142889074265	0.000935551819232	0.059550624086696	5	-5.67	0	1	2.089	-1.07	-3.159	No
469	A	A2	7.45388877391815	0.221824715495639	13.5452826023102	1.8	-1.061	8	0.000769036928017	0.09805528649132	4.36216979118869	0.000782315414248	0.056972366180864	5	-4.29	0.011	1	2.561	-0.949	-3.51	No
470	S	A2	70.0416663885117	0.771975885913435	53.3226903676987	-0.8	-0.941	4	4.05535338624443E-06	0.091376197750313	2.41046514569683	0.000442143130742	0.030527104657135	4	-2.61	0.006	0.999	2.011	-1.068	-3.079	Yes
471	R	A2	58.2456583157182	0.383942794858293	53.2125516533852	-4.5	-1.035	8	0.001316653716089	0.096900080995508	4.39509303966851	0.000772649874211	0.061952197670281	5	-5.57	0.001	1	2.113	-1.101	-3.214	No
474	N	A2	0.016270132735372	0.053107949814507	4.80844688415527	-3.5	-0.917	9	0.006940647962476	0.104818797291916	5.4266965830233	0.000867265681744	0.056161827505391	5	-3.35	0.004	1	1.866	-1.008	-2.874	No
476	Y	A2	30.0001217547688	0.251716135129001	32.9458663463593	-1.3	-0.401	8	0.005884018099657	0.106009344288706	5.31137823151655	0.000808710753526	0.042141413255612	5	-8.01	0.005	1	2.373	-1.353	-3.726	No
477	P	A2	0.73901230096817	0.11960155181527	9.69131374359131	-1.6	-0.74	7	0.001393751047385	0.106705586637477	4.22082313766605	0.000696438600086	0.045040172048589	5	-6.69	0	1	2.883	-0.906	-3.789	No
483	V	A2	17.0717781111598	0.316563202939029	28.5742609500885	4.2	-1.06	8	0.005311905325529	0.102724221372258	4.56935994843334	0.000837581624443	0.025324515885286	4	-3.66	0.065	1	2.735	-1.039	-3.774	No
506	G	A2	57.7848925590515	0.903949529239095	42.6257400512695	-0.4	-0.962	3	0	0.089365747657205	1.91857883049593	0.00037456653587	0.013250126220103	3	-6.06	0.001	1	2.946	-0.931	-3.877	No
511	Y	A2	3.75460440479219	0.102784451750887	13.4529429674149	-1.3	-0.949	11	0.00486897353385	0.095848506919155	6.29712548571312	0.00111078523271	0.032680860388642	5	-4.62	0	1	2.667	-1.166	-3.833	No
515	V	A2	1.35560071468353	0.062374578219171	5.63017892837524	4.2	-0.742	9	0.004381863185149	0.107244723331432	4.86607358072854	0.000942023563459	0.02869620593677	5	-6.07	0	1	2.122	-1.364	-3.486	No
520	G	A2	0.270029701292515	0.109713647110492	5.17354702949524	-0.4	-0.962	9	0.006313389215216	0.116956985424813	4.391857619749	0.000891477486509	0.041223115648176	5	-2.83	0.12	1	2.758	-0.763	-3.521	No
521	P	A2	10.4379487598198	0.285408918495371	23.1266846656799	-1.6	-0.983	7	0.010274936060751	0.116542685086787	4.92787925338946	0.000728193835516	0.033476183130833	5	-7.33	0.004	1	1.174	-1.059	-2.233	No
522	T	A2	23.5029349327087	0.433296143462332	35.9289162158966	-0.7	-1.07	8	0.009216112691346	0.123394280356306	3.76394490854609	0.000867498523359	0.029698103675318	5	-2.83	0.044	0.998	1.551	-1.277	-2.828	No
525	D	A2	15.9270399212837	0.192923394829559	16.6188070774078	-3.5	-1.039	7	0.007577706887281	0.1224983710323	4.19594015686683	0.000735152728131	0.034513717287586	5	-4.72	0.023	1	2.116	-1.051	-3.167	No
526	P	A2	17.9294805874233	0.492013770386744	39.8678758144379	-1.6	-0.983	5	0.001618148251554	0.118708280714415	3.21498954652508	0.000545144181323	0.037880765643574	4	-5.43	0.001	0.997	1.094	-1.351	-2.445	No
527	R	A2	103.86833728198	0.73497433279486	101.863767653704	-4.5	-1.036	6	0.000815956427307	0.108904336312479	3.98887749065369	0.000677350156927	0.023007494105577	4	-5.65	0.001	1	3.773	-1.452	-5.225	No
530	T	A2	0	0	0	-0.7	-1.07	8	0.003168173095245	0.122726848829619	4.42486733201215	0.000746863924717	0.144803378917679	5	-4.62	0.001	1	2.214	-1.135	-3.349	No
532	Y	A2	0.282935351133347	0.033399363537179	4.37147569656372	-1.3	-0.949	9	0.020912875247022	0.125393044306813	5.2140312430993	0.000818971016518	0.140898259705562	5	-4	0.015	1	3.502	-1.231	-4.733	No
533	Y	A2	0	0	0	-1.3	-0.949	12	0.011890112895522	0.11442483262325	6.47098846589748	0.001086925254142	0.108117608166876	5	-4.52	0	1	2.641	-1.172	-3.813	No
541	R	A2	78.4572659377009	0.459863019757656	63.7347152233124	-4.5	0.309	10	0.005188391242464	0.114604197509362	4.41403466960688	0.000893776551953	0.124725532614262	5	-5.8	0.001	1	1.845	-1.426	-3.271	No
542	D	A2	0	0	0	-3.5	-1.039	13	0.016066384867421	0.115165835302354	5.91833454177126	0.001128212475002	0.156757149027519	5	-4.66	0.003	1	2.175	-1.081	-3.256	No
544	A	A2	4.29003867506981	0.218682797251106	13.3534276485443	1.8	-1.062	9	0.004413947947326	0.115357643758766	4.75048132578766	0.000815419100665	0.129755154184157	5	-3.73	0.035	0.999	1.719	-1.09	-2.809	No
545	S	A2	0	0	0	-0.8	-1.079	8	0.006787665696687	0.112526720820864	4.85227476457262	0.000731642273922	0.110267254866338	5	-5.45	0.011	0.973	0.963	-1.2	-2.163	No
546	G	A2	0	0	0	-0.4	-0.962	7	0.001672781057027	0.115075201119272	4.4748032009521	0.000643785815023	0.129482104082367	5	-7.43	0	1	2.912	-0.922	-3.834	No
547	L	A2	0	0	0	3.8	-0.967	9	0.003240082032718	0.109329567167899	6.26229781986243	0.000819023758011	0.109766907589802	5	-3.5	0	0.996	1.204	-1.184	-2.388	No
548	I	A2	0.291044648736715	0.074109893293568	7.8042905330658	4.5	-1.064	8	0.002327418657263	0.114914425427873	5.19975520785208	0.000735588795668	0.14575338376978	5	-3.3	0.017	1	2.366	-1.26	-3.626	No
549	G	A2	0	0	0	-0.4	-0.962	6	0.000372279767485	0.114117238987166	3.57420702365626	0.000581021103351	0.094765049578934	5	-8.35	0	1	1.574	-1.065	-2.639	No
550	P	A2	2.9667184650898	0.130973367739295	10.612771987915	-1.6	-0.983	11	0.020629950227193	0.118901337188291	6.20829432332629	0.000988045522309	0.156679010476472	5	-6.35	0	1	2.771	-1.063	-3.834	No
553	I	A2	0	0	0	4.5	-1.064	12	0.007872783207689	0.114554317548747	6.57070540167325	0.001162733711719	0.069804090920336	5	-3.7	0	1	2.345	-1.216	-3.561	No
554	C	A2	0	0	0	2.5	-0.936	9	0.002337137462193	0.108419838523645	5.07838996103012	0.00095697597945	0.031866570923558	4	-10.14	0	1	2.813	-1.25	-4.063	No
557	E	A2	30.5222965332214	0.610507002371473	62.619703233242	-3.5	-0.406	9	0.00505226134723	0.09970452306993	4.59831783058388	0.001180429993854	0.010342137097893	4	-1.53	0.303	0.654	0.789	-1.501	-2.29	No
558	S	A2	0	0	0	-0.8	-1.079	8	0.001447960100497	0.104868913857678	4.22773006104337	0.000889559383584	0.022229088073281	4	-3.72	0.001	0.999	2.258	-1.267	-3.525	No
559	V	A2	1.35744190216064	0.078748311703165	7.10813760757446	4.2	-0.903	9	0.004822427319639	0.104138640500119	4.81225838658971	0.001061328118433	0.01960474665376	4	-2.84	0.001	1	1.669	-1.039	-2.708	No
560	D	A2	48.2815155386925	0.472727998409939	40.7217352390289	-3.5	-1.039	6	0.000761102002883	0.095045500505561	2.87412401312872	0.000840314529542	0.005307538570382	3	-5.54	0.112	1	2.006	-1.071	-3.077	No
563	G	A2	10.1432346850634	0.403261672602316	19.0158041715622	-0.4	-0.962	5	0.0007511759335	0.097351679242492	3.231799407935	0.000635264216378	0.009874549124392	3	-6.76	0.01	1	3.026	-0.763	-3.789	No
564	N	A2	87.2535695058759	0.727710116013722	65.8876016139984	-3.5	-1.065	5	0.002495130493443	0.102039233930371	2.5684259591763	0.000682443939086	0.010842701354102	3	-2.39	0.089	1	1.783	-1.008	-2.791	No
565	Q	A2	14.9098466411233	0.369854398555864	39.4020684957504	-3.5	-0.856	8	0.011719541585613	0.111800186900008	4.99558746514368	0.000874980933281	0.061794624855615	4	-3.22	0.017	0.99	1.703	-1.16	-2.863	No
567	M	A2	127.07251650095	0.837801113883019	93.842102766037	1.9	-1.056	4	0.001134941988664	0.108625670656211	3.57164098832611	0.000497068985483	0.024638624426793	4	-1.97	0.261	1	1.413	-1.296	-2.709	No
569	D	A2	92.3995300829411	0.771150485254397	66.4284451007843	-3.5	-1.039	4	0.000139604694016	0.105061472137953	2.61194029850746	0.000512011958838	0.01799285487761	4	-6.48	0	1	3.387	-0.924	-4.311	No
574	I	A2	0	0	0	4.5	-0.91	11	0.008755671755164	0.123719093729435	6.60631750686859	0.000942278830711	0.317104618900703	5	-4.03	0	1	2.677	-1.316	-3.993	No
575	L	A2	0	0	0	3.8	-0.967	9	0.00555229876606	0.120989243357543	5.47636688199618	0.000783993580909	0.268799581489642	5	-4.3	0.001	1	3.008	-0.972	-3.98	No
576	F	A2	0	0	0	2.8	-0.958	15	0.017791108291081	0.130426164519326	7.58282082600911	0.001256845009858	0.395376066918659	5	-7.38	0.005	1	2.396	-1.07	-3.466	No
580	D	A2	12.4028229936957	0.293079372102307	25.246443271637	-3.5	-1.039	7	0.001887450294798	0.107957342083675	4.72836670502206	0.000697041907385	0.073686170886476	5	-6.62	0	1	3.387	-0.924	-4.311	No
581	E	A2	0	0	0	-3.5	-1.024	10	0.005816341802286	0.109220682214292	5.77879019273729	0.000909693650859	0.134617007847503	5	-2.89	0.001	0.999	2.075	-1.005	-3.08	No
582	N	A2	45.8042969107628	0.572880192537976	51.8691455125809	-3.5	-1.065	6	0.000426839461563	0.100053219797765	3.80714549236219	0.000595655311981	0.063640553425346	5	-4.56	0.002	1	1.866	-1.008	-2.874	No
583	R	A2	104.963062749244	0.658174106674693	91.219640314579	-4.5	2.43	6	0.003866100513836	0.108330589397432	3.70954333335313	0.000587539231977	0.071045394390829	5	-4.2	0.015	0.959	1.598	-1.722	-3.32	No
584	S	A2	0.167594149708748	0.093305909825033	6.44491910934448	-0.8	-1.079	8	0.002698733214081	0.106069154509551	4.59857558064253	0.000747314570408	0.087092861594337	5	-4.62	0	1	3.425	-1.068	-4.493	No
585	W	A2	43.3444690108299	0.334754845287755	49.850017786026	-0.9	-0.802	9	0.006162651950547	0.105179028132992	5.12903201340458	0.00081695639123	0.100549160366694	5	-12.93	0.025	1	2.978	-1.036	-4.014	No
590	N	A2	0.487137019634247	0.083997455761703	7.60521364212036	-3.5	-0.913	11	0.002777352597929	0.095897398528019	4.85224338466191	0.001058888447437	0.077565169140736	5	-7.51	0	1	3.01	-1.008	-4.018	No
595	L	A2	10.0149493217468	0.128715478590707	13.6235036849976	3.8	-0.967	11	0.003687841134536	0.092176227498774	5.87771479967268	0.00114870638145	0.046557487086272	5	-2.59	0.03	0.99	2.386	-1.424	-3.81	No
601	V	A2	27.0062326851767	0.34295324789847	30.9563319683075	4.2	-0.247	8	0.002094937239236	0.091420632163946	5.13330204494379	0.000894776447047	0.027974512132629	4	-2.03	0.023	0.911	2.615	-1.35	-3.965	No
605	D	A2	34.5248167514801	0.440131214429956	37.9137830734253	-3.5	-1.039	7	0.000415978819328	0.094689883436466	3.10287616630139	0.000764290216082	0.030296263162036	4	-8.25	0.021	0.999	2.685	-0.924	-3.609	No
616	S	A2	0	0	0	-0.8	-0.935	8	0.003378268632206	0.120911429621463	5.02132177925112	0.000707688168292	0.237285906718387	5	-1.66	0.001	0.998	2.011	-1.068	-3.079	No
619	G	A2	0	0	0	-0.4	-0.967	8	0.001612907253156	0.113968996276089	4.79270297383456	0.000704186991958	0.232048509964948	5	-4.82	0.001	1	2.253	-0.763	-3.016	No
620	Y	A2	44.1377823650837	0.345406091645398	45.2084763050079	-1.3	-0.954	12	0.004993093737824	0.113145903189752	6.28084708557147	0.001031516951529	0.290632646049136	5	-6.44	0	1	3.617	-1.146	-4.763	No
622	F	A2	19.5162860974669	0.304949446908761	38.0314653217793	2.8	-0.964	11	0.008336550534005	0.111534875836935	6.35519577675375	0.001031333090986	0.149155613106776	5	-4.22	0.057	1	2.396	-1.07	-3.466	No
625	L	A2	5.20747315883637	0.162951412980504	17.2471034526825	3.8	-0.972	10	0.0046213837637	0.113116726835138	5.56825865011324	0.000921297252511	0.207732499137555	5	-1.21	0.01	0.995	1.737	-0.972	-2.709	No
626	Q	A2	65.916225218779	0.720099256147296	76.7150541543961	-3.5	-0.865	4	0.000253022725802	0.106584595448287	2.87575825657156	0.000456659515064	0.054235768384229	4	-2.87	0.116	0.992	1.949	-1.75	-3.699	No
630	C	A2	48.0327281281352	0.49635106690571	39.0231208801269	2.5	-0.942	7	0.000785055944067	0.109021622069423	3.21137320240308	0.000820127237489	0.033780286796412	4	-9.87	0.002	1	2.903	-1.111	-4.014	No
631	L	A2	12.2745800018311	0.397941527193009	42.1189271211624	3.8	-0.972	9	0.003800850456861	0.109538871316797	4.14633983025935	0.001073248300738	0.037143234371132	4	-1.39	0.144	0.997	1.737	-0.972	-2.709	No
632	H	A2	143.045725882053	0.937864802662713	103.975443482399	-3.2	-0.719	3	0	0.108500288564597	1.98261114869901	0.00040700441609	0.01787372905233	3	-4.11	0.065	1	2.573	-1.251	-3.824	No
634	V	A2	40.7775956094265	0.471677898906345	42.5755338668823	4.2	-1.065	7	0.001865404283376	0.113654028845323	4.14413875697652	0.000809179016134	0.050221731448883	4	-2.33	0.035	1	2.847	-1.039	-3.886	No
635	A	A2	0	0	0	1.8	-0.919	8	0.001322705053472	0.117910581489114	4.29809537053482	0.000810001916838	0.098029218638786	5	-2.89	0.005	1	2.156	-1.154	-3.31	No
636	Y	A2	17.9577897489071	0.265250776332936	34.7173478603363	-1.3	-0.959	12	0.012802896769621	0.118708280714415	5.90382926068013	0.001178789344839	0.133742869460602	5	-4.7	0.062	1	3.341	-1.262	-4.603	No
637	W	A2	0	0	0	-0.9	-0.809	14	0.020397365728287	0.124456213353509	7.65856830479534	0.001264532810246	0.230406032615084	5	-12.13	0	1	2.978	-1.036	-4.014	No
638	Y	A2	0	0	0	-1.3	-0.403	13	0.019007453559883	0.122191272051996	6.91027065936745	0.001165598069299	0.218814949256892	5	-5.39	0.001	1	3.351	-1.526	-4.877	No
639	I	A2	0	0	0	4.5	-1.068	12	0.020834785219239	0.130737134909597	6.58709638766209	0.001046292908687	0.279779818727567	5	-4.14	0.001	1	2.179	-1.302	-3.481	No
640	L	A2	0	0	0	3.8	-0.972	11	0.016786753621483	0.127125193199382	6.38612842660397	0.000963809669645	0.251617692797454	5	-3.3	0.018	1	2.988	-0.972	-3.96	No
643	G	A2	9.78783170878887	0.499388461476507	23.5486629009247	-0.4	-0.967	3	7.25701006915215E-05	0.116264687693259	2.33245205983736	0.000350959413955	0.059388413062987	3	-5.19	0.002	1	1.945	-0.763	-2.708	No
644	A	A2	56.4057306051254	0.833420163669945	50.8911354541779	1.8	-0.912	3	0.00068330641626	0.11486427511565	2.54867256637168	0.000366820973825	0.035329851044706	3	-2.12	0.016	1	1.985	-0.949	-2.934	No
645	Q	A2	7.22437297645956	0.258218226734567	27.5090205669403	-3.5	-1.043	8	0.004504628363193	0.126770060687795	5.78102606026194	0.000805033588902	0.127568386376963	5	-2.96	0.005	0.997	1.954	-1.16	-3.114	No
651	V	A2	0	0	0	4.2	-0.591	9	0.003024376557461	0.1316	5.37737849724769	0.000814408335249	0.216376914458192	5	-2.1	0.063	0.226	1.213	-1.289	-2.502	No
652	F	A2	17.672194223851	0.289981846422684	36.1647959947586	2.8	-0.964	9	0.014575988650146	0.131758109731678	5.58557336895134	0.000843562857832	0.156209633795417	5	-3.34	0.021	1	1.694	-1.07	-2.764	No
653	F	A2	2.43463921546936	0.085656951121745	10.6826210021973	2.8	-0.695	8	0.007965338534152	0.126319831061624	5.04794023972927	0.000759877537881	0.145850915901985	5	-6.05	0	1	2.396	-1.07	-3.466	No
655	G	A2	5.4889087677002	0.200379158985121	9.44887924194336	-0.4	-0.967	6	0.001470563559012	0.121694100240429	3.72421736868539	0.000623117166741	0.078122457976761	5	-5.15	0.018	0.999	1.945	-0.763	-2.708	No
657	T	A2	8.43954694271088	0.313536418099594	25.9984397888184	-0.7	-1.073	7	0.019914111702113	0.133604060913706	4.2743896009632	0.000715225993011	0.100603943937235	4	-1.99	0.146	0.999	1.793	-0.998	-2.791	No
658	F	A2	0.045858483761549	0.047589471716904	5.9350733757019	2.8	-0.964	11	0.020967633078946	0.134960516870065	5.66745767350289	0.001047497152169	0.13508001225383	5	-5.12	0.076	1	1.694	-1.07	-2.764	No
660	H	A2	19.4973194953054	0.345463171624951	38.2994290590286	-3.2	-1.054	9	0.011118373661599	0.130724148207013	4.61370383325109	0.000890244175689	0.09822242587201	5	-5.76	0.022	1	2.611	-1.124	-3.735	No
662	M	A2	48.9224715158343	0.653168089995798	73.1613577604294	1.9	-0.417	6	0.001833594576055	0.124232984046068	3.74152226666978	0.000681395692475	0.034149028488786	4	-2.24	0.206	0.073	1.267	-1.904	-3.171	No
666	D	A2	32.4194701015949	0.596758306091501	51.4059540033341	-3.5	-1.043	7	0.020000661463579	0.137240588173949	4.9521690408053	0.000696751176811	0.118222079611687	5	-3.36	0.016	0.999	2.155	-0.924	-3.079	No
667	T	A2	15.5712386071682	0.447279810042871	37.0884418487549	-0.7	-1.073	8	0.007504006445258	0.135530381050463	5.38534257089741	0.00076135829574	0.171652472061859	5	-3.75	0.011	0.998	2.374	-1.204	-3.578	No
670	L	A2	0.610122922807932	0.094098831794941	9.95960855484009	3.8	-0.972	8	0.014229416054674	0.135908292884437	4.64097397090433	0.000735790406282	0.202230766103521	5	-5.09	0	0.999	2.689	-1.165	-3.854	No
672	P	A2	0	0	0	-1.6	-0.988	8	0.006201731814713	0.136457901285774	4.94205612837131	0.000779349650869	0.143251941691646	5	-6.92	0.005	1	2.335	-0.906	-3.241	No
674	S	A2	0.667782260105014	0.170567267179893	11.7815928459167	-0.8	-1.082	6	0.005606386980203	0.132554391619662	3.89661570715945	0.000591133256244	0.120994658926593	5	-4.15	0.025	1	2.146	-1.068	-3.214	No
675	G	A2	0	0	0	-0.4	-0.967	5	0.000299963034744	0.123486910012199	3.07814522872455	0.000507206874502	0.101913465401574	5	-6.52	0.008	1	2.758	-0.763	-3.521	No
676	E	A2	4.72327932715416	0.229057071384915	23.4943838119507	-3.5	-1.028	7	0.002748907930538	0.125716469239587	4.00351497777235	0.000672204828411	0.127332959077788	5	-5.02	0.06	1	1.925	-1.336	-3.261	No
677	T	A2	1.26346429754631	0.240275846031399	19.9236731529236	-0.7	-1.073	9	0.012096130369922	0.123998869311222	5.20581132039451	0.000851949561562	0.125341359460073	5	-3.21	0.001	1	2.306	-0.998	-3.304	No
678	V	A2	0.000289607269224	0.018333074398458	1.65481662750244	4.2	-1.065	8	0.009218290159581	0.127965772073123	4.51627189991527	0.000769638480011	0.118818435122318	5	-2.99	0.211	1	1.669	-1.039	-2.708	No
680	M	A2	4.84451892226934	0.161810081331403	18.1243472099304	1.9	-1.059	9	0.007160493995193	0.125464772618934	5.40362702552751	0.000922769038025	0.108413693959124	5	-1.88	0.019	0.978	1.018	-1.296	-2.314	No
681	S	A2	53.801752269268	0.789324038122569	54.5209792852402	-0.8	-1.085	4	0.001607193770596	0.112066763178064	3.5236932637887	0.000609618272019	0.021076426352139	3	-2.69	0.023	0.988	2.183	-1.482	-3.665	No
682	M	A2	0	0	0	1.9	-0.895	11	0.014822839779505	0.121301502442621	5.86700849334416	0.001143416352776	0.094761593787052	5	-1.94	0.15	0.986	1.018	-1.296	-2.314	No
685	P	A2	14.9379566756543	0.298707680570981	24.2042833566666	-1.6	-0.992	7	0.002641724079213	0.110625420309348	3.95793940922192	0.0008163616927	0.046299886573891	4	-2.98	0.078	1	2.335	-0.906	-3.241	No
688	W	A2	7.07985472679138	0.146793736374987	21.8597892522812	-0.9	-0.818	13	0.01202640052907	0.119690768531151	6.69862798723172	0.00131925128646	0.105501297330213	5	-11.9	0	1	2.978	-1.036	-4.014	No
691	G	A2	0	0	0	-0.4	-0.974	5	0.002376508604408	0.125333333333333	3.35643994632834	0.000490216428581	0.149182517201376	5	-4.43	0.041	1	3.026	-0.763	-3.789	No
692	C	A2	0	0	0	2.5	-0.949	9	0.005297998789765	0.131982749974927	5.67018938029211	0.000820962403853	0.204369876383746	5	-6.17	0	1	2.903	-1.111	-4.014	No
695	S	A2	15.9414426311851	0.467580952001713	32.2972190976143	-0.8	-1.086	6	0.007333677917749	0.125945066513542	3.67359954646919	0.000623435470944	0.081854887272799	5	-4.02	0.09	0.983	1.823	-1.517	-3.34	No
700	R	A2	67.452110812068	0.355122871155338	49.2182543277741	-4.5	-0.87	6	0.014220256661348	0.117217422285562	4.78981014515692	0.000621642788777	0.07154534351949	5	-3.99	0.044	1	1.836	-1.326	-3.162	No
702	M	A2	0	0	0	1.9	-1.064	11	0.01070210517462	0.129438379069539	6.66758812464044	0.000978232822648	0.245997770933955	5	-2.14	0.088	0.96	1.018	-1.296	-2.314	No
705	L	A2	23.3465601801872	0.273919412332477	28.992178440094	3.8	-0.979	8	0.006382167914152	0.114087559601214	4.63434022770185	0.000807213043957	0.104299511091256	5	-1.94	0.117	0.999	2.384	-1.196	-3.58	No
706	L	A2	0	0	0	3.8	-0.979	7	0.00703866330048	0.121212121212121	4.79045521552475	0.000738960982408	0.079724634397038	4	-3.54	0.001	1	3.008	-0.972	-3.98	No
1690	S	A3	134.716819524765	1.15281494902979	79.6283869743347	-0.8	-0.827	2	5.77854311371017E-07	0.081269684431545	2	0.000561143099351	0.000219907712115	2	-2.98	0.02	0.961	2.34	-1.331	-3.671	No
1693	K	A3	105.907844975591	0.86576255566312	104.326119482517	-3.9	-0.644	4	0.004557796681785	0.097000073708263	4	0.00081784915913	0.00882882877025	2	-1.14	0.04	0.771	1.632	-2.009	-3.641	No
1695	T	A3	67.4923669397831	0.706106893003016	58.5503835678101	-0.7	-0.941	5	0.000762859556494	0.110849056603774	2.880401976098	0.000612172069652	0.075427157061158	4	-1.75	0.041	0.983	1.745	-1.523	-3.268	No
1696	R	A3	64.1384631581605	0.510518065503186	70.755251288414	-4.5	-0.872	10	0.005051349252539	0.120380534211489	5.62569361577993	0.000988718295782	0.247161522512059	5	-4.97	0.001	1	2.013	-1.348	-3.361	No
1698	Y	A3	31.3775805234909	0.328557624369513	43.0032646656036	-1.3	-0.963	8	0.004537074965689	0.121964782205746	4.62814701669827	0.000783705972579	0.227979421237433	5	-8.2	0	1	3.707	-1.112	-4.819	No
1701	A	A3	0	0	0	1.8	-1.071	10	0.002881767323774	0.120733944954128	4.79147536573577	0.000913051430043	0.290592857316311	5	-3.67	0.006	1	2.152	-0.919	-3.071	No
1704	E	A3	50.7004768624902	0.479761649028848	49.209152340889	-3.5	-1.035	8	0.002550080657045	0.116925810750777	4.48462848801221	0.000757572945263	0.216924588460968	5	-3.67	0.005	1	1.91	-0.972	-2.882	No
1708	D	A3	42.3188992738724	0.626408459568912	53.9600775241852	-3.5	-1.049	6	0.00104591576555	0.119073470865002	3.66538110931912	0.000643251394022	0.18468872809274	4	-7.18	0	0.999	2.438	-1.213	-3.651	No
1721	R	A3	118.082413971424	0.900603213727059	124.819102406502	-4.5	-0.286	7	0.003858050744276	0.112478632478632	4.09530391098287	0.000907192129432	0.070288870794963	4	-2.67	0.003	0.947	2.677	-1.858	-4.535	No
1730	F	A3	6.5488136857748	0.128293875896107	16.0000424385071	2.8	-0.967	10	0.005485041438113	0.124397391057756	6.3395633427046	0.000926427579246	0.364543359794984	5	-4.34	0.002	0.99	1.413	-1.477	-2.89	No
1735	F	A3	0.098589941859245	0.040707105753472	5.07674598693848	2.8	-0.967	11	0.009798952675367	0.128969031752254	6.41278775446334	0.000972091443357	0.377222056460373	5	-5.63	0.022	1	1.709	-1.189	-2.898	No
1736	Q	A3	50.8168030977249	0.529904632483138	56.4528601169586	-3.5	-0.685	7	0.001445633553391	0.122589659990685	4.11289649877102	0.000669503779397	0.214874044340646	5	-3.87	0.003	0.996	2.103	-1.569	-3.672	No
1738	F	A3	16.1606076955795	0.233760754793736	29.1532387733459	2.8	-0.703	12	0.009685232284675	0.117081850533808	5.85264779054478	0.001217441708295	0.185547002137472	5	-4.59	0.02	0.999	1.624	-1.323	-2.947	No
1740	D	A3	59.6774014830589	0.496920061112557	42.8056879043579	-3.5	-1.045	6	0.000417233698991	0.108143643684773	3.06716523879396	0.000683892642456	0.082433807696206	4	-4.75	0.034	0.999	2.203	-0.895	-3.098	No
1742	S	A3	53.2781515717506	0.686386315237505	47.4107619524002	-0.8	-1.086	5	0.000518057651018	0.104827146726143	3.1497165255127	0.000619404761281	0.067472887440298	4	-3.66	0.001	0.994	2.305	-1.338	-3.643	No
1743	F	A3	5.64433763315901	0.122939898261667	15.3323264718056	2.8	-0.971	10	0.00195701634327	0.115276804484933	4.62090812751056	0.000990535824107	0.211638584145882	5	-5.7	0.001	1	1.748	-1.035	-2.783	No
1745	Q	A3	79.9217983931303	0.567958008156035	60.5068384408951	-3.5	-0.343	5	0.001224686494963	0.112661587192877	2.92559243246757	0.000655995421556	0.039688946566319	4	-2.03	0.085	0.002	0.776	-1.822	-2.598	No
1749	R	A3	93.524100381881	0.788679173758305	109.306990087032	-4.5	-1.043	8	0.039832032882292	0.134272013059892	4.55470338303753	0.000767437819643	0.368272293812215	5	-6.21	0	1	3.699	-1.327	-5.026	No
1750	G	A3	4.44254437088966	0.413474949656836	19.4974112510681	-0.4	-0.97	6	0.000537023743145	0.12723581166006	3.58856957183574	0.000611646074549	0.187385718541189	5	-6.89	0.046	0.999	1.529	-0.893	-2.422	No
1751	E	A3	18.6905229871627	0.455136290184178	46.6833292841911	-3.5	-0.84	7	0.012042388342822	0.124833997343958	4.28209017297169	0.000700151214374	0.1381764586254	5	-3.63	0.024	0.878	1.789	-1.119	-2.908	No
1752	L	A3	16.5566463309806	0.616218758508806	65.221825838089	3.8	-0.975	7	0.007402252075926	0.130219671482288	5.60320246365192	0.000706418379063	0.227386537416368	5	-5.12	0.1	1	1.237	-1.076	-2.313	No
1753	N	A3	31.1845503747463	0.506240074633051	45.8354825973511	-3.5	-1.071	8	0.012005534298782	0.133090614886731	4.31930058496712	0.000755245039174	0.384552485328975	5	-4.76	0.005	0.983	2.166	-1.763	-3.929	No
1755	H	A3	0	0	0	-3.2	-1.056	13	0.016703057477896	0.141368568052422	6.72177822316266	0.00111613453276	0.872326710097108	5	-5.7	0.024	1	2.051	-1.086	-3.137	No
1756	L	A3	0.900224886834621	0.071449863070685	7.56239640712738	3.8	-0.975	12	0.030328608644393	0.140478223740393	5.55451115502206	0.001029510225313	0.756613799126565	5	-2.85	0.001	0.994	1.788	-0.941	-2.729	No
1758	L	A3	0.270198732614517	0.10038122284996	10.6245493888855	3.8	-0.205	8	0.008017505726236	0.134642930223041	5.11054983994132	0.00070840830844	0.562306432329535	5	-2.76	0.073	0.973	2.284	-1.246	-3.53	No
1763	I	A3	0	0	0	4.5	-0.918	11	0.016071625114466	0.134299418307991	6.71801381752134	0.000972110451192	0.464849783868188	5	-6.56	0.011	0.998	2.748	-1.306	-4.054	No
1766	E	A3	16.4161275923252	0.278742904724451	28.590659737587	-3.5	-1.031	11	0.002549455753879	0.118419868622334	4.89871674838469	0.001120282461171	0.238127354468138	5	-3.8	0.014	1	1.91	-0.972	-2.882	No
1767	V	A3	33.8524541081861	0.517145388252947	46.679611325264	4.2	-1.067	8	0.001928486054905	0.114774114774115	4.39942924701122	0.000863711062378	0.143586120323459	5	-6.65	0	1	2.386	-1.208	-3.594	No
1769	D	A3	14.427886523481	0.285916093891967	24.6293841600418	-3.5	-1.045	7	0.000900204769906	0.112971070478153	3.80316156826159	0.000759191664123	0.143805374039738	5	-6.18	0	1	3.296	-1.028	-4.324	No
1772	M	A3	51.5714888572693	0.335225649427467	37.5486249923706	1.9	0.458	9	0.001382860046284	0.115967571378216	4.87309644670051	0.00091442960985	0.178083853727781	5	-2.2	0.255	0.017	-0.106	-2.136	-2.03	No
1775	F	A3	0	0	0	2.8	-0.969	13	0.006359358810423	0.120402561756633	7.41131501267924	0.00115553172682	0.363817786515165	5	-5.59	0.084	1	1.691	-1.197	-2.888	No
1777	N	A3	0.022124605253339	0.030626395228443	2.77294445037842	-3.5	-0.926	12	0.003406172053065	0.111980939414568	5.14943682821159	0.001119657312802	0.229781606400476	5	-4.74	0	1	1.919	-0.975	-2.894	No
1782	P	A3	42.4338992536068	0.551374259001529	44.6778562068939	-1.6	-0.75	7	0.000229340884234	0.107930779955712	3.59651005043639	0.000692366231036	0.134478952035027	5	-7.32	0.006	0.62	1.92	-1.059	-2.979	No
1783	Y	A3	0.000479085952975	0.030855555610323	4.03852939605713	-1.3	-0.956	12	0.007186158836877	0.115845070422535	7.14351679766165	0.001065168442394	0.310440191137827	5	-7.57	0	0.997	3.464	-1.314	-4.778	No
1784	S	A3	0.011019613593817	0.045385977603799	3.13494563102722	-0.8	-1.083	9	0.004215566687709	0.122055277314042	5.52493056696448	0.0008443267995	0.223319940517322	5	-4.51	0.01	0.801	2.434	-1.2	-3.634	No
1785	F	A3	0	0	0	2.8	-0.965	10	0.011922680377016	0.127965772073123	6.18609581614738	0.000900699624618	0.335847581339412	5	-3.13	0.467	0.221	0.986	-1.314	-2.3	No
1787	S	A3	0.066747147153365	0.06643307810817	4.58873200416565	-0.8	-1.083	6	0.001035010304373	0.127953330092368	3.90252815660586	0.000613613305636	0.139291515345217	5	-2.48	0.31	0.084	1.022	-1.491	-2.513	No
1788	S	A3	16.1681080460548	0.62273322302803	43.0140519142151	-0.8	-1.083	7	0.002082802444398	0.126210798887504	4.35952038685389	0.000703042470873	0.111758980993695	5	-2.17	0.145	0.786	1.64	-1.543	-3.183	No
1789	L	A3	0.550420929677785	0.085522811299867	9.05190539360046	3.8	-0.716	8	0.00232283267339	0.127618308766486	4.55247245156108	0.000781508430723	0.182676552645843	5	-1.5	0.172	0.009	1.188	-1.331	-2.519	No
1791	S	A3	25.6310953944921	0.77803511877271	53.7412197589874	-0.8	-0.947	6	0.004579618596185	0.12120095781912	3.62050434736534	0.000628997756719	0.109831433441815	5	-3.13	0.029	0.036	2.168	-1.668	-3.836	No
1792	Y	A3	45.1871728599072	0.412434324267514	53.9814665317535	-1.3	-0.677	8	0.00931003386722	0.117836676217765	4.51930902963359	0.000897251765655	0.076158428593036	5	-6.32	0.003	0.967	2.34	-1.237	-3.577	No
1805	N	A3	12.2824900150299	0.383583460087855	34.7300300598145	-3.5	0.169	8	0.007368878801817	0.11556023884791	5.50719657447933	0.000834188540328	0.109517794018332	5	-4.07	0.015	0.004	0.674	-2.15	-2.824	No
1807	V	A3	0	0	0	4.2	-0.754	9	0.002928443863434	0.112796777234936	4.72593230993878	0.000863838873071	0.179411777226937	5	-3.5	0	0.998	2.504	-1.268	-3.772	No
1815	Y	A3	13.9901357963681	0.263799608047485	34.527411699295	-1.3	-0.956	8	0.003322324106934	0.118462507876497	4.9901856907495	0.00077749974953	0.202489760339373	5	-9.07	0	1	2.599	-1.169	-3.768	No
1817	W	A3	3.939448595047	0.055247627895898	8.22720050811768	-0.9	-0.81	12	0.005129447191372	0.122293467149893	6.23576480482666	0.001142966385924	0.265788413946699	5	-12.37	0	1	3.031	-1.002	-4.033	No
1821	H	A3	123.416245341301	0.942230785902934	104.459473848343	-3.2	0.122	4	1.05308059812945E-05	0.116645984754476	2.09461595702094	0.000486615704155	0.048765620292432	4	-4.32	0.094	0.194	1.414	-2.087	-3.501	No
1823	M	A3	2.30287575721741	0.076644108365896	8.58490657806397	1.9	-1.06	11	0.007638700793473	0.12810279373114	5.33087253274902	0.001104572041993	0.199029059959538	5	-1.9	0.288	0.87	1.104	-1.673	-2.777	No
1824	A	A3	1.73163457214832	0.242316312705424	14.7965610027313	1.8	-1.066	6	0.001545050665462	0.122543998510103	3.86231441216086	0.000654781257813	0.111838801057791	4	-2.69	0.002	0.999	2.034	-1.28	-3.314	No
1825	P	A3	6.96767122484744	0.208521513060318	16.8964982032776	-1.6	-0.989	8	0.004252902174945	0.13029702970297	5.25135481100505	0.000813155197321	0.197175571178511	5	-7.33	0.005	1	2.116	-1.059	-3.175	No
1826	T	A3	40.0453813225031	0.573463719994103	47.551611661911	-0.7	-0.486	5	0.000525542680139	0.119148936170213	2.50055985386751	0.000593810181037	0.061609860230851	4	-3.58	0.042	0.999	2.353	-1.334	-3.687	No
1828	D	A3	39.1013519912958	0.576768432427741	49.6839863061905	-3.5	-0.511	5	0.000394762745459	0.119777919359243	2.91150221630679	0.000614714540959	0.03906576297866	4	-2.41	0.205	0.054	0.241	-1.911	-2.152	Yes
1829	E	A3	15.76231779929	0.339167461160959	34.7884064912796	-3.5	-1.029	7	0.006319588800866	0.130568508780633	3.77932429427887	0.000773640988476	0.100866507533917	4	-2.42	0.016	0.998	1.864	-1.241	-3.105	No
1832	C	A3	0.035570945590735	0.045432161356893	3.57187652587891	2.5	-0.943	10	0.010983954653002	0.137541806020067	6.00435136919952	0.000902383127754	0.5240972240171	5	-10.6	0	1	2.96	-1.073	-4.033	No
1833	K	A3	19.4059278517961	0.41442512585429	49.9390565156937	-3.9	-0.822	7	0.013204516140067	0.137613719544076	4.85454820276626	0.000679813112506	0.266912757862658	5	-3.75	0.046	0.997	2.224	-1.351	-3.575	No
1834	A	A3	3.24127840436995	0.263787658274346	16.1076657772064	1.8	-1.066	6	0.003703395256042	0.139126757585368	3.86765074261978	0.000576843616096	0.340785858185602	5	-1.47	0.331	0.83	0.573	-1.182	-1.755	No
1835	W	A3	2.54588717222214	0.150177446209159	22.3636744022369	-0.9	-0.81	11	0.041311210685816	0.14079383759495	7.18059586363812	0.001023401366954	0.328279849684633	5	-8.85	0.056	0.982	0.301	-1.422	-1.723	No
1836	A	A3	19.9039334058762	0.638932621705689	39.0151426792145	1.8	-1.066	4	0.001451089725677	0.135224003288122	3.61610478254854	0.000440511180353	0.136154695868168	4	-2.34	0.048	0.963	1.038	-1.285	-2.323	No
1837	Y	A3	0	0	0	-1.3	-0.956	12	0.010425436903309	0.134176182707993	6.85521626691385	0.001057446802971	0.446933996619886	5	-8.12	0	1	3.482	-1.169	-4.651	No
1842	D	A3	30.1104307472706	0.361909180431911	31.1755806207657	-3.5	-1.044	7	0.004553178375013	0.120248538011696	4.13319254838188	0.000689460489275	0.134832501237828	5	-6.07	0	1	3.011	-1.237	-4.248	No
1844	E	A3	34.1488092935178	0.535956496695881	54.9730578660965	-3.5	-1.029	7	0.006479244676566	0.128503075871497	4.04679729245985	0.000680102027412	0.164893167819797	5	-3.66	0.064	0.315	0.967	-1.225	-2.192	No
1845	K	A3	67.7246241159737	0.431272244999904	51.9691680669785	-3.9	0.235	7	0.000384603568567	0.121851851851852	3.68665241753943	0.000671442481021	0.173126752948701	5	-3.11	0.011	0.896	1.667	-1.43	-3.097	No
1846	D	A3	0	0	0	-3.5	-1.044	11	0.003803734078825	0.125596487879366	5.13305913673202	0.000991726940826	0.274915686272148	5	-4.58	0	0.975	1.089	-1.19	-2.279	No
1848	H	A3	20.4338081777096	0.430502628657291	47.7272434234619	-3.2	-1.055	10	0.013078251552193	0.132795156407669	5.79065744097795	0.000895788128563	0.353150144183623	5	-6.48	0.002	0.521	0.979	-1.468	-2.447	No
1849	S	A3	0	0	0	-0.8	-0.815	9	0.002426466398087	0.12640476419172	4.93726229495696	0.00081269815458	0.280575087420236	5	-4.63	0	0.986	2.352	-1.277	-3.629	No
1851	L	A3	0	0	0	3.8	-0.973	9	0.0038821453708	0.126904532304725	5.43147239302442	0.000811126951117	0.295324147131592	5	-5.43	0	1	2.867	-0.941	-3.808	No
1853	G	A3	0	0	0	-0.4	-0.968	6	0.000421396879566	0.130529656814124	3.64902391588741	0.000582864518017	0.293569935383672	5	-7.33	0	1	2.919	-0.883	-3.802	No
1857	V	A3	0	0	0	4.2	-0.919	11	0.008012872798873	0.132155051215103	6.61727911616824	0.001022643300197	0.358769350125398	5	-1.36	0.034	0.001	0.664	-1.911	-2.575	No
1858	C	A3	0	0	0	2.5	-0.943	9	0.002355718714583	0.125728479984714	4.8060011858497	0.000869357104178	0.286873373634883	5	-11	0	1	2.634	-1.369	-4.003	No
1863	L	A3	11.5102884019725	0.247197057836773	26.1638309955597	3.8	-0.973	10	0.007553035709991	0.128817541111981	6.0828316036901	0.000989813330156	0.296096695170046	5	-6.05	0	1	2.626	-1.303	-3.929	No
1869	R	A3	27.0190503299236	0.423068333473757	58.6351556777954	-4.5	-1.041	10	0.011943825963107	0.13119330076762	5.9293724016454	0.000993654150294	0.321771608875012	5	-4.26	0.011	1	1.958	-1.661	-3.619	No
1870	Q	A3	8.92221349477768	0.132744139560806	14.1417641639709	-3.5	-1.044	8	0.002217799036074	0.127408267983348	4.48375460227653	0.000819352787415	0.280361369277357	5	-3.27	0.033	0.999	2.816	-1.559	-4.375	No
1873	V	A3	3.38734399527311	0.176760579934729	15.9551169872284	4.2	-0.126	7	0.001636912928009	0.129821446187235	4.06300950687943	0.000702434220003	0.345006702343531	5	-0.52	0.264	0	0.688	-1.534	-2.222	No
1875	E	A3	1.96922656521201	0.237334156938263	24.3433644771576	-3.5	-1.029	7	0.008694310349901	0.13784434901016	4.6162097629422	0.000648098061839	0.4928448442885	5	-3.4	0.007	0.98	1.717	-1.333	-3.05	No
1876	F	A3	0.081402537412942	0.053340510801115	6.65230846405029	2.8	-0.965	11	0.017976901368364	0.143762289709417	5.69111233708523	0.000940150057399	0.871956757154335	5	-7.33	0.001	1	2.069	-1.327	-3.396	No
1877	A	A3	0	0	0	1.8	-0.915	6	0.001774467256304	0.138046784852617	4.11270911908974	0.000548898637712	0.549928169249403	5	-2.92	0.026	0.451	0.978	-1.613	-2.591	No
1880	F	A3	0	0	0	2.8	-0.965	11	0.011628209448323	0.150520416333066	5.91503508557721	0.000906778630989	0.937282642008664	5	-7.33	0	1	2.072	-1.324	-3.396	No
1882	I	A3	3.07005492970347	0.168892397155113	17.7855516672134	4.5	-0.919	9	0.024158402200786	0.142316426949281	6.18112173966366	0.000810330177467	0.464364818168378	5	-2.83	0.001	0.976	2.18	-1.752	-3.932	No
1885	E	A3	0	0	0	-3.5	-0.837	11	0.004220472206908	0.125620465826651	5.90829014433249	0.000978888410584	0.428348782771783	5	-3.67	0	0.999	1.854	-1.2	-3.054	No
1888	S	A3	8.51446914672852	0.168243485962796	11.6210823059082	-0.8	-0.951	7	0.000418321871767	0.116666666666667	4.27388111930341	0.000662975001738	0.215616377603441	5	-4.58	0	0.997	3.319	-1.468	-4.787	No
1889	W	A3	56.3468064144254	0.408641970934527	60.8529191017151	-0.9	-0.81	9	0.005392009106891	0.118101049986539	5.50819818372025	0.000825841350326	0.237356153426303	5	-11.92	0.012	1	1.815	-1.525	-3.34	No
1894	N	A3	1.33601882681251	0.144482801773193	13.0816173553467	-3.5	-1.069	10	0.002282338753026	0.114275790204932	4.25550495643294	0.000956853641719	0.232124831394826	5	-3.43	0.039	0.823	0.884	-1.36	-2.244	No
1917	R	A3	63.9675415912643	0.643595703374368	89.1991465091705	-4.5	-0.673	8	0.019044661401945	0.134053173067128	5.10478641015402	0.000775550129647	0.253490722684614	5	-4.49	0.001	1	3.004	-1.904	-4.908	No
1918	F	A3	16.085871742107	0.281952747007162	35.1634548902512	2.8	-0.965	8	0.008431415386903	0.131956281961295	5.00149059631617	0.000730403562659	0.430673154430405	5	-6.04	0.02	0.992	1.704	-1.51	-3.214	No
1919	H	A3	36.3518179953098	0.382314493799299	42.3849140405655	-3.2	-0.713	6	0.000885354185284	0.135154565061107	4.09336856345987	0.000565313997342	0.398126770771285	5	-4.92	0.001	0.007	0.736	-1.853	-2.589	No
1921	I	A3	0	0	0	4.5	-0.767	11	0.006667742896091	0.143683808276013	6.5007352562694	0.000912536015795	0.940974201934371	5	-6.27	0	1	2.689	-1.35	-4.039	No
1924	Y	A3	45.4611855000258	0.335983399943735	43.9751873016357	-1.3	-0.68	11	0.006210667364173	0.135614179719703	6.01466714976234	0.000941078679646	0.777856227865874	5	-5.54	0.004	1	3.553	-1.4	-4.953	No
1927	D	A3	34.4754717573524	0.517663047648642	44.5925302505493	-3.5	-1.044	7	0.009848996896889	0.135852173015381	4.68491857187289	0.000641012185301	0.481094827511269	5	-5.12	0.004	0.999	2.221	-1.36	-3.581	No
1932	L	A3	5.39156290888786	0.16459397422139	17.4209554195404	3.8	-0.973	12	0.03462839190983	0.14554302145543	7.06932256770717	0.001002879327621	0.955432381774676	5	-3.53	0.001	1	2.515	-1.111	-3.626	No
1940	I	A3	0.000768832163885	0.032115123201463	3.38194727897644	4.5	0.044	11	0.008973358389447	0.139067948853429	5.54472671441579	0.000966058210912	0.688949097638601	5	-3.33	0.001	0.923	2.17	-1.734	-3.904	No
1943	Y	A3	0	0	0	-1.3	-0.683	13	0.026151323821013	0.148031496062992	7.0298467585546	0.001098135108775	0.911448622784995	5	-4.77	0.001	1	2.072	-1.539	-3.611	No
1944	L	A3	0	0	0	3.8	-0.466	9	0.02808821258652	0.152827778422947	5.97536621170379	0.000774691191088	0.717101782012685	5	-6.18	0	1	2.93	-1.076	-4.006	No
1945	L	A3	3.70582282543182	0.116873804745009	12.3701572418213	3.8	-0.973	9	0.031568576071492	0.149647486922902	5.56420059468773	0.000782653603752	0.663354602217148	5	-6	0	1	2.744	-1.288	-4.032	No
1947	M	A3	22.1743886684999	0.406545412326517	45.5371516346932	1.9	-1.06	9	0.017298925770869	0.144567724925849	6.00265915507271	0.000801925466856	0.485097841205227	5	-2.43	0.088	0.991	0.208	-1.618	-1.826	No
1948	G	A3	19.5691723190248	0.7713917823349	36.3749794960022	-0.4	-0.969	3	0	0.130568508780633	1.91328539184295	0.000360249837571	0.107370284379616	3	-7.06	0	1	2.851	-1.026	-3.877	No
1949	S	A3	38.027135014534	0.653340759096199	45.1282062530518	-0.8	-0.402	6	0.002121873858529	0.136983449568023	3.43490206818563	0.000624436836744	0.167812751472976	5	-3.43	0.009	0.972	2.304	-1.368	-3.672	No
1950	N	A3	20.1144233010709	0.420206107201743	38.045881152153	-3.5	-0.626	8	0.0438177323852	0.141642449682488	4.95117276313896	0.000778097285454	0.22812383139414	5	-1.37	0.222	0.53	0.462	-1.791	-2.253	No
1954	H	A3	0	0	0	-3.2	-0.887	11	0.010645002930912	0.149579449874972	6.72976164177562	0.000924596015463	0.789588155962983	5	-5.9	0.001	0.958	1.956	-1.424	-3.38	No
1955	S	A3	0	0	0	-0.8	-1.083	7	0.001096810188188	0.143966743244722	4.23367502413941	0.000636771386362	0.376343736094148	5	-3.36	0.001	1	2.796	-1.368	-4.164	No
1956	I	A3	0	0	0	4.5	-0.148	11	0.025963442360097	0.15321923390383	6.40333622884113	0.000918390744325	0.777409527867491	5	-3.67	0.001	0.997	2.172	-1.573	-3.745	No
1957	H	A3	0	0	0	-3.2	-1.055	9	0.012456658696389	0.14880144730891	5.3090687992852	0.000778339833984	0.537711134480283	5	-7.1	0.001	0.993	2.075	-1.472	-3.547	No
1959	S	A3	0	0	0	-0.8	-1.083	8	0.016941087806821	0.144854155200881	4.54772575186549	0.000725287708759	0.40844419816966	5	-1.94	0.26	1	1.574	-1.557	-3.131	No
1960	G	A3	1.0112099647522	0.117352501532771	5.53375720977783	-0.4	-0.968	5	0.00747684179376	0.14050822122571	2.97676266215816	0.000493405835976	0.261704456556341	5	-6.93	0	1	2.385	-1.095	-3.48	No
1961	H	A3	6.21764725446701	0.211943394178814	23.49689245224	-3.2	-0.89	8	0.005087620541958	0.141474951623307	4.95585807698915	0.000735513586317	0.386948352178903	5	-2.95	0.01	0.992	1.424	-2.052	-3.476	No
1962	V	A3	12.9408433884382	0.301469469032399	27.2118401527405	4.2	-1.065	8	0.004754117652595	0.138511735606778	5.23940612326182	0.000743965256343	0.258282071884932	5	-1.26	0.062	0.03	0.581	-1.825	-2.406	No
1963	F	A3	1.15897132083774	0.067679582520855	8.44059145450592	2.8	-0.965	11	0.013468909881301	0.144045534150613	5.97241087765451	0.000971083612292	0.454244477137496	5	-4.11	0.007	0.998	1.749	-1.266	-3.015	No
1966	R	A3	70.6048914488638	0.620145622091577	85.949082493782	-4.5	-0.861	7	0.003271672666345	0.132983023443816	4.56101617642093	0.000757242422715	0.123152290654148	4	-3.63	0.025	0.999	0.777	-1.635	-2.412	No
1967	K	A3	57.9298765659332	0.722844384699564	87.1041940450668	-3.9	-1.022	7	0.016476439749294	0.139347734011012	4.98045165809784	0.000752032679708	0.118970095496084	4	-3.27	0.098	0.999	1.91	-1.924	-3.834	No
1974	A	A3	1.23340570926666	0.06643719188456	4.05685424804688	1.8	-1.066	7	0.001488420519988	0.138468013468013	4.24316523998866	0.000644387366662	0.279791912895206	5	-2.56	0.129	0.998	1.86	-1.52	-3.38	No
1975	L	A3	8.71693267300725	0.269637169840384	28.538937330246	3.8	-0.755	11	0.012939380955465	0.146776712023199	5.97937106128713	0.000943782634531	0.503600127771376	5	-2.75	0	0.633	1.125	-2.783	-3.908	No
1978	L	A3	0	0	0	3.8	-0.973	9	0.04345196201673	0.153344208809135	5.50315967880715	0.000771236652228	0.663670806352862	5	-3.6	0.002	1	2.562	-1.071	-3.633	No
1979	Y	A3	19.5232076644897	0.21586762614195	28.2538342475891	-1.3	-0.956	12	0.073628866554346	0.150658271322267	7.2080578149311	0.001049493015171	0.486049638601905	5	-5.09	0.001	1	3.423	-1.418	-4.841	No
1980	P	A3	0.007062457501888	0.04822313086745	3.90752029418945	-1.6	-0.752	10	0.012448274605989	0.142981312472838	5.78594048002969	0.000929507763731	0.367305568528236	5	-8.98	0	1	2.323	-1.19	-3.513	No
1985	T	A3	7.91779211163521	0.293876353635112	24.3682272434235	-0.7	-1.074	9	0.011122584856179	0.140493220881819	5.34038555036496	0.000804825401783	0.574127104615921	5	-5.03	0	1	2.499	-1.135	-3.634	No
1987	E	A3	14.6889241337776	0.286420659385741	29.3781670331955	-3.5	-1.03	8	0.00705997364852	0.140089418777943	4.77291782546196	0.000732739540026	0.445955370897156	5	-3.13	0.066	0.95	0.935	-1.334	-2.269	No
1988	M	A3	10.9670769944787	0.198488120106371	22.2326543331146	1.9	-1.06	9	0.009153826978219	0.141566265060241	5.96511826948071	0.000815596601424	0.481453987858854	5	-3.23	0.006	0.992	1.762	-1.511	-3.273	No
1996	W	A3	1.92138150334358	0.060587126569175	9.02233195304871	-0.9	-0.811	14	0.030244022503356	0.143152398564125	7.34265358883572	0.00123061017124	0.575220487428787	5	-12.37	0	1	1.211	-1.312	-2.523	No
1998	V	A3	0	0	0	4.2	0.027	9	0.010653388011087	0.148398737032025	5.48345787261936	0.000767382721019	0.705870428281316	5	-1.37	0.109	0.895	2.568	-1.491	-4.059	No
2010	M	A3	0	0	0	1.9	-0.581	11	0.006734345808231	0.146124805685099	6.53470468185801	0.000922853010501	0.831617131942863	5	-3.27	0.001	0.996	1.244	-1.585	-2.829	No
2011	S	A3	3.57816290855408	0.162347461084713	11.2138261795044	-0.8	-0.82	9	0.003979362091483	0.141932700603969	5.06340998519937	0.000772257978446	0.69650677224828	5	-1.17	0.024	0.447	1.769	-1.734	-3.503	No
2012	T	A3	0	0	0	-0.7	0.092	8	0.003349043324184	0.141216868762743	4.54368080876244	0.0007017219035	0.645688380636022	5	-2.97	0.01	0.679	1.775	-1.909	-3.684	No
2017	Y	A3	17.6728491187096	0.258570411068035	33.8429882526398	-1.3	-0.683	11	0.038166205018486	0.133753430226649	6.51563233646915	0.000996817966345	0.387483373120154	5	-5.35	0.011	1	3.391	-1.399	-4.79	No
2021	C	C1	0	0	0	2.5	-0.943	7	0.011560462300246	0.117889456239362	4.84865171543919	0.00071782981479	0.082472689647563	5	-10.3	0.027	0.997	2.107	-1.372	-3.479	No
2025	L	C1	17.6290326528251	0.335370315513121	35.4962649345398	3.8	-0.974	7	0.017448716333997	0.111714770797963	5.1424446068085	0.000682709985033	0.077060557971845	5	-5.46	0.001	1	2.93	-1.076	-4.006	No
2026	G	C1	4.09627825021744	0.297868478059288	14.0459880828857	-0.4	-0.969	8	0.009196126062396	0.104105687841152	4.50299688721195	0.00077902533403	0.058110571128398	5	-7.07	0	1	3.026	-0.763	-3.789	No
2028	A	C1	48.466057099402	0.766755784410823	46.8204084634781	1.8	-1.067	7	0.001849593878903	0.097807506503159	3.93131828974226	0.000682935988361	0.056993229194553	5	-2.57	0.017	0.998	1.773	-1.246	-3.019	Yes
2034	D	C1	74.7722552465275	0.734155110703299	63.2415895462036	-3.5	-1.044	6	0.00052975852848	0.096907216494845	3.2029083602243	0.000608260786117	0.046862021933543	5	-7.78	0	1	2.596	-1.059	-3.655	No
2037	I	C1	6.55835580825806	0.089695031469466	9.44551467895508	4.5	-1.069	12	0.00793368310471	0.103272384838735	6.09537408215208	0.001086652743619	0.104996442442481	5	-6.18	0	1	2.853	-1.126	-3.979	No
2041	G	C1	26.5967945456505	0.55360934625892	26.1054487228394	-0.4	-0.969	4	2.46167301690306E-05	0.086630241590415	3.06707931981778	0.000466579600788	0.025079407518288	4	-3.59	0.027	1	1.873	-1.052	-2.925	No
2043	Y	C1	84.9481925781583	0.546697546382245	71.5545083582401	-1.3	-0.958	8	0.00028377661953	0.085338175215615	4.13322438846702	0.000859910734442	0.028662679717804	4	-3.94	0.005	1	3.206	-1.642	-4.848	No
2044	G	C1	59.8929224014282	0.941382505117349	44.3908920288086	-0.4	-0.97	3	0	0.080934809348094	1.95309288432438	0.00038573566304	0.012292190517351	3	-5.62	0.006	1	2.912	-0.922	-3.834	No
2046	W	C1	7.02843427658081	0.129621739680982	19.3026213645935	-0.9	-0.811	11	0.005245636150454	0.087903279674037	6.13684720160263	0.00112949974226	0.05319500326123	5	-12.27	0	1	2.978	-1.036	-4.014	No
2048	P	C1	17.0663734674454	0.277646773982222	22.4977180957794	-1.6	-0.989	10	0.003844624600962	0.094894721661379	5.25189130609535	0.000941412550318	0.083153184391113	5	-8.47	0	1	2.533	-0.906	-3.439	No
2050	L	C1	22.3238353580236	0.318162176033773	33.6749210357666	3.8	-0.974	10	0.005451048400962	0.091135734072022	5.53485155209067	0.001004295877737	0.060658568606394	5	-5.8	0	1	2.783	-1.111	-3.894	Yes
2051	A	C1	0	0	0	1.8	-1.067	10	0.003812530719394	0.097351679242492	5.72103442340655	0.000896079099201	0.106088298440035	5	-4.33	0.001	1	2.561	-0.949	-3.51	No
2052	R	C1	23.4030784964561	0.297817535707284	41.276021361351	-4.5	-1.042	14	0.012366230910927	0.099268311080938	7.10116126873501	0.001258212177323	0.112561050999643	5	-5.2	0.001	1	2.14	-1.101	-3.241	No
2053	L	C1	9.63659183867276	0.236617045861064	25.0440213680267	3.8	-0.722	10	0.004484610142336	0.099365750528541	5.24362389899504	0.000950704254368	0.07347134470854	5	-3.47	0.001	1	2.501	-0.972	-3.473	No
2061	A	C1	0	0	0	1.8	-1.067	9	0.001458239118304	0.092558728372486	5.18701408862744	0.000862106505689	0.073411394158055	5	-3.47	0.001	1	2.103	-0.949	-3.052	No
2063	S	C1	0	0	0	-0.8	-1.083	7	0.000125334819651	0.086870420489801	3.79331157901144	0.000705802912084	0.045138704701676	5	-3.03	0.001	1	1.745	-1.356	-3.101	No
2070	W	C1	62.6668286323547	0.371241869713675	55.2834830284119	-0.9	-0.811	10	0.006597749496663	0.101176289690167	5.36129152080897	0.000932967368536	0.091148713989505	5	-11.55	0.001	1	2.978	-1.036	-4.014	No
2071	I	C1	0	0	0	4.5	-0.924	12	0.008668920925703	0.102636094213071	6.04108810327169	0.001064012565632	0.122714698911173	5	-1.6	0.03	0.858	0.417	-1.273	-1.69	No
2073	V	C1	0	0	0	4.2	-1.064	11	0.012803447976807	0.107017971863056	6.48552261675047	0.000993756718951	0.105417299724561	5	-2.66	0	1	2.847	-1.039	-3.886	No
2080	I	C1	0	0	0	4.5	-0.756	12	0.027581447244376	0.129667947581042	6.48950778265921	0.001081068708208	0.276554772193847	5	-5.73	0	1	2.771	-1.273	-4.044	No
2082	H	C1	9.1262184381485	0.359995875855445	39.910582780838	-3.2	-1.053	11	0.017967304578784	0.123975506358926	6.03991643048925	0.001015339467139	0.193139197847183	5	-5.22	0.011	1	2.2	-1.124	-3.324	No
2098	I	C1	0	0	0	4.5	-0.433	13	0.011391920548895	0.098724681170293	6.38756291693336	0.001194121492067	0.095516418500341	5	-3.17	0.001	0.979	2.206	-1.494	-3.7	No
2100	Q	C1	64.1467776894569	0.483916746967356	51.5535867214203	-3.5	-1.042	9	0.006957297816752	0.104610492845787	4.42796321432927	0.000877146407651	0.06811573325566	5	-0.94	0.183	0.999	1.524	-1.649	-3.173	No
2101	F	C1	0	0	0	2.8	-0.697	13	0.010158195759156	0.106818181818182	6.36445181089624	0.001177263545962	0.120309009043347	5	-6.45	0	1	3.581	-1.182	-4.763	No
2102	I	C1	32.0202527638467	0.34542924466446	36.3761174678802	4.5	-0.918	8	0.010243385492147	0.111771700356718	4.44784013421918	0.000767758605823	0.089526234039107	5	-3	0.024	1	1.836	-1.82	-3.656	Yes
2112	W	C1	63.7871545553207	0.41347889176058	61.5732091665268	-0.9	-0.806	9	0.019482511076718	0.116553006819591	4.74444422851032	0.000910970877929	0.073220896858315	5	-11.68	0	1	3.682	-1.036	-4.718	No
2116	R	C1	27.3011244125664	0.324863954266281	45.0245197415352	-4.5	-0.484	12	0.04328960337038	0.127248114484626	5.78564158396135	0.001197174857823	0.162098544028876	5	-5.09	0.002	1	1.956	-1.358	-3.314	No
2117	G	C1	4.67297410964966	0.253079013624243	11.9339408874512	-0.4	-0.965	6	0.000763563309254	0.121089436878911	3.68637507100544	0.000628685973921	0.097893623937194	5	-7.12	0.006	1	2.758	-0.763	-3.521	No
2119	S	C1	27.2144365971908	0.465473218098305	32.1516315937042	-0.8	-1.081	7	0.000855445057943	0.115135608048994	3.96757415303875	0.000777831479353	0.062819365056832	4	-4.49	0	0.999	2.516	-1.637	-4.153	No
2121	G	C1	26.8173658847809	0.458792969702967	21.6343824863434	-0.4	-0.965	4	0.000816497326664	0.114964619550974	2.64245608103715	0.000478622814494	0.041963873194158	4	-2.46	0.029	1	2.036	-1.258	-3.294	No
2122	T	C1	49.8777271509171	0.725510533857737	60.1593334674835	-0.7	-1.072	3	0.000826388952755	0.114754098360656	2.45416602256918	0.000400215694414	0.025765080185947	3	-2.11	0.155	0.905	0.874	-1.687	-2.561	No
2124	M	C1	44.0642982721329	0.424213092695995	47.5161085128784	1.9	-0.573	8	0.013129916926269	0.118558558558559	4.08501883118532	0.000805876141664	0.089774903483582	5	-2.63	0.005	0.984	1.158	-1.957	-3.115	No
2126	F	C1	10.0946609973907	0.192517022756049	24.0095679759979	2.8	-0.68	10	0.016088531967745	0.114654120926991	5.56276527451196	0.000931538394943	0.117330409818753	5	-6.86	0	1	3.581	-1.182	-4.763	No
2127	F	C1	107.701020818204	0.724311903981035	90.3318347930908	2.8	-0.677	7	0.00631035664677	0.104577240940877	4.47034497411191	0.000708904914533	0.051689346519788	5	-2.41	0.092	0.995	1.816	-1.652	-3.468	No
2128	G	C1	0.112995773553848	0.041103646176552	1.93824243545532	-0.4	-0.417	6	6.56271048606739E-05	0.097597152180362	3.59403174300628	0.000607760049107	0.04731251978206	5	-4.81	0.002	1	2.031	-0.981	-3.012	No
2131	D	C1	51.5381679534912	0.476086984669694	41.0110850334168	-3.5	-0.85	6	0.001684773807494	0.089347545658225	3.47474043340416	0.000707652067671	0.014605890377713	4	-7.67	0	1	2.685	-0.924	-3.609	No
2132	S	C1	18.3319937727938	0.377416239661105	26.0692719221115	-0.8	-1.077	5	0.001322274338904	0.083832335329341	3.79314052252446	0.000612412382915	0.009610993752318	4	-3.22	0.002	0.988	1.609	-1.749	-3.358	No
2133	S	C1	82.8977204346738	0.827843633651485	57.181643307209	-0.8	-0.939	3	4.15833717760785E-05	0.08700826446281	2.00693756194252	0.000400137696321	0.009710872131131	3	-3.35	0.002	0.999	2.288	-1.368	-3.656	No
2136	K	C1	82.3820044437889	0.51362777424639	61.8931740522385	-3.9	-0.805	7	0.000608199930662	0.100757981777812	4.38559518213908	0.000698568171566	0.047925931481247	5	-3.29	0.002	0.998	1.809	-1.247	-3.056	No
2138	N	C1	11.9663610097195	0.180641028896899	16.3554193973541	-3.5	-0.908	8	0.00189599830605	0.108841286907617	4.51264335292712	0.000770679600779	0.074287399903085	5	-4.27	0.002	1	1.866	-1.008	-2.874	No
2143	P	C1	5.15222358703613	0.24210788520136	19.6180019378662	-1.6	-0.979	8	0.014985256668921	0.129311191903311	4.82453369019302	0.000738973539398	0.228285876900364	5	-8.81	0	1	2.374	-1.059	-3.433	No
2144	I	C1	0.194688856601715	0.050235064263093	5.29010391235352	4.5	-1.062	9	0.015047860418047	0.122066598645766	5.5185444425026	0.000821004032459	0.185057965738784	5	-4.78	0	1	2.199	-1.367	-3.566	No
2146	A	C1	0	0	0	1.8	-1.059	10	0.003802545694791	0.119865197194644	5.40456341309429	0.000956053287582	0.126633571378175	5	-3.43	0.009	1	2.013	-1.075	-3.088	No
2147	R	C1	72.606253862381	0.381452763139516	52.8674457073212	-4.5	0.459	9	0.002419724677743	0.112076307273037	4.44376714416337	0.000904324445675	0.065614269395359	5	-6.13	0.001	1	2.007	-1.272	-3.279	No
2153	P	C1	7.04787600785494	0.255300179831881	20.6869735717773	-1.6	-0.98	9	0.002325172123268	0.099893730074389	4.93361112961889	0.000853235986088	0.078453785936877	5	-7.92	0	1	2.883	-0.906	-3.789	No
2155	H	C1	109.180363714695	0.634068841197168	70.2954080104828	-3.2	-0.877	5	0.000548139543566	0.096128560993426	3.01566196233644	0.00054132657711	0.03116500811084	4	-4.01	0.027	0.985	0.415	-1.734	-2.149	No
2157	S	C1	26.6016714572906	0.389854808201146	26.9284411668777	-0.8	-0.935	6	0.000602646366455	0.083470759862996	3.27555853401683	0.000667202345515	0.02005256961694	4	-1.75	0.263	0.988	1.908	-1.609	-3.517	No
2161	T	C1	0	0	0	-0.7	-1.068	10	0.003646121867434	0.091598802812	5.77095930704173	0.000947867309657	0.071132057500006	5	-3.71	0.001	1	2.051	-1.382	-3.433	No
2162	L	C1	0	0	0	3.8	-0.963	11	0.006035478093972	0.100236118516262	6.33892950912637	0.00098074942508	0.111955497734737	5	-3.11	0.021	1	2.501	-0.972	-3.473	No
2164	M	C1	0	0	0	1.9	-0.886	9	0.002115783148594	0.101075268817204	5.71087806932864	0.000810668090957	0.097941577529681	5	-2.66	0.001	0.999	1.191	-1.621	-2.812	No
2166	L	C1	0	0	0	3.8	-0.963	9	0.004399718448245	0.108769319778494	5.98298986713097	0.000836877599232	0.089062677070598	5	-4.91	0	1	2.436	-1.076	-3.512	No
2168	G	C1	0.000384147385375	0.057110935844605	2.69306617975235	-0.4	-0.958	6	0.003716519772227	0.118697573735005	4.37314861807163	0.00060391091197	0.096021291028328	5	-5.28	0	1	2.253	-0.763	-3.016	No
2171	L	C1	20.4656478688121	0.407136087931553	43.0920978188515	3.8	-0.696	8	0.015053599776584	0.131049591714798	5.50895476106028	0.000779710578271	0.194219612290827	5	-1.05	0.2	0.849	1.573	-1.184	-2.757	No
2173	S	C2	11.9029766097665	0.32880431954444	22.7115007638931	-0.8	-1.077	8	0.02471546758867	0.128177656569592	5.46780077123096	0.00079266997016	0.138898251396336	5	-3.34	0.003	0.98	1.109	-1.386	-2.495	No
2176	M	C2	55.3338864439866	0.542438501716139	60.7585365772247	1.9	-0.404	8	0.017804449975122	0.113575558815914	5.38741647710712	0.000821011655463	0.060182249886272	5	-0.34	0.276	0.002	-0.249	-2.188	-1.939	No
2177	P	C2	68.6947473883629	0.757675988577361	61.3944853544235	-1.6	-0.491	5	0.011171126037629	0.104122161563415	3.51401126776699	0.00052885880729	0.076239804949261	5	-8.3	0	1	2.229	-1.126	-3.355	No
2179	G	C2	3.48828760534525	0.272511760928878	12.8502920866013	-0.4	-0.687	8	0.005750270277682	0.099305765167522	4.32549422668018	0.000804919380001	0.121007457500746	5	-7.04	0	1	2.758	-0.763	-3.521	No
2181	E	C2	88.0478144288063	0.686563466438323	70.4208147525787	-3.5	-0.82	8	0.001848946864141	0.092487174081102	4.32609905572032	0.000795624239826	0.147168984767461	5	-2.51	0.005	0.995	1.658	-1.4	-3.058	Yes
2182	S	C2	86.3770047128201	0.844681925521854	58.344714641571	-0.8	0.122	5	3.90333948030848E-05	0.091458753214261	2.65533722782793	0.000556097215376	0.071182268571358	4	-3.79	0.026	0.087	0.863	-1.96	-2.823	No
2185	I	C2	5.36915488541126	0.128397227784864	13.5211268663406	4.5	-0.905	11	0.019468265782228	0.097960398987643	6.08656036289575	0.001060192957835	0.182964762181736	5	-4.33	0	1	2.151	-1.126	-3.277	No
2189	Q	C2	28.8470975160599	0.472431555078443	50.3300232887268	-3.5	-1.036	8	0.003199479790687	0.094594594594595	3.85388886339143	0.000829400350365	0.106247340836331	5	-1.74	0.023	0.999	1.307	-1.798	-3.105	No
2192	A	C2	20.323700889945	0.412531437317922	25.1904071569443	1.8	-1.059	7	0.000436150919041	0.082147315855181	3.72401772085568	0.00069382791638	0.15094754742431	5	-4.4	0.001	1	2.561	-0.949	-3.51	No
2193	S	C2	50.8793850615621	0.558547752949016	38.5805689394474	-0.8	-1.077	4	9.52266625546347E-05	0.080440097799511	2.60852014657252	0.000453797068286	0.065188761549561	4	-4.3	0	1	2.442	-1.068	-3.51	No
2194	S	C2	18.7167246192694	0.358526997638502	24.7645353078842	-0.8	-1.077	7	0.000322015325067	0.076918580863873	3.88577424922554	0.000728518623178	0.096098765809833	5	-4.4	0.001	1	2.442	-1.068	-3.51	No
2199	M	C2	167.92640709877	0.910437099636266	101.978059530258	1.9	1.485	2	0	0.064779719419148	1.38888888888889	0.00035618441211	0.002335224953061	2	-1.09	0.127	0.023	0.19	-2.33	-2.52	No
2203	W	C2	0	0	0	-0.9	-0.796	13	0.003611629400109	0.076855691175612	7.47497739765353	0.001309359776047	0.145856613779444	5	-12.23	0	1	2.687	-1.189	-3.876	No
2205	P	C2	13.7231760621071	0.289929635463255	23.4929983615875	-1.6	-0.979	10	0.005711886651906	0.084375200359043	5.38980046018052	0.000938324864026	0.21185399166653	5	-8.63	0	1	2.313	-1.059	-3.372	No
2210	L	C2	13.8315646997653	0.229198244796972	24.2588006258011	3.8	-0.698	10	0.005637875003842	0.092571750140687	5.39547951694828	0.000929116356268	0.230847336098772	5	-3.35	0.001	1	2.415	-1.176	-3.591	No
2211	H	C2	88.2549308296293	0.675323004351152	74.8690095543861	-3.2	-0.361	5	0.000954435733296	0.086249836151527	3.35562547169989	0.000551396521697	0.079373869971762	4	-5.19	0.002	0.976	2.138	-1.687	-3.825	Yes
2214	G	C2	49.881050825119	0.870909846078021	41.0677537918091	-0.4	-0.677	4	0.000173490818244	0.076303125181191	2.84230394394345	0.000524013236896	0.023272102414166	4	-7.04	0	1	4.19	-0.763	-4.953	No
2218	A	C2	0	0	0	1.8	-0.902	8	0.001334792744155	0.082668509328475	4.77060809531112	0.000763666643561	0.184239146193917	5	-3.52	0	1	2.103	-0.949	-3.052	Yes
2220	R	C2	18.8993657827377	0.204162999507544	28.295970916748	-4.5	-0.658	9	0.000593525948475	0.077017615731258	4.80475164097397	0.000893553043491	0.113713439097662	5	-5.55	0.001	1	1.917	-1.23	-3.147	No
2221	P	C2	2.08520698547363	0.144483436114638	11.7074928283691	-1.6	-0.733	9	0.000906430476118	0.076999590427711	4.43872380218765	0.000914471616998	0.104352404436494	5	-4.76	0.007	1	2.212	-1.059	-3.271	No
2223	V	C2	87.2718628489947	0.690570762634362	62.333679318428	4.2	0.138	5	0.000120961156793	0.075955211820386	3.64772850091869	0.000585367325077	0.036182718223412	4	-0.93	0.028	0.988	2.653	-1.798	-4.451	No
2230	L	C2	0	0	0	3.8	-0.962	12	0.005096825654212	0.089129698611581	5.77636266231285	0.001051756997197	0.337944937134535	5	-5.08	0	0.988	1.269	-1.111	-2.38	Yes
2231	Q	C2	20.0722168274224	0.252168895197145	26.8645610809326	-3.5	-1.035	9	0.005517720353035	0.093280408278991	5.31271627970598	0.000833831301365	0.211512681731712	5	-4.32	0	1	2.926	-1.16	-4.086	No
2234	F	C2	14.7143250072841	0.246037078247475	30.6842681765556	2.8	0.44	10	0.016510116587475	0.104113924050633	5.56991954464757	0.000952540309955	0.148551951841769	5	-3.72	0.001	1	1.937	-1.534	-3.471	No
2238	M	C2	22.6290749311447	0.227792939270472	25.5150871276855	1.9	0.885	10	0.021331025546456	0.112574850299401	5.25592482120594	0.000986414529286	0.077800434069112	5	-1.19	0.252	0.909	0.307	-2.135	-2.442	No
2239	K	C2	15.0515151882792	0.28693558456959	34.5763118118048	-3.9	0.308	9	0.052321385649737	0.119008862362091	6.17566363822282	0.000907495062046	0.061431818532305	5	-3.07	0.009	0.9	1.392	-1.709	-3.101	No
2240	V	C2	0	0	0	4.2	0.098	10	0.003972496867675	0.104885630031083	5.40826871288998	0.000947581488962	0.1381755555087	5	-5.68	0	1	2.383	-1.368	-3.751	No
2243	V	C2	0	0	0	4.2	-0.584	11	0.004915566957862	0.097676835151785	6.2940816996108	0.000979416237444	0.280616237710678	5	-3.3	0	0.064	0.272	-1.959	-2.231	No
2247	G	C2	0	0	0	-0.4	-0.957	6	0.000564983309414	0.084073340573692	4.35044888093717	0.000618604099935	0.095343657828064	5	-6.91	0.001	1	1.428	-1.061	-2.489	No
2253	T	C2	46.7153564468026	0.598709953044039	49.6450293064117	-0.7	-0.762	7	0.001370525444493	0.07524729830179	3.42334214291966	0.000840248478092	0.02513641987927	4	-3.91	0.004	1	2.293	-1.466	-3.759	No
2255	M	C2	4.1348911523819	0.126485162181052	14.1676030158997	1.9	-1.052	10	0.000744212008012	0.076909590322015	5.89242873994293	0.001023170043587	0.085639980775891	5	-3.24	0.002	1	1.344	-1.588	-2.932	No
2256	Y	C2	29.9921726807952	0.230108246644988	30.1177178621292	-1.3	-0.66	10	0.000607184549927	0.078958420831583	5.18301205513618	0.000999802285203	0.094772881321066	5	-5.69	0	1	2.181	-1.856	-4.037	No
2261	L	C2	26.5609336197376	0.297232109935251	31.4596409797668	3.8	-0.154	10	0.001461505769252	0.090378408076368	5.26566241848513	0.000976294614382	0.166580635996894	5	-2.17	0.017	1	2.079	-1.727	-3.806	No
2264	S	C2	22.1852049883455	0.496791919651202	34.3149082660675	-0.8	-0.649	7	0.004316266847309	0.099712077587513	4.08320205754702	0.000721456065117	0.069119805689528	5	-2.2	0.128	0.995	2.151	-1.674	-3.825	No
2265	S	C2	3.81639834016096	0.140746845856007	9.72180688381195	-0.8	-1.076	9	0.003243577153082	0.094922100403924	4.046827741796	0.000947101330336	0.057970877403459	5	-3.8	0.006	1	2.322	-1.38	-3.702	No
2267	D	C2	58.8999217897654	0.642456899119155	55.3425222039223	-3.5	-0.659	5	0.000153932848746	0.087546567323044	2.44822458380182	0.00060246886793	0.026434202156732	4	-4.81	0.002	1	1.853	-1.274	-3.127	No
2271	W	C2	62.8674503080547	0.397079371102761	59.1310745477676	-0.9	-0.795	10	0.001872519266031	0.092312008978676	4.88255229731797	0.001025150828021	0.103497295453984	5	-11.74	0.001	1	2.82	-1.188	-4.008	No
2283	F	C2	2.208471365273	0.122243090170045	15.245424747467	2.8	-0.387	10	0.015466292479712	0.098084519639264	5.4243056150771	0.000980123951372	0.141859795525756	5	-6.1	0	1	1.737	-1.202	-2.939	No
2285	G	C2	0.545831203460693	0.11416578732724	5.38348770141602	-0.4	-0.685	7	0.003074331387419	0.088417092179522	4.16575394690102	0.000681404671179	0.121256272018278	5	-6.04	0	1	2.748	-1.04	-3.788	No
2286	N	C2	0	0	0	-3.5	-0.906	11	0.002703619576915	0.08466833944541	5.48083378347352	0.001068524057783	0.137250351393756	5	-5.23	0.001	1	1.877	-1.144	-3.021	Yes
2288	D	C2	45.5535150167998	0.431043468774678	37.1309464871883	-3.5	-0.83	6	0.000229732106286	0.081054446908105	3.2952263597936	0.000669796316594	0.045552167281934	4	-6.67	0	1	3.217	-1.071	-4.288	No
2291	T	C2	53.6114850984886	0.614656162575369	50.9672890007496	-0.7	-0.756	5	0.000779048475709	0.086069326357096	3.12743682843252	0.000550424425362	0.054722291132789	4	-2.22	0.012	1	2.026	-1.649	-3.675	No
2292	P	C2	29.6706888228655	0.469846936136091	38.0716972351074	-1.6	-0.485	8	0.020398063897995	0.092846056159165	4.83464973356669	0.000785937279501	0.127588107929452	5	-0.69	0.331	1	2.954	-1.553	-4.507	No
2295	N	C2	16.4097062274814	0.243757034440626	22.0700056552887	-3.5	-0.741	8	0.003679405063955	0.096002334403268	4.94517443569863	0.000784709078428	0.126231185365136	5	-5.49	0	0.999	2.729	-1.412	-4.141	No
2296	S	C2	55.155755572021	0.850356338099145	58.7366633415222	-0.8	0.139	4	0.001772682824609	0.102428393524284	2.65207441709044	0.000449702489855	0.049860646795113	4	-0.01	0.496	0.99	2.271	-1.843	-4.114	No
2297	L	C2	11.0193281173706	0.132935903268828	14.0702018737793	3.8	-0.142	11	0.020314795637017	0.105330558668161	5.59819171790726	0.001103317972392	0.1194990070726	5	-4.77	0.001	1	2.527	-1.527	-4.054	No
2301	L	C2	17.1541665717959	0.253151179022247	26.7940270900726	3.8	-0.41	9	0.047946002859204	0.10981308411215	6.04999839629567	0.000873693108336	0.107815152003341	5	-4.34	0.001	1	2.3	-1.207	-3.507	No
2303	T	C2	0	0	0	-0.7	-0.443	9	0.005476592221436	0.103834622060912	4.21683359198667	0.000900956900587	0.066432409419493	5	-1.99	0.001	0.995	1.916	-1.667	-3.583	No
2305	Y	C2	26.7239435948431	0.21379695663834	27.9828146696091	-1.3	-0.047	10	0.003262140460595	0.095890410958904	5.07138656998705	0.000996895166202	0.103763096556585	5	-6.54	0.001	1	2.569	-1.29	-3.859	No
2310	P	C2	0	0	0	-1.6	-0.722	9	0.005923487174657	0.08856585234538	5.07009846911605	0.000858010059898	0.153416436595474	5	-6.98	0	1	2.335	-0.906	-3.241	No
2311	Q	C2	70.0966985523701	0.613965648123896	65.4082163572311	-3.5	1.153	8	0.00151821784129	0.084864899722706	4.44006182368187	0.000786972403865	0.117061687698385	5	-2.71	0.009	0.998	1.844	-2.005	-3.849	No
2313	W	C2	61.7015252655692	0.440808834576668	65.6430476009846	-0.9	-0.791	11	0.001151533472181	0.078750523607205	5.5630870759523	0.001102569437245	0.088849686817427	5	-12.19	0	1	2.978	-1.036	-4.014	No
2315	H	C2	132.21121423319	0.847257676966212	93.9303750991821	-3.2	0.74	4	3.47640599498746E-05	0.073249471223422	2.99936238044633	0.000497294051738	0.017668392142193	4	-3.3	0.011	0.998	1.693	-2.113	-3.806	No
2317	I	C2	0	0	0	4.5	-1.059	8	0.002910219104485	0.081835706734656	4.75432635259975	0.000808732764766	0.086320891914785	5	-3.48	0	0.999	2.347	-1.126	-3.473	No
2320	R	C2	10.8126569986343	0.177735156270478	24.6332039833069	-4.5	-0.829	12	0.010624337579178	0.089469032565096	6.21162592904859	0.001080348156143	0.291375910340635	5	-6.97	0	1	4.077	-1.101	-5.178	No
2322	E	C2	4.5027297247434	0.183229811581834	18.7938817739487	-3.5	-0.817	9	0.005881520577644	0.097604390714233	5.0170365257524	0.000836341163913	0.215205880088785	5	-3.48	0	1	1.858	-1.005	-2.863	No
2324	L	C2	32.7655716948211	0.38255348341803	40.4902257919312	3.8	-0.136	7	0.008537457931177	0.106748864373783	4.03572824418749	0.000701927389793	0.084091156833115	5	-5.26	0	1	2.938	-1.111	-4.049	No
2325	G	C2	3.37969207763672	0.194784080902575	9.18504333496094	-0.4	-0.676	7	0.006948445963849	0.113194563908481	4.23386249947497	0.000707871488578	0.06412777059091	5	-6.97	0	1	3.026	-0.763	-3.789	No
2326	C	C2	26.3095243573189	0.35108803671694	27.6025414466858	2.5	-0.927	6	0.00972643140212	0.114764105694602	3.58644927145857	0.0006320437898	0.046869755198322	5	-10.4	0	1	2.903	-1.111	-4.014	No
