leg_pos	Residue	Domain	areaSAS	relSESA	areaSES	kdHydrophobicity	Consurf_Score	dg	bt	cl	burts	pr	auth	kcore	inhibit
3	R	A1	68.3710518795997	0.49938427588697	69.2121637165546	-4.5	-0.836	9	0.00176352975509146	0.117227863887404	4.98804034687005	0.00086118874159519	0.0952377895099608	5	No
4	R	A1	121.110130731016	0.822534106666165	113.999114513397	-4.5	-0.43	3	0.0000806689126359086	0.11227710946165	2.27698127679795	0.000369284656051902	0.0300190280636601	3	No
5	Y	A1	28.4569619167596	0.371263934068876	48.5928800106049	-1.3	-0.936	9	0.00305318110557012	0.118955075476815	5.12400102243431	0.000871648121960262	0.100225961739925	5	No
6	Y	A1	57.7933928952552	0.528311731252741	69.148080945015	-1.3	-0.641	8	0.00259982641961846	0.110793062805186	4.30187911158032	0.000850307940014928	0.0563094075228504	5	No
7	L	A1	0	0	0	3.8	-0.955	10	0.0097950302393225	0.120347508001829	6.27577132761084	0.000961370823833763	0.107523202897286	5	No
8	G	A1	0	0	0	-0.4	-0.102	6	0.00195456750249069	0.11667701037326	4.24539973705994	0.000612651931979673	0.0771273999369377	5	No
9	A	A1	0	0	0	1.8	-0.888	9	0.00379565253440853	0.118933574333484	5.39868786599497	0.00085934267281843	0.110978511821699	5	No
10	V	A1	13.2051556266742	0.207991587305327	18.774152636528	4.2	-0.355	10	0.00295414214986505	0.112545967672967	5.58458978249067	0.00098573257803041	0.100775189894228	5	No
11	E	A1	51.0371120274067	0.502470388763002	51.5383877754211	-3.5	-1.014	8	0.00147219342355486	0.112651943160418	4.3082952095051	0.000825337889666185	0.0734484166313196	5	No
12	L	A1	9.3881411999464	0.250858119205765	26.5513250529766	3.8	-0.377	10	0.00942791535073745	0.114275790204932	5.95352103213537	0.00102018686866134	0.0851648218548088	5	No
14	W	A1	0.266523275990039	0.040698887995011	6.06067490577698	-0.9	-0.785	13	0.00648230970979015	0.115722827998593	6.65834463497118	0.00128282710109678	0.10267492856241	5	No
16	Y	A1	2.39934745803475	0.074876110725973	9.80015975236893	-1.3	-0.936	12	0.023982874014053	0.123394280356306	6.72899316222769	0.00114217315619548	0.119012472475359	5	No
22	G	A1	6.91269733570516	0.530461533908158	25.0139136314392	-0.4	1.724	5	0.000393337295836823	0.10756906980546	2.83790729328699	0.000580605739435695	0.0310079872936738	4	No
29	R	A1	206.692391585908	0.948755559374568	131.492776751518	-4.5	-0.84	2	0.0000546505413210094	0.0825751396122231	2	0.000491897004645949	0.000192096660483615	2	No
45	V	A1	82.6076047420502	0.753165207929374	67.983704328537	4.2	0.368	5	0.000108583549738069	0.107035380235868	2.71684852002088	0.000611060822893168	0.0265948772928494	4	No
47	K	A1	110.008249759674	0.749567879025656	90.3244285583496	-3.9	0.054	5	0.000301897039099212	0.111092351848725	3.32845755563304	0.000553936174715867	0.0463868796614262	4	No
48	K	A1	0	0	0	-3.9	-1.011	11	0.016531381281411	0.122066598645766	6.38680273075148	0.0010427677543272	0.133028433336677	5	No
49	T	A1	0	0	0	-0.7	-0.913	10	0.00337077913558013	0.118869117514226	5.47647030375742	0.000944638687719076	0.132712659050255	5	No
51	F	A1	0	0	0	2.8	-0.951	12	0.0327696863492705	0.129196936972315	7.62971783062028	0.0010735413356582	0.200342318613655	5	No
53	E	A1	35.2386772683822	0.462330555699659	47.421245098114	-3.5	-1.018	7	0.00270285815677613	0.113000171732784	4.26192737870215	0.000766531546885229	0.0509072165716942	5	Yes
54	F	A1	7.76571707427502	0.167527704939194	20.8930501937866	2.8	-0.666	12	0.00387495932295468	0.108286019912779	5.72851298804942	0.00128692920403829	0.0659394116833248	5	No
55	T	A1	68.4932909086347	0.700888191149882	58.1176488101482	-0.7	-0.439	4	0.00000413922693452664	0.0977784382197786	2.54024255788313	0.000538311214002245	0.0130735073741168	3	No
56	D	A1	41.3763341903687	0.474351055956278	40.8615486621857	-3.5	-0.845	6	0.000302321771817011	0.102380581920025	2.92202851006984	0.000726840961558165	0.0243195949952909	3	No
58	L	A1	91.9911497758003	0.677799968361231	71.7397042512894	3.8	-0.425	4	0.00000134832672653237	0.0996290408055114	2.0780720109676	0.000542695052591303	0.0117814187198148	3	No
62	A	A1	7.05667571723461	0.458398388181873	27.9911807775497	1.8	-0.4	7	0.00290638050248147	0.10688758934373	4.17132970906959	0.000860788012128543	0.0316840156897148	4	No
63	K	A1	100.042908980511	0.722944420902852	87.1162486076355	-3.9	-1.011	4	0.00025952104707953	0.10207880856345	3.02613450558876	0.000535645127378778	0.0151408235827061	3	No
64	P	A1	86.6184076685459	0.871458130678424	70.6142523288727	-1.6	-0.976	4	0.000134360261560781	0.0984366818759817	3.37117303061576	0.000579399821285166	0.00743289214224101	3	No
65	R	A1	35.3401525914669	0.611264754083104	84.7182385921478	-4.5	0.162	8	0.00642200565359725	0.124279913117386	4.30917996423691	0.000764260625597893	0.101880501041037	5	No
69	M	A1	8.96546164155006	0.17670760909507	19.7930192947388	1.9	-0.708	9	0.00315790672647972	0.120634338619488	4.27233772159413	0.000860089343755717	0.0893854640262493	5	No
71	L	A1	0	0	0	3.8	-0.7	10	0.00840341842353285	0.125035629453682	5.70609784770571	0.000917847750690088	0.12641982391129	5	No
73	G	A1	0.285522639751434	0.081575178490781	3.84667754173279	-0.4	-0.666	7	0.00242194165893867	0.125644452931067	4.20748275206369	0.000682799611729286	0.0897083630637199	5	No
74	P	A1	14.7298343973234	0.297721179196912	24.1243471503258	-1.6	-0.713	6	0.00355545061673914	0.124786648966433	4.88673116745503	0.000606819724756141	0.0827357428491287	5	No
75	T	A1	34.257206466049	0.561687879325454	46.5751589536667	-0.7	-0.611	6	0.00383031072805159	0.125178350613526	4.22570825507208	0.00059366806620898	0.0808717973950047	5	No
76	I	A1	0	0	0	4.5	-1.063	10	0.0136090073110721	0.128804932954879	5.87197887685422	0.000907165841993432	0.15275704648889	5	No
79	E	A1	18.4709309339523	0.255055637681323	26.1610567569733	-3.5	-1.018	11	0.00390606003743886	0.118334682132902	4.82848912038092	0.00105642130442021	0.0833070719267644	5	No
80	V	A1	16.1920340331271	0.327797930977884	29.5883524417877	4.2	-1.056	9	0.00268311341157881	0.123117223313687	4.67438972415425	0.000863752847536805	0.0885134355592863	5	No
82	D	A1	10.4451066870242	0.2572674966169	22.161536693573	-3.5	-1.033	9	0.00222273815099397	0.12080044060951	4.81206621598558	0.000873829775757727	0.0900034876059755	5	No
84	V	A1	0	0	0	4.2	-0.723	9	0.00544255464187174	0.124291650925576	4.93381439013737	0.000832754938206307	0.132093391024769	5	No
88	L	A1	0	0	0	3.8	-0.415	11	0.00642881391730711	0.12120095781912	7.06201988250318	0.00101335787173837	0.148572811444364	5	No
90	N	A1	0.189118608832359	0.083317609558567	7.54365968704224	-3.5	-1.061	12	0.00316869315258926	0.114554317548747	5.05773538163328	0.00119431989221119	0.0928235349184318	5	No
91	M	A1	73.7086856011301	0.611866230879944	68.5351365208626	1.9	-1.051	6	0.000364398989272725	0.107833497214028	3.93942259629024	0.000631282722459614	0.056122107559801	5	No
93	S	A1	73.8621098995209	0.819148843092676	56.5810680389404	-0.8	-0.787	3	0.0000163706878875658	0.109048723897912	2.1737998499545	0.000375517103597831	0.0261423343630749	3	No
94	H	A1	7.01639507710934	0.177536225883213	19.6823761463165	-3.2	-0.87	9	0.00288317243008267	0.118026905829596	5.21229986317665	0.00089683879158455	0.100581038726445	5	No
96	V	A1	0	0	0	4.2	-0.384	11	0.00471093505009071	0.123163313055686	5.94183872678545	0.00101259173016495	0.159002270347877	5	No
97	S	A1	0	0	0	-0.8	-0.933	9	0.0330775079614539	0.134988203918351	5.36135749119743	0.000818967565238317	0.185826017544196	5	No
98	L	A1	0	0	0	3.8	-0.691	9	0.00356174266489598	0.129438379069539	6.23000301097393	0.000805691105135465	0.193518499545296	5	No
104	S	A1	3.95974001148716	0.158032418063638	10.9157732129097	-0.8	-0.933	7	0.00402548512224879	0.133225349260984	4.0519141910227	0.000662796270245808	0.156132715986199	5	No
107	K	A1	21.9311287328601	0.442638925250775	53.3388757705689	-3.9	-1.011	9	0.0159476712341067	0.13371266002845	5.47711755761605	0.000863616243507604	0.221027323610815	5	No
110	E	A1	2.73380440473557	0.136005886584053	13.9501237869263	-3.5	-1.018	9	0.00583475894328436	0.137297861241523	5.87038746873404	0.000835750189938255	0.223343314893009	5	No
114	Y	A1	16.983242476359	0.347840420751779	45.5270934700966	-1.3	-0.941	9	0.00939359072323022	0.139156180606958	5.58786789371666	0.000874480224587325	0.296909370473377	5	No
116	D	A1	9.27984939701855	0.204119162309195	17.5832328796387	-3.5	-1.033	6	0.00314749071120533	0.129834254143646	3.45658524194573	0.000627292495736539	0.125253070646916	5	No
117	Q	A1	87.0040485979407	0.74016987289377	78.8532572388649	-3.5	0.575	6	0.00212926998954403	0.126648060821865	3.8777237024501	0.000646905773535673	0.103257577778426	5	No
118	T	A1	14.7696738410741	0.402544062895529	33.3789536952972	-0.7	-0.758	7	0.00475752687609852	0.12394047843285	4.13060737940322	0.000738695594859833	0.0753539060184644	5	No
122	E	A1	13.1191948875785	0.43957356276005	45.0870603322983	-3.5	-1.018	7	0.0419369771672256	0.123521681997372	4.11374728219962	0.000740824092808526	0.0529220078381019	5	No
125	D	A1	0.477976128458977	0.175405579904598	15.1097874641418	-3.5	-1.033	11	0.0456068114570169	0.131507944438893	6.43413210727872	0.00103991056758632	0.145818253109684	5	No
126	D	A1	14.1052273511887	0.482276695439051	41.5442790985107	-3.5	-1.033	9	0.0110107676309115	0.127704997573993	4.8079371100568	0.000882035703428213	0.120242718839984	5	No
127	K	A1	106.519024745096	0.827886207840025	99.7619438171387	-3.9	-0.145	7	0.00344300093746445	0.125476735316552	4.16628861476851	0.000704182261937587	0.0911534689180816	5	No
128	V	A1	3.6209445297718	0.184782111538034	16.6791725158691	4.2	-0.728	8	0.00261152291945197	0.115814485611194	4.40348536764511	0.000816879830803989	0.0700501953690438	5	No
130	P	A1	63.6841492056847	0.643232903568212	52.1211621761322	-1.6	-0.976	5	0.000167196791042737	0.106861550954121	2.89667687157146	0.000565199075153761	0.0359736357524212	4	No
135	T	A1	19.4799452299485	0.336765134558836	27.9245649576187	-0.7	-1.066	7	0.00163633327961643	0.119745222929936	4.12026669209525	0.000705477869130373	0.0801500448885726	5	No
136	Y	A1	0	0	0	-1.3	-0.941	11	0.00678156714262896	0.130142405063291	6.23382602018837	0.000990457426750553	0.183607210631316	5	No
138	W	A1	0	0	0	-0.9	-0.792	13	0.0186173989702639	0.134960516870065	7.23560875203959	0.0011381444113405	0.243493329901575	5	No
140	V	A1	0.484293341636658	0.073080894151056	6.59657382965088	4.2	-0.729	9	0.00465815507591182	0.126368350297676	5.13641147522587	0.000843278735402645	0.113811421435473	5	No
143	E	A1	76.5926828235388	0.814082268747168	83.500418305397	-3.5	-1.018	7	0.00430312169107931	0.130672227186972	4.06369876950427	0.000686713222121686	0.131442958303563	5	No
144	N	A1	2.45690178871155	0.102732846475188	9.30153465270996	-3.5	-0.903	11	0.00864220083453019	0.135307423401193	5.65664945117003	0.000999635304762507	0.199079375370772	5	No
146	P	A1	26.4907222986221	0.34268038016579	27.767391204834	-1.6	-0.976	8	0.000817741858546559	0.12300214973362	4.58315391876578	0.000809502311026222	0.0833093169891848	5	No
147	M	A1	51.610788166523	0.451066836471292	50.5239963531494	1.9	-0.543	6	0.000973663838041096	0.124727513979718	3.5511132029867	0.000710349659951881	0.0613311030007744	4	No
150	D	A1	6.99680010974407	0.201014592160375	17.315798997879	-3.5	-1.035	9	0.00635464390427478	0.129731861198738	4.72892201247314	0.00096818597776057	0.0921774114075348	5	No
151	P	A1	44.6551402211189	0.659546416055622	53.4430460929871	-1.6	-0.977	6	0.00333241695645841	0.126465500672689	3.76198202265535	0.000632977101947443	0.0568115763995641	5	No
153	C	A1	13.1825185809284	0.442511571087445	34.790259718895	2.5	-0.93	6	0.00034878187882968	0.1225782414307	3.51069174167169	0.00060915372298922	0.0706938746171566	5	No
155	T	A1	9.15513083338738	0.247487050579529	20.5216262340546	-0.7	-1.067	8	0.00588507224443748	0.134849882160057	5.0449871764124	0.000745304353944332	0.145726768442149	5	No
156	Y	A1	5.35519966483116	0.124792085956452	16.3334121704102	-1.3	-0.943	11	0.0191160615788362	0.140478223740393	6.68526736462663	0.000967980756915762	0.257918129841628	5	No
157	S	A1	0	0	0	-0.8	-0.522	8	0.00470836407346667	0.137211969554791	4.62061602136419	0.000725952660534907	0.193052844295911	5	No
158	Y	A1	0	0	0	-1.3	-0.943	12	0.0133883957097563	0.135418810454826	6.94164565408884	0.0010598440784425	0.221201040824385	5	No
160	S	A1	0	0	0	-0.8	-1.076	8	0.00403730641251062	0.132394366197183	4.48880094207971	0.000728946669077142	0.194789872783377	5	No
161	H	A1	12.0290208160877	0.297138646733178	32.941978931427	-3.2	-1.046	9	0.0404442211065167	0.14284163681754	6.15018902826516	0.000809982657657656	0.303857346668248	5	No
162	V	A1	37.0860533118248	0.420085121044229	37.9185633659363	4.2	-1.057	9	0.0123089875115775	0.13231449829077	5.15202521514682	0.00083471420738387	0.184273995086263	5	No
166	K	A1	54.2605621814728	0.426786163255242	51.4285862445831	-3.9	-0.801	10	0.0155902015596907	0.129158896849544	5.10033756918005	0.000952096616134542	0.250406052185379	5	No
167	D	A1	0	0	0	-3.5	-1.035	11	0.00720847440457674	0.131389776357827	5.59941416189523	0.000980711924184771	0.29271692078121	5	No
169	N	A1	0	0	0	-3.5	-1.062	8	0.00301833076081355	0.130646282140375	5.06571306139278	0.000770327443544826	0.187524776248584	5	No
170	S	A1	0	0	0	-0.8	-0.647	9	0.00312997453083555	0.124810318664643	5.29136491473721	0.000835516242254092	0.184519627782582	5	No
171	G	A1	0	0	0	-0.4	-0.956	5	0.0016509208240734	0.12524983344437	4.16802813676278	0.00051112892408873	0.0961742607194138	5	No
172	L	A1	0	0	0	3.8	-0.961	9	0.00253806491432342	0.12479848269322	5.581047114631	0.000817600763557756	0.186441805540132	5	No
173	I	A1	0	0	0	4.5	-0.419	8	0.00717217144760599	0.134080489047376	5.25770048720445	0.000754456677502432	0.131132236368513	5	No
175	A	A1	0	0	0	1.8	-0.737	9	0.0177401874127587	0.135099065804332	5.36775558568177	0.000808808238514186	0.172517101313557	5	No
178	V	A1	0	0	0	4.2	-0.569	10	0.00355583931459484	0.130529656814124	5.74220389246475	0.000917151677663905	0.148241916083737	5	No
179	C	A1	0	0	0	2.5	-0.645	10	0.00277041403559656	0.121323868350696	5.32742846329902	0.000955409533574867	0.0903760801439364	5	No
181	E	A1	127.671272516251	0.865437411025357	88.7679152488709	-3.5	-0.387	6	0.000169825364678722	0.112845138055222	3.12539068241641	0.000632995145026942	0.0396700593408632	5	No
182	G	A1	43.1986883878708	0.7104641533444	33.5019371509552	-0.4	-0.962	6	0.000424173194443343	0.111017378100219	2.79356681196453	0.000659485432373056	0.0319086812028244	5	No
183	S	A1	26.5968185886741	0.673796680035629	46.541158080101	-0.8	-0.659	8	0.000805454844593749	0.112971070478153	3.41889743979113	0.000835001927944595	0.0452899465195801	5	No
184	L	A1	51.9611960710026	0.562137963572646	59.497806340456	3.8	-0.967	8	0.00880204712291485	0.112229234180454	4.2245881083563	0.000853352851943724	0.0500701742157306	5	No
195	F	A1	15.8895180956461	0.24213905520445	30.1981301307678	2.8	-0.958	10	0.0139592177859779	0.11961461552445	5.54339003191797	0.000996453575468288	0.0551483000447253	5	No
197	L	A1	0	0	0	3.8	-0.967	9	0.0180083532870152	0.129744651483782	6.29060135990858	0.000822143675450475	0.124012896330259	5	No
199	F	A1	0	0	0	2.8	-0.958	11	0.0145801488813541	0.134615384615385	6.78527492251403	0.000958239720224085	0.203847889683685	5	No
200	A	A1	0	0	0	1.8	-1.062	5	0.0000616862175756525	0.124940662679199	3.33529083018855	0.000509143412927368	0.0787073321725385	5	No
201	V	A1	0	0	0	4.2	-1.061	8	0.00381014324166815	0.130168150346192	4.47595331474385	0.000768771723826362	0.117336516680577	5	No
203	D	A1	13.9938308298588	0.271083789894611	23.3516998291016	-3.5	-0.852	5	0.00139438836204695	0.124952525636156	3.6656822938194	0.000562725893299146	0.0620325311041908	4	No
207	S	A1	3.10308834910393	0.296677209772031	20.4923849105835	-0.8	-0.941	8	0.0018194131316304	0.121357432681667	4.4600570750387	0.000829906769867435	0.109239167683512	5	No
208	W	A1	29.318813547492	0.416049018906998	61.9559396505356	-0.9	-0.802	7	0.00320727413631746	0.122521180523229	4.37716179371439	0.000692570736239163	0.139289062804181	5	No
209	H	A1	40.4422101899982	0.49185870127393	54.529423058033	-3.2	-0.705	8	0.00295007949699001	0.116915422885572	4.86531565138547	0.000849635446318547	0.0789657814370993	5	No
215	S	A1	102.090323328972	0.965629461963685	66.6989238262177	-0.8	0.42	4	0.000000385236207580678	0.0865390938383639	1.65279770444763	0.000774969884830752	0.0000895051916492404	3	No
224	S	A1	81.1101915240288	0.852486353524026	58.883789896965	-0.8	-0.499	4	0.00155394570484876	0.0834442964935641	2.10426332517444	0.000782002427880127	0.0000357089987662208	3	No
231	M	A1	37.2071163654327	0.393973330431416	44.1289527416229	1.9	-0.193	8	0.00496852015432481	0.122521180523229	4.64459937913236	0.000785747638872183	0.0964281292892205	5	No
233	T	A1	0	0	0	-0.7	-1.07	11	0.0100848103562197	0.12647765497357	6.34466446319339	0.000991105058092578	0.153375821811549	5	No
234	V	A1	0	0	0	4.2	-0.078	9	0.00360379574678879	0.125166444740346	5.47390824467129	0.000818743553281387	0.126190434639978	5	No
235	N	A1	0	0	0	-3.5	-1.065	11	0.00610497830164397	0.12479848269322	6.5671273040877	0.000989462174916103	0.128506984506623	5	No
236	G	A1	0	0	0	-0.4	-0.962	6	0.000928731318612353	0.119375907111756	4.27648746291678	0.000587062975390381	0.0833559712280003	5	No
237	Y	A1	1.52284547686577	0.081293964630079	10.6401605606079	-1.3	-0.949	12	0.00640252450477065	0.120667522464698	6.89085366323322	0.00110642269580841	0.121427478844057	5	No
240	R	A1	99.328628199175	0.577079993468557	79.9804016947746	-4.5	-1.036	8	0.00252160095199571	0.11474409277182	4.47098848417857	0.000785024093632145	0.0561933587759888	5	No
241	S	A1	29.7307058572769	0.462788403920432	31.966183423996	-0.8	-1.079	8	0.00190901946537641	0.11706102117061	4.06803785138854	0.000785739835868037	0.0679022845264587	5	No
242	L	A1	7.18830782175064	0.148017972178953	15.6665182113647	3.8	-0.967	9	0.00159233321011255	0.116645984754476	5.13003590625359	0.000844948606646446	0.0828267760620233	5	No
243	P	A1	46.7611683905125	0.467154927626225	37.853563785553	-1.6	-0.983	7	0.00113305440355338	0.113536364420671	3.82118788645908	0.000701651089367124	0.0534503072547281	5	No
244	G	A1	35.6498007923365	0.79639894107078	37.5541920661926	-0.4	-0.962	5	0.000288380939179339	0.110942505479683	2.90638850566238	0.000539328208654059	0.0301034011403913	5	No
245	L	A1	4.42487677559257	0.154076579728929	16.3077733516693	3.8	-0.966	11	0.00783444299268598	0.118836915297092	5.93197271475235	0.00105829021510215	0.0645714277182051	5	No
247	G	A1	0	0	0	-0.4	-0.414	7	0.000565750275735057	0.105011171401213	3.83921589432735	0.000774623792204914	0.0128262233184926	5	No
248	C	A1	0	0	0	2.5	-0.934	8	0.00123596091362949	0.104643765903308	4.3580238507428	0.000907986457073919	0.01040458770322	5	No
250	R	A1	145.027258753777	0.720546438157367	99.8641335964203	-4.5	0.175	5	0.0000937600432078445	0.0993432475277421	2.44117999407788	0.000598733882716384	0.00476757839787665	5	No
254	Y	A1	73.5964183658362	0.532280874611172	69.6675822734833	-1.3	-0.393	9	0.00679859975501991	0.11651173085436	4.4257469168077	0.000957154807372965	0.0255928905401028	5	Yes
255	W	A1	0	0	0	-0.9	-0.8	9	0.00809426007821313	0.120989243357543	6.14134949520077	0.000887103588792439	0.0495766186441913	5	No
256	H	A1	12.7417249232531	0.290653794285607	32.2230422496796	-3.2	-1.049	6	0.0103293120328094	0.129260386995384	4.55343522997991	0.000588033275040635	0.0832979716756885	5	No
259	G	A1	0	0	0	-0.4	-0.96	6	0.00238378071237222	0.13633067440174	4.17812435093516	0.000568423089023049	0.170805981788215	5	No
260	M	A1	0	0	0	1.9	-0.724	10	0.0143338863760961	0.138540899042004	5.79152134142708	0.000915350619506765	0.188180936804098	5	No
261	G	A1	0	0	0	-0.4	-0.96	5	0.00267820113349111	0.13558623531836	3.64312435549065	0.000505475782115536	0.135596617143578	5	No
262	T	A1	0	0	0	-0.7	-0.922	8	0.00207586219222851	0.135740072202166	4.75921257313409	0.000740847560406153	0.309996009539041	5	No
264	P	A1	30.5367527604103	0.524325869811048	42.4861252307892	-1.6	-0.735	6	0.00420349949943652	0.141535814153581	3.79542779410799	0.00058753660453051	0.258334760888633	5	No
265	E	A1	36.708943836391	0.448630700348948	46.0160509347916	-3.5	-0.205	6	0.00686629910766349	0.136373056994819	4.02115403551384	0.000595454684011563	0.158116978636483	5	No
266	V	A1	2.12964424490929	0.207981646594496	18.7732553482056	4.2	-0.739	11	0.0390155158847226	0.146092362344583	6.94159549764696	0.000960346755552399	0.345429415588679	5	No
269	I	A1	0	0	0	4.5	-0.267	12	0.0145849096255552	0.131560531840448	6.13823536498113	0.00105234217279793	0.178940906222427	5	No
271	L	A1	4.93879577517509	0.127141421975756	13.456902384758	3.8	-0.699	8	0.00764816261344251	0.117752326413744	4.33416835832028	0.000818373280976072	0.0377158450714553	5	No
273	G	A1	41.8883801698685	0.964534503887016	45.4826245307922	-0.4	-0.69	4	0.00606275491689647	0.109302325581395	2.67079878402195	0.000481369530335249	0.0110292475308138	4	No
275	T	A1	7.95318771526217	0.520313743571987	43.1444156169891	-0.7	-1.069	7	0.0102672069079742	0.119669000636537	4.86597215169271	0.000715650252257914	0.0319776602253974	5	No
277	L	A1	41.2786860250635	0.55594404606801	58.8422297239304	3.8	-0.711	7	0.00611552088796113	0.126416906820365	4.33882298201373	0.000729361465848691	0.033310489918825	5	Yes
278	V	A1	2.44504797458649	0.140045869966396	12.6411004066467	4.2	-0.751	10	0.0109499309410132	0.131982749974927	5.13998906392538	0.00096522057100741	0.0718845076483721	5	No
280	N	A1	43.2573533095419	0.616121105284002	55.7842209935188	-3.5	-0.76	7	0.0102604522075529	0.129374754227291	3.90008964439702	0.000748653570960692	0.0360398989727913	5	No
281	H	A1	17.1335900695995	0.3275934567543	36.3183209896088	-3.2	-0.886	10	0.0260620669921569	0.130828114126653	4.85996539631275	0.00100970972614661	0.0484034121550579	5	No
284	A	A1	6.77101284265518	0.398854915695486	24.3552777171135	1.8	-0.906	4	0.00534586104997629	0.121964782205746	3.06530637180035	0.000442318021452966	0.0367925088894883	4	No
285	S	A1	0	0	0	-0.8	-0.808	7	0.00161268748852808	0.127174333204484	3.59233737763214	0.000687273098284951	0.0727142133360661	5	No
286	L	A1	0	0	0	3.8	-0.966	9	0.0124517715144647	0.134217236104029	5.0513029709326	0.000835422867826285	0.110587342424329	5	No
288	I	A1	0	0	0	4.5	-0.909	9	0.0106620393220168	0.138643067846608	5.81612002713329	0.000811719896728955	0.198401479552896	5	No
289	S	A1	1.87324133887887	0.185520401332063	12.8144506812096	-0.8	-1.078	7	0.00456086179091378	0.142810634834509	4.28298091341951	0.000645418907105234	0.253708406666652	5	No
294	L	A1	19.2745457328856	0.334066460388989	35.3582623004913	3.8	-0.966	8	0.0135675499099431	0.139377250582504	5.13904937747639	0.000768914137755917	0.119406175458499	5	No
295	T	A1	17.5561953634024	0.614101328656573	50.9212821722031	-0.7	-1.069	6	0.00565568697253922	0.127940890530819	4.41900824719403	0.000615934528008658	0.0539895416686166	5	No
296	A	A1	0.177446931600571	0.053748851297779	3.28206610679626	1.8	-0.754	7	0.00647060666553626	0.125095057034221	4.55255164432226	0.00070540306621203	0.0463713444451186	5	No
299	L	A1	57.4949524402618	0.60166180200271	63.6810884475708	3.8	2.657	6	0.00718392329156302	0.105855855855856	3.51815015682482	0.000688498712398419	0.00807487248820027	5	No
302	D	A1	68.3741040639579	0.761726883111971	65.6166771650314	-3.5	-0.312	6	0.000210496582536836	0.0995536727437779	2.93923134447034	0.000688556582127761	0.00824246902935914	5	No
304	G	A1	30.9156659841537	0.5429496113916	25.6027889251709	-0.4	-0.702	3	0.0000028158465044445	0.102348732306735	2.24456539241892	0.000391806795774908	0.00656705980306006	3	No
305	Q	A1	124.384101482108	0.873965708756077	93.1070628166199	-3.5	-0.293	4	0.00000735423436482352	0.105179028132992	2.58157480716734	0.000470538737745272	0.0131621101166126	4	No
306	F	A1	27.5608664229512	0.277424339631998	34.598699092865	2.8	-0.957	11	0.00459221562573377	0.109493302271404	5.49404816168151	0.00114943463708108	0.028667356098258	5	No
307	L	A1	14.0874931223989	0.265899015566368	28.1432836055756	3.8	-0.699	9	0.0037066727090745	0.116470484113638	4.41330265288053	0.000875558862607887	0.0574141627263433	5	No
308	L	A1	0	0	0	3.8	-0.443	9	0.0125141022527698	0.125381097560976	5.54135582419387	0.000848612423409905	0.0844156891518735	5	No
309	F	A1	26.5586704015732	0.277590684355312	34.6194446086884	2.8	0.944	10	0.0102524166807874	0.123893805309735	5.54724392578788	0.000913040103674945	0.122243166461805	5	No
311	H	A1	21.6039050519466	0.475855769748415	52.7552740573883	-3.2	-0.361	9	0.0192505925421472	0.129082883766552	5.48455797801568	0.00081969212403765	0.129523447140541	5	No
312	I	A1	0	0	0	4.5	-1.063	10	0.00669981594714182	0.134711843586856	5.2598377710485	0.00091461724517192	0.171694241802325	5	No
318	D	A1	64.3204520493746	0.724892608273207	62.4436990618706	-3.5	-0.073	6	0.000193982016700873	0.124127523108847	3.57103352817551	0.000586929897648787	0.0913140991426581	5	No
321	E	A1	22.9789283275604	0.30006672004818	30.7778434753418	-3.5	-1.023	7	0.000903197783210236	0.11943007532444	4.32009808268231	0.000679286289573793	0.0703537993262165	5	No
323	Y	A1	63.8358739614487	0.561018143490036	73.4288597106934	-1.3	-0.947	7	0.00118602756892787	0.112796777234936	4.10064413533281	0.000720783901695987	0.0345093924835414	5	No
325	K	A1	95.6638844609261	0.640415193249055	77.1713116168976	-3.9	0.452	8	0.00268561518008908	0.109266024576553	4.68721785549157	0.00088050001290943	0.0196041229110695	5	No
326	V	A1	4.57760715484619	0.106503077456897	9.61339378356934	4.2	-1.06	8	0.000659403555625339	0.10299757376536	3.80717745905887	0.000899185917865056	0.0113029254197865	5	No
329	C	A1	21.2854628413916	0.528054777461741	41.5156666040421	2.5	-0.934	3	0.00100291579498712	0.100381388253242	2.57128685588316	0.000441485426431382	0.00328752830244162	3	No
373	S	A2	136.786532819271	1.11225018492929	76.8264570236206	-0.8	-1.078	2	0	0.0906773237786812	1.32786885245902	0.000374106172009305	0.00130311189420191	2	No
375	A	A2	64.1950625088066	0.935314121867617	57.1130862236023	1.8	-1.061	3	0.00000240772629737924	0.0907148273247398	1.8671242700543	0.000496021937398388	0.00177456092358385	2	No
376	K	A2	47.4947358071804	0.795273897082034	95.8320951461792	-3.9	-1.016	5	0.000601067270476583	0.0954522376151447	2.97575312270389	0.000717151561112253	0.00427684473514733	3	No
377	K	A2	208.248791666236	1.01557651343036	122.379001021385	-3.9	-0.599	1	0	0.0772073921971253	1	0.000361709306332593	0.0000371146108535862	1	Yes
380	K	A2	66.9147816263139	0.579968350552632	69.8873461782932	-3.9	-1.016	5	0.000823028170772592	0.0938993935069568	2.82494988765593	0.000652074080876819	0.00646594503964493	3	No
382	W	A2	18.306685090065	0.183521592944847	27.329118013382	-0.9	-0.8	10	0.00364935121128652	0.0979385279452259	5.00618090383055	0.00110315921119335	0.019743644480821	5	No
385	Y	A2	49.209848433733	0.410892200437182	53.7796256542206	-1.3	-0.664	10	0.00208720455219194	0.0924806746310611	5.33897463074184	0.00101888222486508	0.0365278781141211	5	No
386	I	A2	0.940331680234522	0.101708669201609	10.7106348276138	4.5	-0.909	12	0.00823949272455647	0.100935726338395	6.91622287201429	0.00110243667274096	0.0728412716289072	5	No
390	E	A2	59.1824477883056	0.51899085363775	53.2328918576241	-3.5	-1.023	7	0.00110961086004806	0.0981576788244947	4.10392605482831	0.000701075169704224	0.0572076599144417	5	No
392	D	A2	94.5768858492374	0.873197045580533	75.2189399003983	-3.5	-0.481	2	0.000110452879341806	0.0904529520929273	2	0.000319587900677809	0.00704400836681442	2	No
394	D	A2	27.2552267313004	0.441336216060494	38.0175843238831	-3.5	-0.853	7	0.000388958879232138	0.104089219330855	4.00806378343719	0.000666072044579212	0.130114918490506	5	No
395	Y	A2	0	0	0	-1.3	-0.947	13	0.00746912307136647	0.111355559316297	7.09740588641283	0.00113362383903997	0.236304866487729	5	No
403	D	A2	78.8421714901924	0.71645753527725	61.7170850038528	-3.5	2.055	4	0.0000190062957904502	0.0896946564885496	2.0608228980322	0.000615842694940643	0.0041862201775615	3	No
405	R	A2	221.744049869478	0.944764528350571	130.939639806747	-4.5	1.835	3	0	0.0891357355730154	1.43680709534368	0.00048508795425603	0.00281786081472736	3	Yes
408	K	A2	59.885095410049	0.391015080352579	47.1180992126465	-3.9	-0.168	9	0.00356284888870421	0.101763068357563	4.93220318681399	0.000969861297790856	0.0687136649132945	5	No
412	L	A2	3.34778356552124	0.071925980526539	7.61278963088989	3.8	-0.966	10	0.00299208518375017	0.107771681270985	5.56193113828858	0.000954094269002779	0.122220983630546	5	No
418	R	A2	32.3232757457299	0.406739547391222	56.3720675706863	-4.5	0.311	11	0.00547494845538044	0.0975826783330862	5.85396975963121	0.00112698789731623	0.0548063200432497	5	No
423	Y	A2	0.324214547872543	0.054089301782901	7.07947826385498	-1.3	-0.947	9	0.00504273050305909	0.103965871385685	5.44390004744645	0.00083640363558334	0.117731183675297	5	No
425	K	A2	0	0	0	-3.9	-1.016	9	0.00592075474326887	0.107297187117815	6.44613400742124	0.000851924397580779	0.125989521221573	5	No
427	R	A2	42.6112919794396	0.388666692288081	53.8672602176666	-4.5	-0.657	10	0.00719647657497783	0.106163278476928	6.50719356189516	0.000921021836839385	0.14260224695247	5	No
428	F	A2	0.372683078050613	0.067721949162457	8.44587516784668	2.8	-0.957	9	0.00429866750407075	0.106043513295729	6.267314062722	0.000833588527501044	0.0843511919606152	5	No
431	Y	A2	3.01730847358704	0.125065972680518	16.3692598342896	-1.3	-0.663	12	0.00244172064391965	0.0925392025877224	5.25600945489599	0.00123548184444414	0.0419695844445857	5	No
435	T	A2	72.3560853488743	0.716491367755969	59.411464214325	-0.7	-0.921	4	0.00065642345859884	0.0846084608460846	2.69325295617899	0.000536707104984603	0.00915872696554093	3	No
436	F	A2	8.9287678853143	0.127230447670398	15.867418050766	2.8	-0.957	11	0.00289856612717822	0.0923055341235884	5.17960457829464	0.00109553739862547	0.043752284405289	5	No
447	G	A2	7.59832016006112	0.406387152847259	19.1631861925125	-0.4	-0.96	9	0.00257234381800214	0.107771681270985	4.60614181372699	0.000820107339407646	0.19376583555089	5	No
450	G	A2	4.02021408081055	0.241425702003315	11.3844289779663	-0.4	-0.96	6	0.000302591013803621	0.108125872976748	3.68733483211824	0.000586817305306054	0.0856662315077946	5	No
453	L	A2	0.66893681883812	0.068217612243636	7.22028851509094	3.8	-0.966	10	0.0168133205239053	0.109021622069423	6.55080266009318	0.000936887411681963	0.0809465861277405	5	No
456	E	A2	9.18589999899268	0.214827138568454	22.0348196029663	-3.5	-1.023	10	0.00221771455203998	0.102205653929792	4.56990753881896	0.00109545486463613	0.0213143494079513	4	No
459	D	A2	4.54124553501606	0.209940149343962	18.0846643447876	-3.5	-1.038	9	0.00650404885057548	0.100404364080262	4.62422653142043	0.00105124113273475	0.0164984661172938	5	No
461	L	A2	0	0	0	3.8	-0.966	7	0.000410465901375568	0.0980845196392636	4.2778223817324	0.000745944589386285	0.0227476285267104	5	No
463	I	A2	0	0	0	4.5	-0.896	10	0.00519029019167537	0.100796568627451	5.48240760341899	0.000959907305316676	0.0476720570210394	5	No
465	F	A2	0	0	0	2.8	-0.963	10	0.00275034921833785	0.0984735109248728	6.11142889074265	0.000935551819232163	0.059550624086696	5	No
469	A	A2	7.45388877391815	0.221824715495639	13.5452826023102	1.8	-1.061	8	0.000769036928016929	0.0980552864913196	4.36216979118869	0.000782315414248423	0.0569723661808635	5	No
470	S	A2	70.0416663885117	0.771975885913435	53.3226903676987	-0.8	-0.941	4	0.00000405535338624443	0.0913761977503125	2.41046514569683	0.000442143130742059	0.0305271046571354	4	Yes
471	R	A2	58.2456583157182	0.383942794858293	53.2125516533852	-4.5	-1.035	8	0.00131665371608889	0.0969000809955084	4.39509303966851	0.000772649874211367	0.0619521976702812	5	No
474	N	A2	0.016270132735372	0.053107949814507	4.80844688415527	-3.5	-0.917	9	0.00694064796247566	0.104818797291916	5.4266965830233	0.000867265681744399	0.0561618275053905	5	No
476	Y	A2	30.0001217547688	0.251716135129001	32.9458663463593	-1.3	-0.401	8	0.00588401809965726	0.106009344288706	5.31137823151655	0.000808710753526023	0.0421414132556124	5	No
477	P	A2	0.73901230096817	0.11960155181527	9.69131374359131	-1.6	-0.74	7	0.00139375104738536	0.106705586637477	4.22082313766605	0.000696438600085963	0.0450401720485893	5	No
483	V	A2	17.0717781111598	0.316563202939029	28.5742609500885	4.2	-1.06	8	0.00531190532552856	0.102724221372258	4.56935994843334	0.000837581624442706	0.0253245158852856	4	No
506	G	A2	57.7848925590515	0.903949529239095	42.6257400512695	-0.4	-0.962	3	0	0.0893657476572049	1.91857883049593	0.000374566535869794	0.013250126220103	3	No
511	Y	A2	3.75460440479219	0.102784451750887	13.4529429674149	-1.3	-0.949	11	0.00486897353384961	0.0958485069191551	6.29712548571312	0.00111078523270968	0.0326808603886416	5	No
515	V	A2	1.35560071468353	0.062374578219171	5.63017892837524	4.2	-0.742	9	0.00438186318514867	0.107244723331432	4.86607358072854	0.000942023563458825	0.0286962059367702	5	No
520	G	A2	0.270029701292515	0.109713647110492	5.17354702949524	-0.4	-0.962	9	0.0063133892152159	0.116956985424813	4.391857619749	0.000891477486508707	0.0412231156481762	5	No
521	P	A2	10.4379487598198	0.285408918495371	23.1266846656799	-1.6	-0.983	7	0.0102749360607508	0.116542685086787	4.92787925338946	0.000728193835516015	0.033476183130833	5	No
522	T	A2	23.5029349327087	0.433296143462332	35.9289162158966	-0.7	-1.07	8	0.00921611269134635	0.123394280356306	3.76394490854609	0.0008674985233593	0.0296981036753183	5	No
525	D	A2	15.9270399212837	0.192923394829559	16.6188070774078	-3.5	-1.039	7	0.00757770688728124	0.1224983710323	4.19594015686683	0.000735152728130929	0.0345137172875861	5	No
526	P	A2	17.9294805874233	0.492013770386744	39.8678758144379	-1.6	-0.983	5	0.00161814825155446	0.118708280714415	3.21498954652508	0.000545144181322988	0.0378807656435743	4	No
527	R	A2	103.86833728198	0.73497433279486	101.863767653704	-4.5	-1.036	6	0.000815956427307191	0.108904336312479	3.98887749065369	0.000677350156926899	0.0230074941055774	4	No
530	T	A2	0	0	0	-0.7	-1.07	8	0.00316817309524507	0.122726848829619	4.42486733201215	0.000746863924716992	0.144803378917679	5	No
532	Y	A2	0.282935351133347	0.033399363537179	4.37147569656372	-1.3	-0.949	9	0.020912875247022	0.125393044306813	5.2140312430993	0.000818971016518492	0.140898259705562	5	No
533	Y	A2	0	0	0	-1.3	-0.949	12	0.0118901128955222	0.11442483262325	6.47098846589748	0.0010869252541417	0.108117608166876	5	No
541	R	A2	78.4572659377009	0.459863019757656	63.7347152233124	-4.5	0.309	10	0.005188391242464	0.114604197509362	4.41403466960688	0.000893776551952873	0.124725532614262	5	No
542	D	A2	0	0	0	-3.5	-1.039	13	0.0160663848674213	0.115165835302354	5.91833454177126	0.00112821247500194	0.156757149027519	5	No
544	A	A2	4.29003867506981	0.218682797251106	13.3534276485443	1.8	-1.062	9	0.00441394794732606	0.115357643758766	4.75048132578766	0.000815419100664567	0.129755154184157	5	No
545	S	A2	0	0	0	-0.8	-1.079	8	0.00678766569668672	0.112526720820864	4.85227476457262	0.000731642273922343	0.110267254866338	5	No
546	G	A2	0	0	0	-0.4	-0.962	7	0.00167278105702726	0.115075201119272	4.4748032009521	0.000643785815022777	0.129482104082367	5	No
547	L	A2	0	0	0	3.8	-0.967	9	0.00324008203271807	0.109329567167899	6.26229781986243	0.000819023758011037	0.109766907589802	5	No
548	I	A2	0.291044648736715	0.074109893293568	7.8042905330658	4.5	-1.064	8	0.00232741865726282	0.114914425427873	5.19975520785208	0.000735588795668453	0.14575338376978	5	No
549	G	A2	0	0	0	-0.4	-0.962	6	0.000372279767485202	0.114117238987166	3.57420702365626	0.000581021103351016	0.0947650495789342	5	No
550	P	A2	2.9667184650898	0.130973367739295	10.612771987915	-1.6	-0.983	11	0.0206299502271933	0.118901337188291	6.20829432332629	0.000988045522309329	0.156679010476472	5	No
553	I	A2	0	0	0	4.5	-1.064	12	0.00787278320768882	0.114554317548747	6.57070540167325	0.00116273371171858	0.0698040909203357	5	No
554	C	A2	0	0	0	2.5	-0.936	9	0.00233713746219274	0.108419838523645	5.07838996103012	0.000956975979449506	0.0318665709235576	4	No
557	E	A2	30.5222965332214	0.610507002371473	62.619703233242	-3.5	-0.406	9	0.00505226134722978	0.0997045230699295	4.59831783058388	0.00118042999385416	0.0103421370978934	4	No
558	S	A2	0	0	0	-0.8	-1.079	8	0.00144796010049744	0.104868913857678	4.22773006104337	0.000889559383584088	0.0222290880732812	4	No
559	V	A2	1.35744190216064	0.078748311703165	7.10813760757446	4.2	-0.903	9	0.00482242731963936	0.104138640500119	4.81225838658971	0.00106132811843271	0.01960474665376	4	No
560	D	A2	48.2815155386925	0.472727998409939	40.7217352390289	-3.5	-1.039	6	0.000761102002882916	0.0950455005055612	2.87412401312872	0.000840314529542228	0.00530753857038186	3	No
563	G	A2	10.1432346850634	0.403261672602316	19.0158041715622	-0.4	-0.962	5	0.000751175933500038	0.0973516792424915	3.231799407935	0.000635264216378395	0.00987454912439173	3	No
564	N	A2	87.2535695058759	0.727710116013722	65.8876016139984	-3.5	-1.065	5	0.00249513049344337	0.102039233930371	2.5684259591763	0.00068244393908598	0.0108427013541017	3	No
565	Q	A2	14.9098466411233	0.369854398555864	39.4020684957504	-3.5	-0.856	8	0.0117195415856126	0.111800186900008	4.99558746514368	0.000874980933280554	0.0617946248556153	4	No
567	M	A2	127.07251650095	0.837801113883019	93.842102766037	1.9	-1.056	4	0.00113494198866395	0.108625670656211	3.57164098832611	0.000497068985482663	0.0246386244267931	4	No
569	D	A2	92.3995300829411	0.771150485254397	66.4284451007843	-3.5	-1.039	4	0.000139604694016311	0.105061472137953	2.61194029850746	0.000512011958838185	0.0179928548776095	4	No
574	I	A2	0	0	0	4.5	-0.91	11	0.0087556717551639	0.123719093729435	6.60631750686859	0.00094227883071141	0.317104618900703	5	No
575	L	A2	0	0	0	3.8	-0.967	9	0.00555229876605979	0.120989243357543	5.47636688199618	0.000783993580908962	0.268799581489642	5	No
576	F	A2	0	0	0	2.8	-0.958	15	0.0177911082910807	0.130426164519326	7.58282082600911	0.00125684500985817	0.395376066918659	5	No
580	D	A2	12.4028229936957	0.293079372102307	25.246443271637	-3.5	-1.039	7	0.00188745029479776	0.107957342083675	4.72836670502206	0.000697041907385254	0.0736861708864763	5	No
581	E	A2	0	0	0	-3.5	-1.024	10	0.00581634180228647	0.109220682214292	5.77879019273729	0.00090969365085914	0.134617007847503	5	No
582	N	A2	45.8042969107628	0.572880192537976	51.8691455125809	-3.5	-1.065	6	0.000426839461563227	0.100053219797765	3.80714549236219	0.000595655311981132	0.063640553425346	5	No
583	R	A2	104.963062749244	0.658174106674693	91.219640314579	-4.5	2.43	6	0.00386610051383552	0.108330589397432	3.70954333335313	0.000587539231976754	0.0710453943908288	5	No
584	S	A2	0.167594149708748	0.093305909825033	6.44491910934448	-0.8	-1.079	8	0.00269873321408146	0.106069154509551	4.59857558064253	0.000747314570407994	0.0870928615943373	5	No
585	W	A2	43.3444690108299	0.334754845287755	49.850017786026	-0.9	-0.802	9	0.00616265195054688	0.105179028132992	5.12903201340458	0.000816956391230366	0.100549160366694	5	No
590	N	A2	0.487137019634247	0.083997455761703	7.60521364212036	-3.5	-0.913	11	0.00277735259792922	0.0958973985280187	4.85224338466191	0.00105888844743674	0.0775651691407355	5	No
595	L	A2	10.0149493217468	0.128715478590707	13.6235036849976	3.8	-0.967	11	0.003687841134536	0.0921762274987743	5.87771479967268	0.00114870638145049	0.0465574870862716	5	No
601	V	A2	27.0062326851767	0.34295324789847	30.9563319683075	4.2	-0.247	8	0.00209493723923576	0.0914206321639458	5.13330204494379	0.000894776447047196	0.0279745121326285	4	No
605	D	A2	34.5248167514801	0.440131214429956	37.9137830734253	-3.5	-1.039	7	0.000415978819327565	0.0946898834364657	3.10287616630139	0.000764290216081625	0.030296263162036	4	No
616	S	A2	0	0	0	-0.8	-0.935	8	0.00337826863220603	0.120911429621463	5.02132177925112	0.000707688168292495	0.237285906718387	5	No
619	G	A2	0	0	0	-0.4	-0.967	8	0.00161290725315555	0.113968996276089	4.79270297383456	0.000704186991957623	0.232048509964948	5	No
620	Y	A2	44.1377823650837	0.345406091645398	45.2084763050079	-1.3	-0.954	12	0.00499309373782434	0.113145903189752	6.28084708557147	0.00103151695152868	0.290632646049136	5	No
622	F	A2	19.5162860974669	0.304949446908761	38.0314653217793	2.8	-0.964	11	0.00833655053400467	0.111534875836935	6.35519577675375	0.00103133309098557	0.149155613106776	5	No
625	L	A2	5.20747315883637	0.162951412980504	17.2471034526825	3.8	-0.972	10	0.00462138376369952	0.113116726835138	5.56825865011324	0.000921297252510674	0.207732499137555	5	No
626	Q	A2	65.916225218779	0.720099256147296	76.7150541543961	-3.5	-0.865	4	0.00025302272580246	0.106584595448287	2.87575825657156	0.000456659515063759	0.0542357683842292	4	No
630	C	A2	48.0327281281352	0.49635106690571	39.0231208801269	2.5	-0.942	7	0.000785055944067415	0.109021622069423	3.21137320240308	0.000820127237489172	0.0337802867964123	4	No
631	L	A2	12.2745800018311	0.397941527193009	42.1189271211624	3.8	-0.972	9	0.00380085045686115	0.109538871316797	4.14633983025935	0.00107324830073829	0.0371432343711324	4	No
632	H	A2	143.045725882053	0.937864802662713	103.975443482399	-3.2	-0.719	3	0	0.108500288564597	1.98261114869901	0.000407004416090234	0.0178737290523304	3	No
634	V	A2	40.7775956094265	0.471677898906345	42.5755338668823	4.2	-1.065	7	0.00186540428337573	0.113654028845323	4.14413875697652	0.000809179016134272	0.0502217314488834	4	No
635	A	A2	0	0	0	1.8	-0.919	8	0.00132270505347182	0.117910581489114	4.29809537053482	0.000810001916837684	0.0980292186387856	5	No
636	Y	A2	17.9577897489071	0.265250776332936	34.7173478603363	-1.3	-0.959	12	0.0128028967696213	0.118708280714415	5.90382926068013	0.00117878934483942	0.133742869460602	5	No
637	W	A2	0	0	0	-0.9	-0.809	14	0.0203973657282865	0.124456213353509	7.65856830479534	0.0012645328102455	0.230406032615084	5	No
638	Y	A2	0	0	0	-1.3	-0.403	13	0.019007453559883	0.122191272051996	6.91027065936745	0.0011655980692993	0.218814949256892	5	No
639	I	A2	0	0	0	4.5	-1.068	12	0.0208347852192393	0.130737134909597	6.58709638766209	0.00104629290868671	0.279779818727567	5	No
640	L	A2	0	0	0	3.8	-0.972	11	0.0167867536214827	0.127125193199382	6.38612842660397	0.000963809669644513	0.251617692797454	5	No
643	G	A2	9.78783170878887	0.499388461476507	23.5486629009247	-0.4	-0.967	3	0.0000725701006915215	0.116264687693259	2.33245205983736	0.000350959413955486	0.059388413062987	3	No
644	A	A2	56.4057306051254	0.833420163669945	50.8911354541779	1.8	-0.912	3	0.000683306416260253	0.11486427511565	2.54867256637168	0.000366820973825167	0.0353298510447064	3	No
645	Q	A2	7.22437297645956	0.258218226734567	27.5090205669403	-3.5	-1.043	8	0.00450462836319276	0.126770060687795	5.78102606026194	0.000805033588902187	0.127568386376963	5	No
651	V	A2	0	0	0	4.2	-0.591	9	0.00302437655746116	0.1316	5.37737849724769	0.000814408335249245	0.216376914458192	5	No
652	F	A2	17.672194223851	0.289981846422684	36.1647959947586	2.8	-0.964	9	0.0145759886501462	0.131758109731678	5.58557336895134	0.000843562857831575	0.156209633795417	5	No
653	F	A2	2.43463921546936	0.085656951121745	10.6826210021973	2.8	-0.695	8	0.00796533853415234	0.126319831061624	5.04794023972927	0.00075987753788066	0.145850915901985	5	No
655	G	A2	5.4889087677002	0.200379158985121	9.44887924194336	-0.4	-0.967	6	0.00147056355901194	0.121694100240429	3.72421736868539	0.000623117166741338	0.0781224579767607	5	No
657	T	A2	8.43954694271088	0.313536418099594	25.9984397888184	-0.7	-1.073	7	0.019914111702113	0.133604060913706	4.2743896009632	0.000715225993010852	0.100603943937235	4	No
658	F	A2	0.045858483761549	0.047589471716904	5.9350733757019	2.8	-0.964	11	0.0209676330789464	0.134960516870065	5.66745767350289	0.00104749715216881	0.13508001225383	5	No
660	H	A2	19.4973194953054	0.345463171624951	38.2994290590286	-3.2	-1.054	9	0.0111183736615991	0.130724148207013	4.61370383325109	0.000890244175688503	0.0982224258720101	5	No
662	M	A2	48.9224715158343	0.653168089995798	73.1613577604294	1.9	-0.417	6	0.00183359457605525	0.124232984046068	3.74152226666978	0.000681395692474996	0.0341490284887864	4	No
666	D	A2	32.4194701015949	0.596758306091501	51.4059540033341	-3.5	-1.043	7	0.0200006614635789	0.137240588173949	4.9521690408053	0.000696751176811205	0.118222079611687	5	No
667	T	A2	15.5712386071682	0.447279810042871	37.0884418487549	-0.7	-1.073	8	0.00750400644525827	0.135530381050463	5.38534257089741	0.000761358295740438	0.171652472061859	5	No
670	L	A2	0.610122922807932	0.094098831794941	9.95960855484009	3.8	-0.972	8	0.0142294160546741	0.135908292884437	4.64097397090433	0.000735790406281819	0.202230766103521	5	No
672	P	A2	0	0	0	-1.6	-0.988	8	0.00620173181471296	0.136457901285774	4.94205612837131	0.000779349650868551	0.143251941691646	5	No
674	S	A2	0.667782260105014	0.170567267179893	11.7815928459167	-0.8	-1.082	6	0.00560638698020304	0.132554391619662	3.89661570715945	0.000591133256243909	0.120994658926593	5	No
675	G	A2	0	0	0	-0.4	-0.967	5	0.000299963034743624	0.123486910012199	3.07814522872455	0.000507206874502083	0.101913465401574	5	No
676	E	A2	4.72327932715416	0.229057071384915	23.4943838119507	-3.5	-1.028	7	0.00274890793053824	0.125716469239587	4.00351497777235	0.000672204828410828	0.127332959077788	5	No
677	T	A2	1.26346429754631	0.240275846031399	19.9236731529236	-0.7	-1.073	9	0.0120961303699221	0.123998869311222	5.20581132039451	0.000851949561561612	0.125341359460073	5	No
678	V	A2	0.000289607269224	0.018333074398458	1.65481662750244	4.2	-1.065	8	0.00921829015958114	0.127965772073123	4.51627189991527	0.000769638480011034	0.118818435122318	5	No
680	M	A2	4.84451892226934	0.161810081331403	18.1243472099304	1.9	-1.059	9	0.00716049399519267	0.125464772618934	5.40362702552751	0.000922769038025063	0.108413693959124	5	No
681	S	A2	53.801752269268	0.789324038122569	54.5209792852402	-0.8	-1.085	4	0.00160719377059599	0.112066763178064	3.5236932637887	0.00060961827201937	0.021076426352139	3	No
682	M	A2	0	0	0	1.9	-0.895	11	0.0148228397795046	0.121301502442621	5.86700849334416	0.00114341635277634	0.0947615937870516	5	No
685	P	A2	14.9379566756543	0.298707680570981	24.2042833566666	-1.6	-0.992	7	0.00264172407921325	0.110625420309348	3.95793940922192	0.000816361692700216	0.0462998865738913	4	No
688	W	A2	7.07985472679138	0.146793736374987	21.8597892522812	-0.9	-0.818	13	0.0120264005290698	0.119690768531151	6.69862798723172	0.0013192512864603	0.105501297330213	5	No
691	G	A2	0	0	0	-0.4	-0.974	5	0.00237650860440752	0.125333333333333	3.35643994632834	0.000490216428581056	0.149182517201376	5	No
692	C	A2	0	0	0	2.5	-0.949	9	0.00529799878976505	0.131982749974927	5.67018938029211	0.000820962403853131	0.204369876383746	5	No
695	S	A2	15.9414426311851	0.467580952001713	32.2972190976143	-0.8	-1.086	6	0.00733367791774881	0.125945066513542	3.67359954646919	0.000623435470943805	0.0818548872727985	5	No
700	R	A2	67.452110812068	0.355122871155338	49.2182543277741	-4.5	-0.87	6	0.0142202566613484	0.117217422285562	4.78981014515692	0.000621642788777282	0.0715453435194901	5	No
702	M	A2	0	0	0	1.9	-1.064	11	0.0107021051746197	0.129438379069539	6.66758812464044	0.000978232822647806	0.245997770933955	5	No
705	L	A2	23.3465601801872	0.273919412332477	28.992178440094	3.8	-0.979	8	0.00638216791415216	0.114087559601214	4.63434022770185	0.000807213043956719	0.104299511091256	5	No
706	L	A2	0	0	0	3.8	-0.979	7	0.00703866330047987	0.121212121212121	4.79045521552475	0.00073896098240846	0.0797246343970381	4	No
1690	S	A3	134.716819524765	1.15281494902979	79.6283869743347	-0.8	-0.827	2	0.000000577854311371017	0.0812696844315445	2	0.000561143099350941	0.000219907712115054	2	No
1693	K	A3	105.907844975591	0.86576255566312	104.326119482517	-3.9	-0.644	4	0.00455779668178543	0.0970000737082627	4	0.000817849159129972	0.00882882877025015	2	No
1695	T	A3	67.4923669397831	0.706106893003016	58.5503835678101	-0.7	-0.941	5	0.000762859556494195	0.110849056603774	2.880401976098	0.000612172069651986	0.0754271570611583	4	No
1696	R	A3	64.1384631581605	0.510518065503186	70.755251288414	-4.5	-0.872	10	0.00505134925253911	0.120380534211489	5.62569361577993	0.000988718295782165	0.247161522512059	5	No
1698	Y	A3	31.3775805234909	0.328557624369513	43.0032646656036	-1.3	-0.963	8	0.00453707496568864	0.121964782205746	4.62814701669827	0.000783705972579173	0.227979421237433	5	No
1701	A	A3	0	0	0	1.8	-1.071	10	0.00288176732377352	0.120733944954128	4.79147536573577	0.000913051430042793	0.290592857316311	5	No
1704	E	A3	50.7004768624902	0.479761649028848	49.209152340889	-3.5	-1.035	8	0.0025500806570453	0.116925810750777	4.48462848801221	0.000757572945263052	0.216924588460968	5	No
1708	D	A3	42.3188992738724	0.626408459568912	53.9600775241852	-3.5	-1.049	6	0.00104591576555012	0.119073470865002	3.66538110931912	0.000643251394022249	0.18468872809274	4	No
1721	R	A3	118.082413971424	0.900603213727059	124.819102406502	-4.5	-0.286	7	0.00385805074427621	0.112478632478632	4.09530391098287	0.000907192129432155	0.0702888707949633	4	No
1730	F	A3	6.5488136857748	0.128293875896107	16.0000424385071	2.8	-0.967	10	0.00548504143811299	0.124397391057756	6.3395633427046	0.000926427579246456	0.364543359794984	5	No
1735	F	A3	0.098589941859245	0.040707105753472	5.07674598693848	2.8	-0.967	11	0.00979895267536712	0.128969031752254	6.41278775446334	0.000972091443357455	0.377222056460373	5	No
1736	Q	A3	50.8168030977249	0.529904632483138	56.4528601169586	-3.5	-0.685	7	0.00144563355339119	0.122589659990685	4.11289649877102	0.000669503779397036	0.214874044340646	5	No
1738	F	A3	16.1606076955795	0.233760754793736	29.1532387733459	2.8	-0.703	12	0.00968523228467472	0.117081850533808	5.85264779054478	0.00121744170829531	0.185547002137472	5	No
1740	D	A3	59.6774014830589	0.496920061112557	42.8056879043579	-3.5	-1.045	6	0.000417233698991344	0.108143643684773	3.06716523879396	0.000683892642455635	0.082433807696206	4	No
1742	S	A3	53.2781515717506	0.686386315237505	47.4107619524002	-0.8	-1.086	5	0.000518057651017849	0.104827146726143	3.1497165255127	0.000619404761280905	0.0674728874402976	4	No
1743	F	A3	5.64433763315901	0.122939898261667	15.3323264718056	2.8	-0.971	10	0.00195701634327015	0.115276804484933	4.62090812751056	0.000990535824107014	0.211638584145882	5	No
1745	Q	A3	79.9217983931303	0.567958008156035	60.5068384408951	-3.5	-0.343	5	0.00122468649496289	0.112661587192877	2.92559243246757	0.000655995421556365	0.0396889465663189	4	No
1749	R	A3	93.524100381881	0.788679173758305	109.306990087032	-4.5	-1.043	8	0.0398320328822921	0.134272013059892	4.55470338303753	0.000767437819643477	0.368272293812215	5	No
1750	G	A3	4.44254437088966	0.413474949656836	19.4974112510681	-0.4	-0.97	6	0.000537023743144541	0.12723581166006	3.58856957183574	0.000611646074549348	0.187385718541189	5	No
1751	E	A3	18.6905229871627	0.455136290184178	46.6833292841911	-3.5	-0.84	7	0.0120423883428222	0.124833997343958	4.28209017297169	0.000700151214374014	0.1381764586254	5	No
1752	L	A3	16.5566463309806	0.616218758508806	65.221825838089	3.8	-0.975	7	0.00740225207592604	0.130219671482288	5.60320246365192	0.00070641837906257	0.227386537416368	5	No
1753	N	A3	31.1845503747463	0.506240074633051	45.8354825973511	-3.5	-1.071	8	0.012005534298782	0.133090614886731	4.31930058496712	0.000755245039173504	0.384552485328975	5	No
1755	H	A3	0	0	0	-3.2	-1.056	13	0.0167030574778964	0.141368568052422	6.72177822316266	0.00111613453276009	0.872326710097108	5	No
1756	L	A3	0.900224886834621	0.071449863070685	7.56239640712738	3.8	-0.975	12	0.0303286086443925	0.140478223740393	5.55451115502206	0.00102951022531299	0.756613799126565	5	No
1758	L	A3	0.270198732614517	0.10038122284996	10.6245493888855	3.8	-0.205	8	0.00801750572623595	0.134642930223041	5.11054983994132	0.000708408308440296	0.562306432329535	5	No
1763	I	A3	0	0	0	4.5	-0.918	11	0.0160716251144662	0.134299418307991	6.71801381752134	0.000972110451192386	0.464849783868188	5	No
1766	E	A3	16.4161275923252	0.278742904724451	28.590659737587	-3.5	-1.031	11	0.00254945575387938	0.118419868622334	4.89871674838469	0.0011202824611714	0.238127354468138	5	No
1767	V	A3	33.8524541081861	0.517145388252947	46.679611325264	4.2	-1.067	8	0.001928486054905	0.114774114774115	4.39942924701122	0.000863711062378454	0.143586120323459	5	No
1769	D	A3	14.427886523481	0.285916093891967	24.6293841600418	-3.5	-1.045	7	0.000900204769906439	0.112971070478153	3.80316156826159	0.000759191664123031	0.143805374039738	5	No
1772	M	A3	51.5714888572693	0.335225649427467	37.5486249923706	1.9	0.458	9	0.0013828600462842	0.115967571378216	4.87309644670051	0.000914429609849916	0.178083853727781	5	No
1775	F	A3	0	0	0	2.8	-0.969	13	0.00635935881042263	0.120402561756633	7.41131501267924	0.00115553172682027	0.363817786515165	5	No
1777	N	A3	0.022124605253339	0.030626395228443	2.77294445037842	-3.5	-0.926	12	0.00340617205306537	0.111980939414568	5.14943682821159	0.00111965731280212	0.229781606400476	5	No
1782	P	A3	42.4338992536068	0.551374259001529	44.6778562068939	-1.6	-0.75	7	0.000229340884233663	0.107930779955712	3.59651005043639	0.000692366231035781	0.134478952035027	5	No
1783	Y	A3	0.000479085952975	0.030855555610323	4.03852939605713	-1.3	-0.956	12	0.00718615883687728	0.115845070422535	7.14351679766165	0.00106516844239448	0.310440191137827	5	No
1784	S	A3	0.011019613593817	0.045385977603799	3.13494563102722	-0.8	-1.083	9	0.00421556668770919	0.122055277314042	5.52493056696448	0.000844326799499979	0.223319940517322	5	No
1785	F	A3	0	0	0	2.8	-0.965	10	0.011922680377016	0.127965772073123	6.18609581614738	0.000900699624618112	0.335847581339412	5	No
1787	S	A3	0.066747147153365	0.06643307810817	4.58873200416565	-0.8	-1.083	6	0.00103501030437309	0.127953330092368	3.90252815660586	0.000613613305636193	0.139291515345217	5	No
1788	S	A3	16.1681080460548	0.62273322302803	43.0140519142151	-0.8	-1.083	7	0.00208280244439772	0.126210798887504	4.35952038685389	0.00070304247087311	0.111758980993695	5	No
1789	L	A3	0.550420929677785	0.085522811299867	9.05190539360046	3.8	-0.716	8	0.00232283267339032	0.127618308766486	4.55247245156108	0.000781508430722657	0.182676552645843	5	No
1791	S	A3	25.6310953944921	0.77803511877271	53.7412197589874	-0.8	-0.947	6	0.00457961859618538	0.12120095781912	3.62050434736534	0.000628997756719239	0.109831433441815	5	No
1792	Y	A3	45.1871728599072	0.412434324267514	53.9814665317535	-1.3	-0.677	8	0.00931003386722033	0.117836676217765	4.51930902963359	0.000897251765654878	0.0761584285930363	5	No
1805	N	A3	12.2824900150299	0.383583460087855	34.7300300598145	-3.5	0.169	8	0.00736887880181709	0.11556023884791	5.50719657447933	0.000834188540328396	0.109517794018332	5	No
1807	V	A3	0	0	0	4.2	-0.754	9	0.00292844386343402	0.112796777234936	4.72593230993878	0.000863838873071233	0.179411777226937	5	No
1815	Y	A3	13.9901357963681	0.263799608047485	34.527411699295	-1.3	-0.956	8	0.00332232410693437	0.118462507876497	4.9901856907495	0.000777499749529733	0.202489760339373	5	No
1817	W	A3	3.939448595047	0.055247627895898	8.22720050811768	-0.9	-0.81	12	0.00512944719137193	0.122293467149893	6.23576480482666	0.00114296638592443	0.265788413946699	5	No
1821	H	A3	123.416245341301	0.942230785902934	104.459473848343	-3.2	0.122	4	0.0000105308059812945	0.116645984754476	2.09461595702094	0.000486615704155203	0.0487656202924324	4	No
1823	M	A3	2.30287575721741	0.076644108365896	8.58490657806397	1.9	-1.06	11	0.00763870079347315	0.12810279373114	5.33087253274902	0.00110457204199288	0.199029059959538	5	No
1824	A	A3	1.73163457214832	0.242316312705424	14.7965610027313	1.8	-1.066	6	0.00154505066546196	0.122543998510103	3.86231441216086	0.000654781257812801	0.111838801057791	4	No
1825	P	A3	6.96767122484744	0.208521513060318	16.8964982032776	-1.6	-0.989	8	0.0042529021749447	0.13029702970297	5.25135481100505	0.000813155197321301	0.197175571178511	5	No
1826	T	A3	40.0453813225031	0.573463719994103	47.551611661911	-0.7	-0.486	5	0.000525542680139029	0.119148936170213	2.50055985386751	0.000593810181036889	0.0616098602308511	4	No
1828	D	A3	39.1013519912958	0.576768432427741	49.6839863061905	-3.5	-0.511	5	0.000394762745459101	0.119777919359243	2.91150221630679	0.000614714540959169	0.03906576297866	4	Yes
1829	E	A3	15.76231779929	0.339167461160959	34.7884064912796	-3.5	-1.029	7	0.0063195888008664	0.130568508780633	3.77932429427887	0.000773640988475763	0.100866507533917	4	No
1832	C	A3	0.035570945590735	0.045432161356893	3.57187652587891	2.5	-0.943	10	0.0109839546530019	0.137541806020067	6.00435136919952	0.000902383127753776	0.5240972240171	5	No
1833	K	A3	19.4059278517961	0.41442512585429	49.9390565156937	-3.9	-0.822	7	0.0132045161400674	0.137613719544076	4.85454820276626	0.000679813112505663	0.266912757862658	5	No
1834	A	A3	3.24127840436995	0.263787658274346	16.1076657772064	1.8	-1.066	6	0.00370339525604244	0.139126757585368	3.86765074261978	0.000576843616095837	0.340785858185602	5	No
1835	W	A3	2.54588717222214	0.150177446209159	22.3636744022369	-0.9	-0.81	11	0.0413112106858164	0.14079383759495	7.18059586363812	0.00102340136695379	0.328279849684633	5	No
1836	A	A3	19.9039334058762	0.638932621705689	39.0151426792145	1.8	-1.066	4	0.00145108972567745	0.135224003288122	3.61610478254854	0.00044051118035287	0.136154695868168	4	No
1837	Y	A3	0	0	0	-1.3	-0.956	12	0.0104254369033085	0.134176182707993	6.85521626691385	0.0010574468029712	0.446933996619886	5	No
1842	D	A3	30.1104307472706	0.361909180431911	31.1755806207657	-3.5	-1.044	7	0.00455317837501336	0.120248538011696	4.13319254838188	0.000689460489274913	0.134832501237828	5	No
1843	L	A3	62.1778989955783	0.857444879579399	90.7536809444428	3.8	-0.716	5	0.0264694577457744	0.12962962962963	4.45454545454545	0.000519291251493459	0.108922589184092	5	No
1844	E	A3	34.1488092935178	0.535956496695881	54.9730578660965	-3.5	-1.029	7	0.00647924467656575	0.128503075871497	4.04679729245985	0.000680102027411662	0.164893167819797	5	No
1845	K	A3	67.7246241159737	0.431272244999904	51.9691680669785	-3.9	0.235	7	0.000384603568566997	0.121851851851852	3.68665241753943	0.000671442481021435	0.173126752948701	5	No
1846	D	A3	0	0	0	-3.5	-1.044	11	0.00380373407882492	0.125596487879366	5.13305913673202	0.000991726940826109	0.274915686272148	5	No
1848	H	A3	20.4338081777096	0.430502628657291	47.7272434234619	-3.2	-1.055	10	0.0130782515521928	0.132795156407669	5.79065744097795	0.000895788128562744	0.353150144183623	5	No
1849	S	A3	0	0	0	-0.8	-0.815	9	0.00242646639808674	0.12640476419172	4.93726229495696	0.000812698154579668	0.280575087420236	5	No
1851	L	A3	0	0	0	3.8	-0.973	9	0.00388214537079992	0.126904532304725	5.43147239302442	0.000811126951117164	0.295324147131592	5	No
1853	G	A3	0	0	0	-0.4	-0.968	6	0.000421396879565598	0.130529656814124	3.64902391588741	0.000582864518017295	0.293569935383672	5	No
1857	V	A3	0	0	0	4.2	-0.919	11	0.00801287279887321	0.132155051215103	6.61727911616824	0.00102264330019736	0.358769350125398	5	No
1858	C	A3	0	0	0	2.5	-0.943	9	0.00235571871458299	0.125728479984714	4.8060011858497	0.000869357104177614	0.286873373634883	5	No
1863	L	A3	11.5102884019725	0.247197057836773	26.1638309955597	3.8	-0.973	10	0.0075530357099906	0.128817541111981	6.0828316036901	0.000989813330155981	0.296096695170046	5	No
1869	R	A3	27.0190503299236	0.423068333473757	58.6351556777954	-4.5	-1.041	10	0.0119438259631073	0.13119330076762	5.9293724016454	0.000993654150294474	0.321771608875012	5	No
1870	Q	A3	8.92221349477768	0.132744139560806	14.1417641639709	-3.5	-1.044	8	0.00221779903607405	0.127408267983348	4.48375460227653	0.000819352787414659	0.280361369277357	5	No
1873	V	A3	3.38734399527311	0.176760579934729	15.9551169872284	4.2	-0.126	7	0.00163691292800869	0.129821446187235	4.06300950687943	0.0007024342200031	0.345006702343531	5	No
1875	E	A3	1.96922656521201	0.237334156938263	24.3433644771576	-3.5	-1.029	7	0.00869431034990111	0.13784434901016	4.6162097629422	0.000648098061838503	0.4928448442885	5	No
1876	F	A3	0.081402537412942	0.053340510801115	6.65230846405029	2.8	-0.965	11	0.0179769013683637	0.143762289709417	5.69111233708523	0.000940150057399247	0.871956757154335	5	No
1877	A	A3	0	0	0	1.8	-0.915	6	0.00177446725630352	0.138046784852617	4.11270911908974	0.000548898637712349	0.549928169249403	5	No
1880	F	A3	0	0	0	2.8	-0.965	11	0.011628209448323	0.150520416333066	5.91503508557721	0.000906778630988521	0.937282642008664	5	No
1882	I	A3	3.07005492970347	0.168892397155113	17.7855516672134	4.5	-0.919	9	0.024158402200786	0.142316426949281	6.18112173966366	0.00081033017746748	0.464364818168378	5	No
1885	E	A3	0	0	0	-3.5	-0.837	11	0.00422047220690832	0.125620465826651	5.90829014433249	0.000978888410583902	0.428348782771783	5	No
1888	S	A3	8.51446914672852	0.168243485962796	11.6210823059082	-0.8	-0.951	7	0.000418321871767396	0.116666666666667	4.27388111930341	0.00066297500173756	0.215616377603441	5	No
1889	W	A3	56.3468064144254	0.408641970934527	60.8529191017151	-0.9	-0.81	9	0.00539200910689105	0.118101049986539	5.50819818372025	0.000825841350326166	0.237356153426303	5	No
1894	N	A3	1.33601882681251	0.144482801773193	13.0816173553467	-3.5	-1.069	10	0.00228233875302617	0.114275790204932	4.25550495643294	0.000956853641718977	0.232124831394826	5	No
1917	R	A3	63.9675415912643	0.643595703374368	89.1991465091705	-4.5	-0.673	8	0.0190446614019453	0.134053173067128	5.10478641015402	0.000775550129646651	0.253490722684614	5	No
1918	F	A3	16.085871742107	0.281952747007162	35.1634548902512	2.8	-0.965	8	0.00843141538690311	0.131956281961295	5.00149059631617	0.000730403562658874	0.430673154430405	5	No
1919	H	A3	36.3518179953098	0.382314493799299	42.3849140405655	-3.2	-0.713	6	0.000885354185283779	0.135154565061107	4.09336856345987	0.000565313997341732	0.398126770771285	5	No
1921	I	A3	0	0	0	4.5	-0.767	11	0.00666774289609109	0.143683808276013	6.5007352562694	0.000912536015795099	0.940974201934371	5	No
1924	Y	A3	45.4611855000258	0.335983399943735	43.9751873016357	-1.3	-0.68	11	0.00621066736417333	0.135614179719703	6.01466714976234	0.000941078679645605	0.777856227865874	5	No
1927	D	A3	34.4754717573524	0.517663047648642	44.5925302505493	-3.5	-1.044	7	0.00984899689688878	0.135852173015381	4.68491857187289	0.000641012185301028	0.481094827511269	5	No
1932	L	A3	5.39156290888786	0.16459397422139	17.4209554195404	3.8	-0.973	12	0.0346283919098302	0.14554302145543	7.06932256770717	0.00100287932762115	0.955432381774676	5	No
1940	I	A3	0.000768832163885	0.032115123201463	3.38194727897644	4.5	0.044	11	0.00897335838944667	0.139067948853429	5.54472671441579	0.000966058210912354	0.688949097638601	5	No
1943	Y	A3	0	0	0	-1.3	-0.683	13	0.0261513238210133	0.148031496062992	7.0298467585546	0.00109813510877534	0.911448622784995	5	No
1944	L	A3	0	0	0	3.8	-0.466	9	0.0280882125865195	0.152827778422947	5.97536621170379	0.00077469119108813	0.717101782012685	5	No
1945	L	A3	3.70582282543182	0.116873804745009	12.3701572418213	3.8	-0.973	9	0.0315685760714921	0.149647486922902	5.56420059468773	0.00078265360375204	0.663354602217148	5	No
1947	M	A3	22.1743886684999	0.406545412326517	45.5371516346932	1.9	-1.06	9	0.0172989257708686	0.144567724925849	6.00265915507271	0.000801925466856315	0.485097841205227	5	No
1948	G	A3	19.5691723190248	0.7713917823349	36.3749794960022	-0.4	-0.969	3	0	0.130568508780633	1.91328539184295	0.00036024983757121	0.107370284379616	3	No
1949	S	A3	38.027135014534	0.653340759096199	45.1282062530518	-0.8	-0.402	6	0.00212187385852927	0.136983449568023	3.43490206818563	0.00062443683674383	0.167812751472976	5	No
1950	N	A3	20.1144233010709	0.420206107201743	38.045881152153	-3.5	-0.626	8	0.0438177323851998	0.141642449682488	4.95117276313896	0.000778097285454485	0.22812383139414	5	No
1954	H	A3	0	0	0	-3.2	-0.887	11	0.0106450029309122	0.149579449874972	6.72976164177562	0.000924596015463253	0.789588155962983	5	No
1955	S	A3	0	0	0	-0.8	-1.083	7	0.00109681018818798	0.143966743244722	4.23367502413941	0.000636771386361811	0.376343736094148	5	No
1956	I	A3	0	0	0	4.5	-0.148	11	0.0259634423600974	0.15321923390383	6.40333622884113	0.000918390744325278	0.777409527867491	5	No
1957	H	A3	0	0	0	-3.2	-1.055	9	0.0124566586963887	0.14880144730891	5.3090687992852	0.000778339833984405	0.537711134480283	5	No
1959	S	A3	0	0	0	-0.8	-1.083	8	0.0169410878068209	0.144854155200881	4.54772575186549	0.000725287708758633	0.40844419816966	5	No
1960	G	A3	1.0112099647522	0.117352501532771	5.53375720977783	-0.4	-0.968	5	0.00747684179375974	0.14050822122571	2.97676266215816	0.000493405835976007	0.261704456556341	5	No
1961	H	A3	6.21764725446701	0.211943394178814	23.49689245224	-3.2	-0.89	8	0.00508762054195753	0.141474951623307	4.95585807698915	0.000735513586317026	0.386948352178903	5	No
1962	V	A3	12.9408433884382	0.301469469032399	27.2118401527405	4.2	-1.065	8	0.00475411765259498	0.138511735606778	5.23940612326182	0.000743965256343464	0.258282071884932	5	No
1963	F	A3	1.15897132083774	0.067679582520855	8.44059145450592	2.8	-0.965	11	0.0134689098813006	0.144045534150613	5.97241087765451	0.000971083612292241	0.454244477137496	5	No
1966	R	A3	70.6048914488638	0.620145622091577	85.949082493782	-4.5	-0.861	7	0.00327167266634498	0.132983023443816	4.56101617642093	0.000757242422714573	0.123152290654148	4	No
1967	K	A3	57.9298765659332	0.722844384699564	87.1041940450668	-3.9	-1.022	7	0.0164764397492937	0.139347734011012	4.98045165809784	0.000752032679708054	0.118970095496084	4	No
1974	A	A3	1.23340570926666	0.06643719188456	4.05685424804688	1.8	-1.066	7	0.0014884205199882	0.138468013468013	4.24316523998866	0.000644387366661947	0.279791912895206	5	No
1975	L	A3	8.71693267300725	0.269637169840384	28.538937330246	3.8	-0.755	11	0.0129393809554653	0.146776712023199	5.97937106128713	0.000943782634531012	0.503600127771376	5	No
1978	L	A3	0	0	0	3.8	-0.973	9	0.0434519620167296	0.153344208809135	5.50315967880715	0.00077123665222772	0.663670806352862	5	No
1979	Y	A3	19.5232076644897	0.21586762614195	28.2538342475891	-1.3	-0.956	12	0.0736288665543459	0.150658271322267	7.2080578149311	0.0010494930151706	0.486049638601905	5	No
1980	P	A3	0.007062457501888	0.04822313086745	3.90752029418945	-1.6	-0.752	10	0.012448274605989	0.142981312472838	5.78594048002969	0.000929507763730777	0.367305568528236	5	No
1985	T	A3	7.91779211163521	0.293876353635112	24.3682272434235	-0.7	-1.074	9	0.0111225848561792	0.140493220881819	5.34038555036496	0.000804825401782635	0.574127104615921	5	No
1987	E	A3	14.6889241337776	0.286420659385741	29.3781670331955	-3.5	-1.03	8	0.00705997364851983	0.140089418777943	4.77291782546196	0.000732739540025515	0.445955370897156	5	No
1988	M	A3	10.9670769944787	0.198488120106371	22.2326543331146	1.9	-1.06	9	0.00915382697821927	0.141566265060241	5.96511826948071	0.000815596601424149	0.481453987858854	5	No
1996	W	A3	1.92138150334358	0.060587126569175	9.02233195304871	-0.9	-0.811	14	0.0302440225033562	0.143152398564125	7.34265358883572	0.00123061017123988	0.575220487428787	5	No
1998	V	A3	0	0	0	4.2	0.027	9	0.0106533880110865	0.148398737032025	5.48345787261936	0.000767382721018842	0.705870428281316	5	No
2010	M	A3	0	0	0	1.9	-0.581	11	0.00673434580823124	0.146124805685099	6.53470468185801	0.000922853010500522	0.831617131942863	5	No
2011	S	A3	3.57816290855408	0.162347461084713	11.2138261795044	-0.8	-0.82	9	0.00397936209148315	0.141932700603969	5.06340998519937	0.000772257978445869	0.69650677224828	5	No
2012	T	A3	0	0	0	-0.7	0.092	8	0.00334904332418416	0.141216868762743	4.54368080876244	0.000701721903499814	0.645688380636022	5	No
2017	Y	A3	17.6728491187096	0.258570411068035	33.8429882526398	-1.3	-0.683	11	0.038166205018486	0.133753430226649	6.51563233646915	0.000996817966345029	0.387483373120154	5	No
2021	C	C1	0	0	0	2.5	-0.943	7	0.0115604623002462	0.117889456239362	4.84865171543919	0.000717829814790097	0.0824726896475632	5	No
2025	L	C1	17.6290326528251	0.335370315513121	35.4962649345398	3.8	-0.974	7	0.0174487163339973	0.111714770797963	5.1424446068085	0.000682709985033442	0.0770605579718448	5	No
2026	G	C1	4.09627825021744	0.297868478059288	14.0459880828857	-0.4	-0.969	8	0.00919612606239604	0.104105687841152	4.50299688721195	0.000779025334029518	0.0581105711283982	5	No
2028	A	C1	48.466057099402	0.766755784410823	46.8204084634781	1.8	-1.067	7	0.00184959387890308	0.0978075065031587	3.93131828974226	0.000682935988361103	0.056993229194553	5	Yes
2034	D	C1	74.7722552465275	0.734155110703299	63.2415895462036	-3.5	-1.044	6	0.000529758528479684	0.0969072164948454	3.2029083602243	0.000608260786116638	0.0468620219335434	5	No
2037	I	C1	6.55835580825806	0.089695031469466	9.44551467895508	4.5	-1.069	12	0.00793368310470961	0.103272384838735	6.09537408215208	0.00108665274361867	0.104996442442481	5	No
2041	G	C1	26.5967945456505	0.55360934625892	26.1054487228394	-0.4	-0.969	4	0.0000246167301690306	0.0866302415904154	3.06707931981778	0.000466579600787548	0.0250794075182875	4	No
2043	Y	C1	84.9481925781583	0.546697546382245	71.5545083582401	-1.3	-0.958	8	0.000283776619529956	0.0853381752156151	4.13322438846702	0.000859910734442301	0.0286626797178037	4	No
2044	G	C1	59.8929224014282	0.941382505117349	44.3908920288086	-0.4	-0.97	3	0	0.0809348093480935	1.95309288432438	0.000385735663039724	0.0122921905173508	3	No
2046	W	C1	7.02843427658081	0.129621739680982	19.3026213645935	-0.9	-0.811	11	0.00524563615045415	0.0879032796740365	6.13684720160263	0.00112949974226047	0.0531950032612298	5	No
2048	P	C1	17.0663734674454	0.277646773982222	22.4977180957794	-1.6	-0.989	10	0.00384462460096221	0.0948947216613787	5.25189130609535	0.00094141255031795	0.0831531843911134	5	No
2050	L	C1	22.3238353580236	0.318162176033773	33.6749210357666	3.8	-0.974	10	0.00545104840096232	0.0911357340720222	5.53485155209067	0.0010042958777371	0.0606585686063935	5	Yes
2051	A	C1	0	0	0	1.8	-1.067	10	0.00381253071939367	0.0973516792424915	5.72103442340655	0.000896079099201336	0.106088298440035	5	No
2052	R	C1	23.4030784964561	0.297817535707284	41.276021361351	-4.5	-1.042	14	0.0123662309109272	0.0992683110809384	7.10116126873501	0.00125821217732317	0.112561050999643	5	No
2053	L	C1	9.63659183867276	0.236617045861064	25.0440213680267	3.8	-0.722	10	0.00448461014233612	0.0993657505285412	5.24362389899504	0.000950704254367639	0.0734713447085399	5	No
2061	A	C1	0	0	0	1.8	-1.067	9	0.00145823911830372	0.0925587283724856	5.18701408862744	0.000862106505689107	0.0734113941580548	5	No
2063	S	C1	0	0	0	-0.8	-1.083	7	0.000125334819650595	0.0868704204898013	3.79331157901144	0.000705802912084167	0.0451387047016762	5	No
2070	W	C1	62.6668286323547	0.371241869713675	55.2834830284119	-0.9	-0.811	10	0.00659774949666329	0.101176289690167	5.36129152080897	0.0009329673685362	0.0911487139895048	5	No
2071	I	C1	0	0	0	4.5	-0.924	12	0.00866892092570321	0.102636094213071	6.04108810327169	0.00106401256563213	0.122714698911173	5	No
2073	V	C1	0	0	0	4.2	-1.064	11	0.012803447976807	0.107017971863056	6.48552261675047	0.000993756718951143	0.105417299724561	5	No
2080	I	C1	0	0	0	4.5	-0.756	12	0.0275814472443756	0.129667947581042	6.48950778265921	0.00108106870820767	0.276554772193847	5	No
2082	H	C1	9.1262184381485	0.359995875855445	39.910582780838	-3.2	-1.053	11	0.0179673045787838	0.123975506358926	6.03991643048925	0.00101533946713927	0.193139197847183	5	No
2098	I	C1	0	0	0	4.5	-0.433	13	0.0113919205488945	0.0987246811702926	6.38756291693336	0.00119412149206653	0.0955164185003408	5	No
2100	Q	C1	64.1467776894569	0.483916746967356	51.5535867214203	-3.5	-1.042	9	0.00695729781675183	0.104610492845787	4.42796321432927	0.000877146407651499	0.0681157332556604	5	No
2101	F	C1	0	0	0	2.8	-0.697	13	0.0101581957591561	0.106818181818182	6.36445181089624	0.00117726354596199	0.120309009043347	5	No
2102	I	C1	32.0202527638467	0.34542924466446	36.3761174678802	4.5	-0.918	8	0.0102433854921474	0.111771700356718	4.44784013421918	0.000767758605823062	0.0895262340391065	5	Yes
2112	W	C1	63.7871545553207	0.41347889176058	61.5732091665268	-0.9	-0.806	9	0.0194825110767181	0.116553006819591	4.74444422851032	0.00091097087792884	0.0732208968583153	5	No
2116	R	C1	27.3011244125664	0.324863954266281	45.0245197415352	-4.5	-0.484	12	0.0432896033703804	0.127248114484626	5.78564158396135	0.00119717485782329	0.162098544028876	5	No
2117	G	C1	4.67297410964966	0.253079013624243	11.9339408874512	-0.4	-0.965	6	0.000763563309254286	0.121089436878911	3.68637507100544	0.000628685973920892	0.0978936239371938	5	No
2119	S	C1	27.2144365971908	0.465473218098305	32.1516315937042	-0.8	-1.081	7	0.000855445057943237	0.115135608048994	3.96757415303875	0.000777831479353276	0.062819365056832	4	No
2121	G	C1	26.8173658847809	0.458792969702967	21.6343824863434	-0.4	-0.965	4	0.000816497326663742	0.114964619550974	2.64245608103715	0.000478622814494023	0.0419638731941575	4	No
2122	T	C1	49.8777271509171	0.725510533857737	60.1593334674835	-0.7	-1.072	3	0.00082638895275545	0.114754098360656	2.45416602256918	0.000400215694413917	0.0257650801859468	3	No
2124	M	C1	44.0642982721329	0.424213092695995	47.5161085128784	1.9	-0.573	8	0.0131299169262687	0.118558558558559	4.08501883118532	0.000805876141664115	0.0897749034835822	5	No
2126	F	C1	10.0946609973907	0.192517022756049	24.0095679759979	2.8	-0.68	10	0.0160885319677449	0.114654120926991	5.56276527451196	0.0009315383949429	0.117330409818753	5	No
2127	F	C1	107.701020818204	0.724311903981035	90.3318347930908	2.8	-0.677	7	0.00631035664676961	0.104577240940877	4.47034497411191	0.000708904914532863	0.0516893465197882	5	No
2128	G	C1	0.112995773553848	0.041103646176552	1.93824243545532	-0.4	-0.417	6	0.0000656271048606739	0.0975971521803619	3.59403174300628	0.000607760049106833	0.0473125197820599	5	No
2131	D	C1	51.5381679534912	0.476086984669694	41.0110850334168	-3.5	-0.85	6	0.00168477380749427	0.0893475456582253	3.47474043340416	0.000707652067671248	0.0146058903777129	4	No
2132	S	C1	18.3319937727938	0.377416239661105	26.0692719221115	-0.8	-1.077	5	0.00132227433890371	0.0838323353293413	3.79314052252446	0.000612412382914934	0.00961099375231844	4	No
2133	S	C1	82.8977204346738	0.827843633651485	57.181643307209	-0.8	-0.939	3	0.0000415833717760785	0.0870082644628099	2.00693756194252	0.000400137696320957	0.00971087213113126	3	No
2136	K	C1	82.3820044437889	0.51362777424639	61.8931740522385	-3.9	-0.805	7	0.000608199930661604	0.100757981777812	4.38559518213908	0.000698568171565791	0.0479259314812471	5	No
2138	N	C1	11.9663610097195	0.180641028896899	16.3554193973541	-3.5	-0.908	8	0.0018959983060503	0.108841286907617	4.51264335292712	0.000770679600779492	0.0742873999030852	5	No
2143	P	C1	5.15222358703613	0.24210788520136	19.6180019378662	-1.6	-0.979	8	0.0149852566689205	0.129311191903311	4.82453369019302	0.000738973539397632	0.228285876900364	5	No
2144	I	C1	0.194688856601715	0.050235064263093	5.29010391235352	4.5	-1.062	9	0.0150478604180467	0.122066598645766	5.5185444425026	0.000821004032458976	0.185057965738784	5	No
2146	A	C1	0	0	0	1.8	-1.059	10	0.00380254569479113	0.119865197194644	5.40456341309429	0.000956053287581659	0.126633571378175	5	No
2147	R	C1	72.606253862381	0.381452763139516	52.8674457073212	-4.5	0.459	9	0.00241972467774272	0.112076307273037	4.44376714416337	0.000904324445674839	0.0656142693953585	5	No
2153	P	C1	7.04787600785494	0.255300179831881	20.6869735717773	-1.6	-0.98	9	0.00232517212326808	0.099893730074389	4.93361112961889	0.000853235986087631	0.0784537859368765	5	No
2155	H	C1	109.180363714695	0.634068841197168	70.2954080104828	-3.2	-0.877	5	0.00054813954356577	0.0961285609934259	3.01566196233644	0.000541326577109579	0.0311650081108395	4	No
2157	S	C1	26.6016714572906	0.389854808201146	26.9284411668777	-0.8	-0.935	6	0.000602646366455383	0.0834707598629963	3.27555853401683	0.000667202345514643	0.0200525696169397	4	No
2161	T	C1	0	0	0	-0.7	-1.068	10	0.00364612186743361	0.0915988028119997	5.77095930704173	0.00094786730965698	0.0711320575000056	5	No
2162	L	C1	0	0	0	3.8	-0.963	11	0.00603547809397207	0.100236118516262	6.33892950912637	0.000980749425080485	0.111955497734737	5	No
2164	M	C1	0	0	0	1.9	-0.886	9	0.00211578314859381	0.101075268817204	5.71087806932864	0.000810668090956565	0.0979415775296808	5	No
2166	L	C1	0	0	0	3.8	-0.963	9	0.00439971844824537	0.108769319778494	5.98298986713097	0.000836877599231907	0.089062677070598	5	No
2168	G	C1	0.000384147385375	0.057110935844605	2.69306617975235	-0.4	-0.958	6	0.0037165197722272	0.118697573735005	4.37314861807163	0.000603910911970197	0.0960212910283282	5	No
2171	L	C1	20.4656478688121	0.407136087931553	43.0920978188515	3.8	-0.696	8	0.0150535997765835	0.131049591714798	5.50895476106028	0.000779710578271403	0.194219612290827	5	No
2173	S	C2	11.9029766097665	0.32880431954444	22.7115007638931	-0.8	-1.077	8	0.0247154675886697	0.128177656569592	5.46780077123096	0.000792669970160077	0.138898251396336	5	No
2176	M	C2	55.3338864439866	0.542438501716139	60.7585365772247	1.9	-0.404	8	0.0178044499751216	0.113575558815914	5.38741647710712	0.000821011655462864	0.0601822498862722	5	No
2177	P	C2	68.6947473883629	0.757675988577361	61.3944853544235	-1.6	-0.491	5	0.0111711260376285	0.104122161563415	3.51401126776699	0.000528858807289827	0.0762398049492613	5	No
2179	G	C2	3.48828760534525	0.272511760928878	12.8502920866013	-0.4	-0.687	8	0.0057502702776821	0.0993057651675219	4.32549422668018	0.000804919380000604	0.121007457500746	5	No
2181	E	C2	88.0478144288063	0.686563466438323	70.4208147525787	-3.5	-0.82	8	0.00184894686414077	0.092487174081102	4.32609905572032	0.00079562423982622	0.147168984767461	5	Yes
2182	S	C2	86.3770047128201	0.844681925521854	58.344714641571	-0.8	0.122	5	0.0000390333948030848	0.0914587532142609	2.65533722782793	0.000556097215375749	0.071182268571358	4	No
2185	I	C2	5.36915488541126	0.128397227784864	13.5211268663406	4.5	-0.905	11	0.0194682657822275	0.0979603989876433	6.08656036289575	0.00106019295783493	0.182964762181736	5	No
2189	Q	C2	28.8470975160599	0.472431555078443	50.3300232887268	-3.5	-1.036	8	0.00319947979068746	0.0945945945945946	3.85388886339143	0.000829400350365118	0.106247340836331	5	No
2192	A	C2	20.323700889945	0.412531437317922	25.1904071569443	1.8	-1.059	7	0.000436150919041052	0.082147315855181	3.72401772085568	0.000693827916379817	0.15094754742431	5	No
2193	S	C2	50.8793850615621	0.558547752949016	38.5805689394474	-0.8	-1.077	4	0.0000952266625546347	0.080440097799511	2.60852014657252	0.00045379706828629	0.0651887615495612	4	No
2194	S	C2	18.7167246192694	0.358526997638502	24.7645353078842	-0.8	-1.077	7	0.000322015325066606	0.0769185808638728	3.88577424922554	0.000728518623177599	0.0960987658098327	5	No
2199	M	C2	167.92640709877	0.910437099636266	101.978059530258	1.9	1.485	2	0	0.0647797194191484	1.38888888888889	0.000356184412109775	0.00233522495306083	2	No
2203	W	C2	0	0	0	-0.9	-0.796	13	0.00361162940010919	0.0768556911756118	7.47497739765353	0.00130935977604652	0.145856613779444	5	No
2205	P	C2	13.7231760621071	0.289929635463255	23.4929983615875	-1.6	-0.979	10	0.00571188665190639	0.0843752003590434	5.38980046018052	0.000938324864025785	0.21185399166653	5	No
2210	L	C2	13.8315646997653	0.229198244796972	24.2588006258011	3.8	-0.698	10	0.00563787500384184	0.0925717501406866	5.39547951694828	0.000929116356267821	0.230847336098772	5	No
2211	H	C2	88.2549308296293	0.675323004351152	74.8690095543861	-3.2	-0.361	5	0.000954435733295982	0.0862498361515271	3.35562547169989	0.000551396521696707	0.0793738699717621	4	Yes
2214	G	C2	49.881050825119	0.870909846078021	41.0677537918091	-0.4	-0.677	4	0.000173490818244391	0.0763031251811909	2.84230394394345	0.000524013236896328	0.0232721024141663	4	No
2218	A	C2	0	0	0	1.8	-0.902	8	0.00133479274415458	0.0826685093284754	4.77060809531112	0.000763666643561188	0.184239146193917	5	Yes
2220	R	C2	18.8993657827377	0.204162999507544	28.295970916748	-4.5	-0.658	9	0.000593525948475051	0.0770176157312577	4.80475164097397	0.000893553043491491	0.113713439097662	5	No
2221	P	C2	2.08520698547363	0.144483436114638	11.7074928283691	-1.6	-0.733	9	0.000906430476118405	0.0769995904277105	4.43872380218765	0.000914471616997621	0.104352404436494	5	No
2223	V	C2	87.2718628489947	0.690570762634362	62.333679318428	4.2	0.138	5	0.000120961156792629	0.0759552118203855	3.64772850091869	0.000585367325076782	0.0361827182234118	4	No
2230	L	C2	0	0	0	3.8	-0.962	12	0.00509682565421235	0.0891296986115814	5.77636266231285	0.00105175699719719	0.337944937134535	5	Yes
2231	Q	C2	20.0722168274224	0.252168895197145	26.8645610809326	-3.5	-1.035	9	0.0055177203530349	0.0932804082789906	5.31271627970598	0.000833831301364995	0.211512681731712	5	No
2234	F	C2	14.7143250072841	0.246037078247475	30.6842681765556	2.8	0.44	10	0.0165101165874745	0.104113924050633	5.56991954464757	0.000952540309955381	0.148551951841769	5	No
2238	M	C2	22.6290749311447	0.227792939270472	25.5150871276855	1.9	0.885	10	0.0213310255464555	0.112574850299401	5.25592482120594	0.000986414529285699	0.0778004340691122	5	No
2239	K	C2	15.0515151882792	0.28693558456959	34.5763118118048	-3.9	0.308	9	0.0523213856497369	0.119008862362091	6.17566363822282	0.000907495062046252	0.0614318185323049	5	No
2240	V	C2	0	0	0	4.2	0.098	10	0.00397249686767542	0.104885630031083	5.40826871288998	0.000947581488961613	0.1381755555087	5	No
2243	V	C2	0	0	0	4.2	-0.584	11	0.00491556695786232	0.097676835151785	6.2940816996108	0.000979416237444101	0.280616237710678	5	No
2247	G	C2	0	0	0	-0.4	-0.957	6	0.000564983309413723	0.0840733405736919	4.35044888093717	0.000618604099934514	0.095343657828064	5	No
2253	T	C2	46.7153564468026	0.598709953044039	49.6450293064117	-0.7	-0.762	7	0.00137052544449311	0.0752472983017897	3.42334214291966	0.000840248478092038	0.0251364198792698	4	No
2255	M	C2	4.1348911523819	0.126485162181052	14.1676030158997	1.9	-1.052	10	0.000744212008012434	0.0769095903220151	5.89242873994293	0.00102317004358705	0.085639980775891	5	No
2256	Y	C2	29.9921726807952	0.230108246644988	30.1177178621292	-1.3	-0.66	10	0.000607184549926537	0.0789584208315834	5.18301205513618	0.000999802285202844	0.0947728813210661	5	No
2261	L	C2	26.5609336197376	0.297232109935251	31.4596409797668	3.8	-0.154	10	0.00146150576925194	0.0903784080763684	5.26566241848513	0.000976294614381943	0.166580635996894	5	No
2264	S	C2	22.1852049883455	0.496791919651202	34.3149082660675	-0.8	-0.649	7	0.00431626684730948	0.0997120775875133	4.08320205754702	0.000721456065117201	0.0691198056895281	5	No
2265	S	C2	3.81639834016096	0.140746845856007	9.72180688381195	-0.8	-1.076	9	0.00324357715308229	0.0949221004039238	4.046827741796	0.000947101330335862	0.0579708774034591	5	No
2267	D	C2	58.8999217897654	0.642456899119155	55.3425222039223	-3.5	-0.659	5	0.000153932848745935	0.0875465673230442	2.44822458380182	0.000602468867929672	0.0264342021567318	4	No
2271	W	C2	62.8674503080547	0.397079371102761	59.1310745477676	-0.9	-0.795	10	0.00187251926603084	0.0923120089786756	4.88255229731797	0.00102515082802114	0.103497295453984	5	No
2283	F	C2	2.208471365273	0.122243090170045	15.245424747467	2.8	-0.387	10	0.0154662924797122	0.0980845196392636	5.4243056150771	0.000980123951372216	0.141859795525756	5	No
2285	G	C2	0.545831203460693	0.11416578732724	5.38348770141602	-0.4	-0.685	7	0.00307433138741861	0.0884170921795216	4.16575394690102	0.000681404671179362	0.121256272018278	5	No
2286	N	C2	0	0	0	-3.5	-0.906	11	0.00270361957691513	0.0846683394454095	5.48083378347352	0.00106852405778344	0.137250351393756	5	Yes
2288	D	C2	45.5535150167998	0.431043468774678	37.1309464871883	-3.5	-0.83	6	0.000229732106285755	0.0810544469081054	3.2952263597936	0.000669796316594428	0.0455521672819336	4	No
2291	T	C2	53.6114850984886	0.614656162575369	50.9672890007496	-0.7	-0.756	5	0.000779048475709415	0.0860693263570961	3.12743682843252	0.000550424425362032	0.0547222911327894	4	No
2292	P	C2	29.6706888228655	0.469846936136091	38.0716972351074	-1.6	-0.485	8	0.0203980638979952	0.0928460561591647	4.83464973356669	0.000785937279501375	0.127588107929452	5	No
2295	N	C2	16.4097062274814	0.243757034440626	22.0700056552887	-3.5	-0.741	8	0.00367940506395488	0.0960023344032682	4.94517443569863	0.000784709078427824	0.126231185365136	5	No
2296	S	C2	55.155755572021	0.850356338099145	58.7366633415222	-0.8	0.139	4	0.0017726828246089	0.102428393524284	2.65207441709044	0.000449702489854714	0.0498606467951125	4	No
2297	L	C2	11.0193281173706	0.132935903268828	14.0702018737793	3.8	-0.142	11	0.0203147956370173	0.105330558668161	5.59819171790726	0.00110331797239153	0.1194990070726	5	No
2301	L	C2	17.1541665717959	0.253151179022247	26.7940270900726	3.8	-0.41	9	0.0479460028592041	0.10981308411215	6.04999839629567	0.000873693108335552	0.107815152003341	5	No
2303	T	C2	0	0	0	-0.7	-0.443	9	0.00547659222143602	0.103834622060912	4.21683359198667	0.000900956900587029	0.0664324094194927	5	No
2305	Y	C2	26.7239435948431	0.21379695663834	27.9828146696091	-1.3	-0.047	10	0.0032621404605948	0.0958904109589041	5.07138656998705	0.000996895166201994	0.103763096556585	5	No
2310	P	C2	0	0	0	-1.6	-0.722	9	0.00592348717465654	0.0885658523453799	5.07009846911605	0.000858010059898289	0.153416436595474	5	No
2311	Q	C2	70.0966985523701	0.613965648123896	65.4082163572311	-3.5	1.153	8	0.00151821784129009	0.0848648997227059	4.44006182368187	0.000786972403865305	0.117061687698385	5	No
2313	W	C2	61.7015252655692	0.440808834576668	65.6430476009846	-0.9	-0.791	11	0.00115153347218065	0.0787505236072048	5.5630870759523	0.00110256943724478	0.0888496868174273	5	No
2315	H	C2	132.21121423319	0.847257676966212	93.9303750991821	-3.2	0.74	4	0.0000347640599498746	0.073249471223422	2.99936238044633	0.000497294051738058	0.0176683921421934	4	No
2317	I	C2	0	0	0	4.5	-1.059	8	0.0029102191044845	0.0818357067346558	4.75432635259975	0.000808732764765629	0.0863208919147849	5	No
2320	R	C2	10.8126569986343	0.177735156270478	24.6332039833069	-4.5	-0.829	12	0.010624337579178	0.0894690325650962	6.21162592904859	0.00108034815614303	0.291375910340635	5	No
2322	E	C2	4.5027297247434	0.183229811581834	18.7938817739487	-3.5	-0.817	9	0.00588152057764429	0.0976043907142327	5.0170365257524	0.000836341163912966	0.215205880088785	5	No
2324	L	C2	32.7655716948211	0.38255348341803	40.4902257919312	3.8	-0.136	7	0.00853745793117744	0.106748864373783	4.03572824418749	0.00070192738979256	0.084091156833115	5	No
2325	G	C2	3.37969207763672	0.194784080902575	9.18504333496094	-0.4	-0.676	7	0.00694844596384933	0.113194563908481	4.23386249947497	0.000707871488577591	0.0641277705909096	5	No
2326	C	C2	26.3095243573189	0.35108803671694	27.6025414466858	2.5	-0.927	6	0.00972643140211991	0.114764105694602	3.58644927145857	0.000632043789800308	0.0468697551983216	5	No
