Protein.Change,CADD_score,ClinPred,MetaLR,Mutation_Assessor,MutationTaster,PhD.SNPg,REVEL,VEST4,Yes.inferred
p.Cys2345Trp,0.348774,0.999,0.9636,4.33,1,0.113,0.753,0.836,No
p.Cys2345Ser,2.881455,1,0.9717,3.98,0.999997,0.907,0.921,0.913,No
p.Cys2345Phe,2.988692,1,0.9728,3.98,1,0.923,0.914,0.849,No
p.Cys2345Arg,3.311531,1,0.9674,3.35,1,0.917,0.906,0.953,No
p.Gly2344Asp,3.030944,0.999,0.9853,4.39,0.999997,0.888,0.93,0.843,No
p.Gly2344Ala,2.89317,0.997,0.9778,3.33,0.99999,0.845,0.934,0.854,No
p.Gly2344Arg,3.233103,1,0.9845,4.04,0.999995,0.886,0.903,0.891,No
p.Gly2344Cys,3.324001,1,0.9863,4.04,0.999997,0.953,0.888,0.846,No
p.Leu2343Pro,2.912934,0.998,0.9681,4,1,0.769,0.922,0.87,No
p.Glu2341Lys,3.201246,0.999,0.9905,3.99,0.885626,0.913,0.864,0.874,No
p.Arg2339Ser,2.255307,0.997,0.9701,4.32,0.999983,0.549,0.879,0.9,No
p.Arg2339Thr,3.099597,0.998,0.9734,4.32,0.999995,0.863,0.935,0.948,No
p.Arg2339Met,3.20592,0.999,0.9779,4.32,0.999998,0.947,0.929,0.914,No
p.Arg2339Trp,3.014237,1,0.9735,4.32,0.999998,0.774,0.878,0.902,No
p.Ile2336Phe,3.022715,0.999,0.9667,4.09,0.999925,0.681,0.803,0.679,No
p.His2334Pro,2.151832,0.479,0.8506,0.25,1,0.634,0.664,0.326,No
p.Trp2332Ser,3.545125,1,0.9482,2.89,1,0.987,0.861,0.759,No
p.Trp2332Arg,3.595759,1,0.9618,4.17,0.999996,0.967,0.855,0.907,No
p.Trp2332Gly,3.694779,1,0.9593,3.83,0.999999,0.969,0.869,0.82,No
p.Gln2330Pro,1.808273,0.762,0.9004,2.96,0.959688,0.133,0.698,0.443,No
p.Pro2329Leu,3.401504,1,0.9687,4.28,1,0.797,0.939,0.889,No
p.Pro2329Ser,3.182527,1,0.9734,4.28,0.999996,0.89,0.941,0.755,No
p.Arg2326Gln,2.789654,0.998,0.9787,3.64,0.993542,0.909,0.836,0.881,No
p.Arg2326Pro,2.834081,0.999,0.9853,4.33,0.999233,0.81,0.879,0.953,No
p.Arg2326Leu,2.770879,0.998,0.9787,3.98,0.999186,0.913,0.882,0.941,No
p.Arg2326Gly,0.828535,0.999,0.983,4.33,0.532507,0.836,0.728,0.878,No
p.Tyr2324Asn,2.680147,0.971,0.9715,3.46,0.999997,0.662,0.637,0.941,No
p.Arg2323His,2.495,0.997,0.9788,3.85,0.999844,0.982,0.679,0.555,No
p.Arg2323Pro,2.537801,0.995,0.9828,4.21,0.999539,0.899,0.704,0.883,No
p.Arg2323Leu,2.457759,0.984,0.974,3.1,0.999563,0.835,0.695,0.905,No
p.Arg2323Gly,2.427333,0.998,0.9809,3.85,0.99986,0.933,0.726,0.92,No
p.Arg2323Cys,2.716796,0.999,0.9841,4.21,0.957737,0.94,0.757,0.88,No
p.Thr2322Asn,2.320519,0.916,0.94,2.63,1,0.709,0.457,0.552,No
p.Leu2320Ser,2.802977,0.982,0.9583,2.87,0.999979,0.906,0.674,0.872,No
p.Pro2319Arg,3.260078,0.999,0.9638,3.53,0.999987,0.985,0.898,0.87,No
p.Pro2319Leu,3.364403,1,0.9631,3.67,1,0.966,0.874,0.711,No
p.Pro2319Ser,3.22171,0.96,0.9511,3.02,0.999969,0.998,0.889,0.659,No
p.Leu2316Pro,3.795844,0.992,0.9668,3.79,1,0.804,0.918,0.907,No
p.Ser2315Phe,2.781021,0.758,0.9106,1.08,0.965729,0.062,0.443,0.079,No
p.Asn2314Tyr,3.586944,0.998,0.9387,3.27,0.996738,0.961,0.856,0.707,No
p.Pro2311His,3.289392,0.947,0.9313,1.22,0.950956,0.849,0.639,0.666,No
p.Thr2310Ile,3.40287,0.633,0.942,2.38,0.802571,0.321,0.642,0.236,No
p.Thr2310Pro,3.735028,0.978,0.9635,3.63,0.98148,0.931,0.758,0.683,No
p.Asp2307Ala,4.0469,0.995,0.964,3.81,0.999998,0.771,0.951,0.824,No
p.Asp2307Tyr,3.791198,0.997,0.9674,3.6,1,0.835,0.919,0.684,No
p.Asn2305Lys,2.811799,0.998,0.9691,4.33,0.999835,0.189,0.796,0.85,Yes
p.Gly2304Glu,3.736553,0.999,0.9779,4.18,0.99993,0.845,0.962,0.653,No
p.Gly2304Val,3.708486,0.999,0.9728,4.18,1,0.908,0.968,0.862,No
p.Gly2304Arg,3.8966,0.999,0.975,3.83,0.999937,0.937,0.978,0.859,No
p.Phe2302Ser,4.154757,1,0.9729,4.3,0.999984,0.937,0.946,0.938,No
p.Phe2302Val,3.922731,0.999,0.9729,3.75,0.999994,0.583,0.94,0.908,No
p.Trp2290Arg,3.879553,1,0.9915,4.2,0.999969,0.981,0.944,0.945,No
p.Asp2286Gly,4.019376,0.996,0.9669,3.3,0.999999,0.944,0.954,0.529,No
p.Asp2286Val,3.949211,0.998,0.9707,3.56,1,0.964,0.936,0.65,No
p.Ser2284Arg,3.817573,0.999,0.9704,3.06,0.999992,0.954,0.95,0.892,No
p.Ser2283Arg,3.004566,0.835,0.9454,2.14,0.600466,0.799,0.705,0.577,No
p.Leu2280Pro,3.208464,0.744,0.924,4.15,0.999936,0.249,0.625,0.82,No
p.Phe2279Leu,3.34273,0.996,0.9473,3.14,0.918044,0.953,0.861,0.829,No
p.Phe2279Ser,4.089689,1,0.9693,3.83,0.999997,0.952,0.976,0.981,No
p.Phe2279Cys,3.994878,1,0.9653,3.83,0.999998,0.945,0.964,0.964,Yes
p.Phe2279Ile,3.89543,0.997,0.9693,3.83,0.999996,0.981,0.957,0.903,Yes
p.Phe2279Leu,3.970824,0.997,0.957,3.14,0.999996,0.976,0.948,0.829,No
p.Val2276Ala,3.813485,0.996,0.9659,2.83,0.999729,0.959,0.927,0.859,No
p.Val2276Gly,3.955943,0.999,0.9769,3.88,1,0.946,0.974,0.828,Yes
p.Tyr2275Asn,3.834151,0.997,0.9606,3.48,0.776865,0.983,0.716,0.576,No
p.Met2274Lys,3.69382,0.987,0.9356,2.13,0.999999,0.964,0.928,0.87,No
p.Met2274Val,3.407383,0.972,0.9424,1.71,0.999973,0.979,0.866,0.633,No
p.Thr2272Ser,1.638323,0.404,0.7806,1.14,0.525075,0.848,0.404,0.114,No
p.Gly2266Glu,3.50754,0.999,0.9753,3.75,1,0.935,0.99,0.964,No
p.Gly2266Arg,3.672094,0.999,0.976,3.41,1,0.984,0.982,0.982,No
p.Gln2265His,2.729928,0.999,0.9629,4.28,0.999917,0.269,0.901,0.916,No
p.Gln2265Arg,3.550068,0.998,0.9652,4.28,0.999982,0.989,0.932,0.927,No
p.Gln2265Lys,3.581335,0.999,0.9554,3.73,0.999996,0.986,0.966,0.919,Yes
p.Val2262Ala,2.510723,0.987,0.927,2.23,1,0.749,0.661,0.735,No
p.Val2259Asp,3.900938,0.999,0.9755,3.8,1,0.965,0.981,0.943,No
p.Lys2258Glu,2.998798,0.952,0.8856,1.75,0.927086,0.611,0.616,0.349,No
p.Met2257Val,1.048219,0.012,0.0009,0.48,0.945543,0.122,0.292,0.052,No
p.Phe2253Ser,4.078909,0.998,0.9389,2.84,0.998651,0.994,0.931,0.842,No
p.Val2251Glu,3.893669,1,0.9764,4.11,0.999982,0.965,0.974,0.915,No
p.Val2251Ala,3.75505,0.997,0.968,2.87,0.999658,0.957,0.953,0.784,Yes
p.Gln2250His,2.989914,0.999,0.9778,4.29,0.999919,0.148,0.878,0.913,No
p.Leu2249Arg,3.844773,0.999,0.982,3.39,0.999995,0.995,0.981,0.964,Yes
p.Trp2248Cys,3.943011,1,0.9855,4.18,1,0.976,0.925,0.962,Yes
p.Trp2248Arg,4.026052,1,0.9749,3.83,0.999999,0.991,0.952,0.976,No
p.Trp2248Arg,4.069205,1,0.9749,3.83,0.999999,0.99,0.952,0.976,No
p.Glu2247Lys,3.077804,0.932,0.9411,2.82,0.97416,0.551,0.819,0.501,No
p.Val2242Met,3.798228,0.167,0.9371,2.25,0.80386,0.86,0.638,0.141,No
p.Pro2240Arg,3.889359,0.996,0.9701,3.41,1,0.988,0.965,0.911,No
p.Pro2240Leu,3.931254,0.999,0.9662,2.86,1,0.977,0.967,0.829,No
p.Pro2240Thr,3.671834,0.998,0.9523,2.11,1,0.985,0.922,0.862,No
p.Arg2239Gly,3.636464,0.997,0.9483,2.33,0.999992,0.847,0.815,0.702,No
p.Ala2237Thr,3.809348,0.999,0.9683,3.44,1,0.926,0.95,0.903,Yes
p.Gly2233Trp,3.614796,1,0.9656,3.42,1,0.95,0.894,0.671,No
p.His2230Pro,3.312329,0.966,0.9475,2.79,0.502063,0.573,0.757,0.485,Yes
p.Leu2229Pro,3.75016,0.999,0.9799,4.33,1,0.922,0.965,0.93,No
p.Leu2229Phe,3.378049,1,0.9648,3.98,0.99993,0.852,0.899,0.586,No
p.Arg2228Gln,3.766437,1,0.9736,3.98,0.99999,0.982,0.94,0.845,No
p.Arg2228Leu,3.738863,1,0.981,4.33,0.999999,0.963,0.954,0.939,Yes
p.Arg2228Gly,3.148848,0.999,0.9743,3.98,0.999979,0.973,0.939,0.951,No
p.Ala2227Val,3.682008,1,0.9743,4.13,0.999996,0.944,0.96,0.951,No
p.Ala2227Thr,3.533284,0.999,0.9736,3.58,0.999998,0.926,0.95,0.87,No
p.Ala2227Pro,3.538218,0.999,0.9725,3.79,0.999999,0.91,0.968,0.974,No
p.Pro2224Leu,3.996222,1,0.9806,3.84,1,0.985,0.969,0.937,No
p.Trp2222Arg,4.238394,1,0.9436,2.98,0.999999,0.991,0.884,0.878,No
p.Ala2220Pro,3.030605,0.812,0.9352,1.58,0.855554,0.303,0.713,0.753,No
p.Met2218Val,-0.656015,0.01,0.7612,0.3,1,0.028,0.539,0.682,No
p.Ser2213Tyr,3.694284,1,0.9776,4.25,1,0.992,0.969,0.944,No
p.Ser2213Cys,3.73727,1,0.9802,4.25,0.999999,0.983,0.971,0.893,No
p.Ser2213Phe,3.82524,1,0.9836,4.25,1,0.981,0.973,0.947,No
p.Ser2213Pro,3.863506,0.999,0.9738,4.25,0.999999,0.971,0.948,0.93,No
p.Ser2212Pro,3.745762,0.998,0.9745,3.78,0.999771,0.933,0.921,0.832,No
p.Ala2211Val,3.916423,0.999,0.9741,3.12,1,0.955,0.954,0.908,No
p.Ala2211Pro,3.660486,1,0.9863,3.92,0.999999,0.981,0.978,0.955,No
p.Gln2208Pro,3.594959,0.997,0.9745,3.93,0.995112,0.967,0.866,0.833,No
p.Gln2208Arg,2.796806,0.452,0.9304,1.94,0.91846,0.933,0.741,0.72,No
p.Gln2208Glu,3.349446,0.668,0.9654,3.13,0.984208,0.921,0.799,0.772,No
p.Ile2204Thr,3.50204,0.999,0.9645,4,0.996285,0.887,0.851,0.92,No
p.Ser2201Ile,1.39376,0.922,0.8927,3.13,0.999999,0.219,0.609,0.741,No
p.Glu2200Asp,2.943219,0.977,0.8987,3.31,0.829444,0.446,0.717,0.773,Yes
p.Gly2198Glu,3.840742,1,0.9785,4.06,0.999996,0.957,0.94,0.97,No
p.Gly2198Val,3.884017,0.999,0.9757,3.71,1,0.954,0.949,0.974,No
p.Pro2196Leu,4.089519,1,0.9574,2.77,1,0.974,0.863,0.654,No
p.Met2195Leu,2.155616,0.185,0.7119,0.84,0.749644,0.607,0.265,0.245,No
p.Cys2193Tyr,3.839354,1,0.9717,3.88,0.999999,0.982,0.865,0.965,Yes
p.Ser2192Ile,4.711992,0.953,0.9127,1.8,0.99997,0.981,0.876,0.662,No
p.Ser2192Arg,4.236604,0.988,0.9093,1.41,1,0.942,0.799,0.621,No
p.Leu2190Val,2.486918,0.335,0.7908,0.27,0.997228,0.628,0.632,0.305,No
p.Cys2188Tyr,3.929195,1,0.985,3.28,1,0.96,0.936,0.951,No
p.Gly2187Asp,3.743471,1,0.9914,4.15,1,0.983,0.97,0.974,No
p.Gly2187Ser,3.828201,1,0.9902,3.6,1,0.984,0.896,0.846,No
p.Leu2185Ser,3.914462,1,0.9878,4.06,0.999078,0.972,0.968,0.955,No
p.Glu2184Ala,3.894379,1,0.9924,4.31,0.999999,0.987,0.948,0.871,Yes
p.Glu2184Gly,4.340892,0.999,0.9907,3.76,0.999999,0.989,0.951,0.89,Yes
p.Glu2184Val,4.080329,0.999,0.9933,3.96,1,0.985,0.957,0.929,No
p.Glu2184Lys,3.865429,1,0.9938,4.31,1,0.977,0.953,0.95,No
p.Met2183Arg,3.963907,0.999,0.9693,3.04,0.999998,0.986,0.957,0.952,No
p.Met2183Val,3.345417,0.939,0.9124,1.02,0.999097,0.832,0.87,0.811,No
p.Arg2182His,3.964235,1,0.985,4.29,0.999999,0.992,0.964,0.89,No
p.Arg2182Leu,3.940072,1,0.982,4.29,1,0.988,0.964,0.951,No
p.Arg2182Gly,4.078367,1,0.9832,4.29,0.999997,0.982,0.97,0.942,No
p.Arg2182Cys,4.414185,1,0.9832,4.29,1,0.987,0.958,0.891,No
p.Leu2181Pro,4.04084,1,0.9873,4.06,1,0.943,0.981,0.92,No
p.Leu2181Phe,3.724964,0.997,0.9771,3.37,0.999994,0.82,0.838,0.814,No
p.Thr2180Asn,3.60159,0.998,0.9675,3.4,0.999469,0.99,0.932,0.741,No
p.Arg2178His,4.009203,0.993,0.9505,1.42,0.999853,0.989,0.82,0.54,No
p.Arg2178Leu,3.987135,0.975,0.9707,2.79,0.999944,0.988,0.878,0.87,No
p.Arg2178Cys,4.247733,0.998,0.9734,3.25,0.999997,0.966,0.875,0.742,No
p.Ser2176Arg,2.991555,0.965,0.8884,0.81,1,0.732,0.585,0.685,No
p.His2174Pro,3.700319,0.958,0.9511,1.74,0.940503,0.89,0.617,0.724,No
p.His2174Arg,2.817171,0.648,0.8033,-0.2,0.98575,0.863,0.514,0.521,No
p.His2174Asp,2.814017,0.952,0.8259,0.09,0.990832,0.887,0.601,0.85,No
p.His2174Tyr,2.182492,0.585,0.863,0.7,0.996587,0.954,0.612,0.815,No
p.Thr2173Asn,3.604492,0.967,0.9734,1.55,0.925214,0.931,0.631,0.644,No
p.Thr2173Ile,3.77543,0.986,0.9592,1.23,0.93125,0.89,0.724,0.841,No
p.Thr2173Ala,3.583313,0.976,0.9583,2.15,0.691419,0.561,0.746,0.839,No
p.Pro2172Gln,3.903047,1,0.9892,4.25,1,0.994,0.977,0.935,No
p.Pro2172Arg,3.932208,1,0.9892,4.25,1,0.992,0.975,0.917,No
p.Pro2172Leu,4.051708,1,0.9867,3.71,1,0.992,0.977,0.849,No
p.His2171Arg,3.535197,0.987,0.9454,1.39,0.999983,0.938,0.868,0.857,Yes
p.His2171Tyr,3.668956,0.984,0.9086,1.3,0.999988,0.916,0.691,0.565,No
p.Arg2169His,3.984417,1,0.9949,4.26,0.999998,0.977,0.964,0.919,No
p.Arg2169Leu,3.945578,1,0.9926,4.26,0.999999,0.974,0.968,0.947,No
p.Arg2169Cys,3.764479,0.973,0.9923,3.57,1,0.893,0.925,0.755,No
p.Arg2166Gly,3.520331,0.993,0.9924,3.86,0.999713,0.944,0.876,0.909,No
p.Ala2165Val,3.841522,0.997,0.9901,2.94,0.999979,0.932,0.873,0.765,No
p.Ile2163Ser,4.019797,0.999,0.9774,3.71,0.999977,0.951,0.954,0.915,No
p.Pro2162Leu,4.215799,1,0.9816,3.86,1,0.973,0.978,0.956,No
p.Pro2161His,3.954307,1,0.9692,2.98,1,0.992,0.929,0.837,No
p.Pro2161Leu,4.046196,1,0.9738,4.01,1,0.985,0.951,0.838,No
p.Pro2161Thr,3.756381,0.998,0.9626,2.47,1,0.982,0.894,0.722,Yes
p.Asn2157Asp,3.886779,0.999,0.9812,4.12,0.999993,0.926,0.911,0.737,No
p.Lys2155Glu,3.849639,0.987,0.9544,3.54,0.991957,0.864,0.803,0.738,No
p.Ser2152Pro,3.855298,0.996,0.9676,2.9,0.999701,0.863,0.866,0.51,No
p.Ser2151Leu,3.833993,0.979,0.9368,2.19,0.845086,0.727,0.48,0.751,No
p.Asp2150Val,4.188663,1,0.9863,4.11,1,0.909,0.941,0.955,No
p.Asn2148Ser,3.738236,0.993,0.9831,3.46,0.999984,0.914,0.927,0.892,No
p.Asn2148Asp,3.87656,1,0.9862,4.26,0.999984,0.947,0.918,0.968,No
p.Gly2147Asp,3.497262,0.999,0.9898,4.2,0.999968,0.945,0.958,0.734,No
p.Gly2147Ser,3.984575,1,0.9894,4.2,0.999973,0.976,0.974,0.566,No
p.Phe2146Ser,3.978413,0.897,0.8351,0.57,0.973309,0.705,0.705,0.835,No
p.Phe2145Ser,4.189269,0.999,0.9883,4.28,0.999998,0.948,0.971,0.991,No
p.Phe2145Cys,4.134891,0.999,0.9868,3.93,0.999999,0.942,0.977,0.97,No
p.Met2143Thr,3.726724,0.744,0.9518,2.1,0.999489,0.894,0.894,0.753,No
p.Met2143Val,2.875828,0.92,0.903,1.85,0.986264,0.937,0.783,0.798,No
p.Thr2141Asn,2.832871,0.626,0.8325,0.15,0.966906,0.531,0.46,0.272,No
p.Gly2140Glu,3.633849,0.91,0.9512,1.63,0.531733,0.708,0.798,0.738,No
p.Ser2138Tyr,3.943928,0.994,0.9702,2.19,0.995539,0.981,0.888,0.841,No
p.Ser2138Phe,4.06308,0.993,0.9757,2.99,0.997218,0.913,0.913,0.844,No
p.Gly2136Glu,3.690967,0.993,0.954,0.98,0.999999,0.968,0.914,0.867,No
p.Arg2135Pro,3.66443,0.997,0.9388,2.44,0.743602,0.979,0.856,0.659,No
p.Arg2135Gly,3.247718,0.996,0.9536,2.71,0.505304,0.862,0.816,0.509,No
p.Trp2131Cys,4.060834,1,0.9928,4.2,1,0.973,0.869,0.786,No
p.Ser2125Thr,3.494022,0.771,0.9873,3.44,1,0.949,0.941,0.912,Yes
p.Tyr2124Cys,4.034983,0.994,0.9805,2.47,1,0.957,0.97,0.969,Yes
p.Ile2121Asn,3.786154,0.951,0.9094,0.51,0.994283,0.928,0.678,0.518,Yes
p.Phe2120Leu,3.160374,0.992,0.9658,3.43,0.996586,0.881,0.888,0.895,No
p.Phe2120Cys,3.956574,0.999,0.9776,3.78,0.999801,0.946,0.915,0.941,No
p.Gln2119Arg,3.536595,0.885,0.9375,0.81,0.842513,0.768,0.75,0.38,No
p.Gln2119Glu,3.357333,0.748,0.9024,0.32,0.859069,0.969,0.534,0.366,No
p.Ile2117Ser,3.899728,0.989,0.942,2.57,0.998983,0.959,0.843,0.826,No
p.Ile2117Phe,2.969113,0.986,0.9334,2.92,0.99703,0.417,0.778,0.787,No
p.Leu2115Pro,3.979192,0.997,0.9523,1.91,1,0.811,0.898,0.662,Yes
p.Gly2107Asp,3.675613,1,0.9899,4.32,1,0.973,0.987,0.908,Yes
p.Gly2107Val,3.635483,1,0.9885,4.32,1,0.976,0.97,0.904,No
p.Gly2107Ser,3.739043,1,0.9875,3.97,1,0.968,0.984,0.954,No
p.Gln2106Pro,3.791646,1,0.9885,4.29,1,0.992,0.971,0.89,No
p.Gln2106Arg,3.713162,0.999,0.9846,4.29,1,0.993,0.968,0.9,No
p.Gln2106Glu,3.557816,0.999,0.9879,3.94,1,0.993,0.96,0.929,No
p.Thr2105Asn,3.596801,1,0.9826,4.26,1,0.994,0.946,0.89,Yes
p.Thr2105Ile,3.744598,0.999,0.9612,2.69,1,0.987,0.947,0.944,No
p.Thr2105Ala,3.726037,0.998,0.9811,3.92,0.999999,0.967,0.936,0.88,No
p.Gly2102Asp,3.326327,0.999,0.9874,4.02,0.996283,0.814,0.877,0.712,Yes
p.His2101Arg,3.12338,0.631,0.9056,1.21,0.999995,0.819,0.759,0.743,No
p.His2101Asp,3.377981,0.998,0.9356,2.56,0.999998,0.962,0.894,0.776,No
p.Ile2099Asn,3.585572,0.999,0.9196,1.29,0.999935,0.965,0.795,0.649,No
p.Asp2093Gly,4.031999,1,0.9934,4.25,1,0.951,0.973,0.965,Yes
p.Asp2093His,3.549309,0.999,0.9933,3.55,1,0.944,0.95,0.925,No
p.Asp2093Tyr,3.688123,1,0.9921,3.9,1,0.984,0.969,0.957,No
p.Val2092Gly,4.480964,1,0.9875,4.1,1,0.986,0.96,0.678,No
p.Val2092Met,4.085876,0.999,0.9853,3.75,0.999999,0.964,0.934,0.662,No
p.Ile2090Thr,3.906651,0.999,0.9822,3.68,0.999607,0.964,0.963,0.913,No
p.Ile2090Leu,3.836148,0.914,0.909,0.23,0.988707,0.909,0.779,0.743,No
p.Trp2089Cys,4.50103,1,0.9918,4.21,1,0.969,0.963,0.948,No
p.Trp2089Arg,4.03151,1,0.9887,3.87,0.999997,0.995,0.958,0.951,No
p.Ser2088Tyr,3.990429,0.971,0.9556,2.2,0.860031,0.992,0.781,0.452,Yes
p.Ser2088Phe,4.175083,0.991,0.9611,2.2,0.916706,0.95,0.828,0.733,No
p.Ser2082Arg,2.58281,0.957,0.9322,1.61,0.520922,0.443,0.761,0.543,No
p.Ser2082Asn,3.474575,0.97,0.9617,2.67,0.83071,0.927,0.796,0.788,No
p.Ser2082Gly,4.241989,0.996,0.959,2.81,0.952981,0.976,0.863,0.516,No
p.Trp2081Cys,4.154707,1,0.9962,4.29,1,0.978,0.949,0.646,Yes
p.Trp2081Ser,4.126133,1,0.9956,3.75,1,0.995,0.929,0.683,No
p.Ala2080Asp,3.944307,1,0.9773,4.13,0.999992,0.988,0.922,0.864,No
p.Ala2080Val,4.005882,0.997,0.963,3.44,0.999965,0.963,0.94,0.939,No
p.Ala2080Thr,3.811243,0.998,0.9724,3.44,0.999988,0.987,0.965,0.918,No
p.Leu2072Arg,3.923013,1,0.9804,3.95,0.999987,0.991,0.908,0.872,No
p.Leu2072Phe,3.798348,0.999,0.9724,3.75,0.999993,0.941,0.948,0.825,No
p.Arg2071Ser,3.509115,1,0.974,4.29,0.99996,0.686,0.883,0.936,No
p.Ala2070Val,4.080451,0.998,0.9827,3.55,0.999857,0.958,0.942,0.937,No
p.Ala2070Thr,3.581283,0.998,0.9854,3.55,0.999959,0.96,0.936,0.912,No
p.Ala2070Pro,3.648603,0.999,0.9842,3.55,0.999988,0.965,0.944,0.867,No
p.Leu2069Pro,4.06202,0.999,0.9716,3.56,1,0.969,0.926,0.808,Yes
p.Pro2067Leu,4.089257,1,0.9888,3.83,1,0.987,0.979,0.872,No
p.Trp2065Arg,4.172886,1,0.9777,3.44,0.999997,0.989,0.962,0.791,No
p.Gly2063Ala,4.300812,0.986,0.9518,1.82,0.999996,0.639,0.609,0.199,No
p.Gly2063Arg,6.402814,0.996,0.9597,1.98,1,0.983,0.853,0.252,No
p.Tyr2062Cys,4.076078,0.969,0.9655,3.16,1,0.882,0.744,0.392,No
p.Ala2058Pro,3.888572,1,0.9925,3.88,1,0.968,0.939,0.925,No
p.Ile2056Asn,3.907198,1,0.9822,4.14,1,0.98,0.956,0.84,No
p.Asp2053Val,4.002676,0.999,0.9867,3.43,1,0.982,0.898,0.723,No
p.Ala2047Gly,4.228595,0.961,0.9562,1.75,0.905633,0.828,0.849,0.708,Yes
p.Gly2045Glu,3.563268,0.999,0.9881,4.17,1,0.988,0.968,0.971,No
p.Gly2045Val,3.800955,1,0.9913,3.62,1,0.987,0.96,0.956,No
p.Gly2045Arg,3.70124,1,0.9896,4.17,1,0.972,0.846,0.919,No
p.Leu2044Pro,3.697348,1,0.9866,4.04,1,0.99,0.959,0.885,No
p.Cys2040Tyr,3.104261,0.999,0.9732,3.02,1,0.952,0.884,0.743,No
p.Cys2040Gly,3.111631,0.995,0.9606,3.02,1,0.953,0.772,0.829,No
p.Asn2038Ser,0.540393,0.082,0.8127,0.55,1,0.828,0.254,0.639,No
p.Tyr2036Cys,3.976112,0.997,0.9831,2.56,0.999989,0.896,0.878,0.823,No
p.Val2035Ala,3.822344,0.997,0.9949,3.62,1,0.981,0.955,0.718,No
p.Val2035Gly,4.186033,0.999,0.9955,3.62,1,0.985,0.967,0.552,No
p.Val2035Met,3.483173,0.997,0.9957,3.62,1,0.92,0.936,0.829,No
p.Thr2031Ile,3.554318,0.968,0.974,1.61,0.968833,0.724,0.746,0.855,No
p.Ser2030Asn,3.290239,0.332,0.9628,1.04,0.504053,0.608,0.573,0.791,No
p.Met2029Ile,3.007888,0.978,0.9886,3.38,1,0.984,0.89,0.925,No
p.Met2029Val,4.09296,0.992,0.9875,3.73,0.999999,0.982,0.899,0.869,No
p.Gly2028Arg,4.005676,0.998,0.9993,3.7,1,0.986,0.945,0.97,No
p.Gly2022Asp,3.535715,0.996,0.977,2.08,0.999998,0.965,0.946,0.898,No
p.Cys2019Trp,3.652463,0.998,0.9958,3.52,1,0.874,0.926,0.826,No
p.Cys2019Tyr,3.624525,0.994,0.9964,3.52,0.999995,0.959,0.902,0.933,No
p.Cys2019Arg,3.812607,0.994,0.9961,3.52,1,0.916,0.912,0.959,Yes
p.Cys2019Gly,3.753282,0.996,0.9959,3.52,0.999997,0.934,0.898,0.857,No
p.Glu2018Gly,4.162688,0.998,0.9752,1.98,1,0.985,0.869,0.925,No
p.Val2017Met,2.017947,0.924,0.9783,1.68,0.897383,0.342,0.658,0.585,No
p.Arg2016Gln,3.245756,0.941,0.9691,0.95,0.648166,0.809,0.668,0.267,No
p.Arg2016Pro,3.75998,0.989,0.9747,1.45,0.803912,0.869,0.788,0.75,Yes
p.Arg2016Leu,3.054248,0.94,0.8989,-1.22,0.8015,0.874,0.55,0.789,No
p.Arg2016Gly,4.146762,0.973,0.9742,2,0.982673,0.957,0.846,0.862,No
p.Arg2016Trp,3.970519,0.989,0.9743,2,0.994122,0.925,0.822,0.869,No
p.Trp2015Cys,3.980044,1,0.9942,3.69,1,0.982,0.945,0.984,No
p.Trp2015Arg,4.074498,1,0.9937,3.69,1,0.987,0.942,0.983,No
p.Gly2013Arg,4.155566,0.999,0.9944,3.77,1,0.994,0.976,0.924,Yes
p.Met2007Ile,3.63666,0.993,0.9903,3.14,1,0.967,0.934,0.885,No
p.Glu2006Asp,3.27769,0.986,0.9764,2.04,0.999901,0.207,0.702,0.644,No
p.Glu2006Lys,4.082636,0.992,0.9836,2.39,1,0.983,0.823,0.813,No
p.Thr2004Ile,4.144802,0.999,0.9911,2.87,0.999999,0.976,0.962,0.733,No
p.Thr2004Pro,3.874702,0.999,0.9916,3.56,0.999999,0.976,0.921,0.665,No
p.Gly2000Asp,4.88483,0.997,0.9935,3.4,1,0.982,0.947,0.868,No
p.Gly2000Ala,4.775685,0.998,0.9877,1.44,1,0.984,0.871,0.686,Yes
p.Gly2000Val,5.317157,0.999,0.9935,3.4,1,0.986,0.94,0.808,No
p.Gly2000Ser,5.248064,0.999,0.9931,3.05,1,0.995,0.937,0.721,No
p.Gly2000Arg,5.607547,0.999,0.994,3.4,1,0.996,0.972,0.915,No
p.Pro1999Leu,4.827407,1,0.9978,3.69,1,0.989,0.965,0.974,No
p.Tyr1998Ser,3.677601,0.989,0.9723,1.37,0.999993,0.814,0.894,0.908,No
p.Tyr1998Cys,3.790561,0.995,0.9834,2.34,0.999996,0.755,0.935,0.918,No
p.Leu1997Phe,3.607679,0.998,0.9917,3.66,0.999999,0.916,0.859,0.67,No
p.Leu1994Pro,3.412806,0.983,0.9712,1.32,0.99999,0.95,0.827,0.895,No
p.Ala1993Thr,3.633754,0.975,0.9644,0.73,0.9462,0.982,0.69,0.763,No
p.Lys1986Ile,3.056848,0.767,0.9645,0.95,1,0.065,0.643,0.387,No
p.Arg1985Gln,3.50535,0.752,0.972,1.66,0.999998,0.59,0.687,0.7,No
p.Arg1985Pro,3.50902,0.994,0.9792,2.6,0.999986,0.544,0.821,0.597,No
p.Arg1985Gly,2.965701,0.983,0.9741,1.78,0.999998,0.903,0.633,0.513,No
p.Phe1982Ile,3.636577,0.994,0.9897,2.56,0.999986,0.986,0.876,0.921,No
p.Phe1982Leu,3.683981,0.976,0.9822,1.09,0.999987,0.981,0.791,0.827,No
p.Val1981Met,3.376685,0.751,0.9503,1.25,0.736462,0.582,0.603,0.777,No
p.Val1981Leu,1.946211,0.711,0.9455,0.95,0.764399,0.858,0.65,0.75,No
p.His1980Pro,3.5238,0.967,0.9864,2.33,0.598597,0.952,0.868,0.923,No
p.His1980Arg,3.430314,0.845,0.9856,2.33,0.878681,0.938,0.843,0.66,No
p.His1980Asp,3.578148,0.956,0.9845,1.99,0.803935,0.849,0.836,0.947,No
p.His1980Tyr,3.428075,0.85,0.9811,1.99,0.917575,0.962,0.79,0.656,No
p.Gly1979Glu,3.770301,0.999,0.9952,3.31,1,0.985,0.98,0.978,No
p.Gly1979Val,3.882169,1,0.9952,3.66,1,0.983,0.98,0.963,No
p.Ser1978Arg,2.709161,0.74,0.9622,1.05,0.695433,0.208,0.757,0.926,No
p.Ser1978Gly,3.108641,0.833,0.9694,1.75,0.525154,0.458,0.869,0.879,No
p.His1976Arg,3.573872,0.996,0.9995,2.81,1,0.986,0.953,0.951,No
p.Ile1975Asn,3.914474,0.998,0.9848,2.52,0.999318,0.946,0.875,0.93,No
p.Ile1975Thr,3.689995,0.991,0.9847,2.52,0.997892,0.936,0.936,0.919,No
p.Ile1975Phe,3.341941,0.987,0.9705,1.71,0.998747,0.326,0.75,0.593,No
p.Ser1974Tyr,3.760433,0.992,0.9876,2.96,0.994759,0.722,0.881,0.82,No
p.His1973Pro,3.753871,0.999,0.9929,3.63,0.999519,0.975,0.927,0.971,No
p.His1973Arg,3.507078,0.994,0.992,3.63,0.997806,0.963,0.909,0.876,No
p.His1973Leu,3.843791,0.996,0.9885,2.6,0.999559,0.973,0.812,0.886,No
p.Asn1971Thr,3.753283,0.974,0.9773,1.04,0.99475,0.903,0.747,0.451,Yes
p.Asn1971Ser,3.43757,0.88,0.9588,0.69,0.983021,0.874,0.551,0.395,No
p.Asn1971His,3.136325,0.807,0.9435,0.69,0.94207,0.642,0.463,0.468,No
p.Asn1971Tyr,3.505637,0.993,0.9777,1.04,0.985336,0.843,0.724,0.616,No
p.Asn1969Asp,2.862498,0.817,0.9349,-0.08,0.932907,0.461,0.456,0.184,No
p.Ser1968Arg,3.474322,0.981,0.9894,2.75,0.994954,0.309,0.897,0.886,No
p.Gly1967Asp,3.686779,0.999,0.9934,3.74,1,0.98,0.965,0.959,No
p.Gly1967Arg,3.804322,1,0.9934,3.74,1,0.987,0.975,0.934,No
p.Met1966Ile,3.333395,0.88,0.977,1.53,0.987314,0.334,0.731,0.499,No
p.Met1966Val,2.123843,0.808,0.9721,1.19,0.992398,0.906,0.77,0.735,No
p.Leu1964Pro,4.047135,0.999,0.9893,3.21,1,0.98,0.946,0.924,No
p.Leu1963Pro,3.976848,1,0.9918,3.64,1,0.994,0.961,0.962,No
p.Tyr1962Cys,3.963284,0.997,0.9816,2.73,0.998918,0.983,0.954,0.919,No
p.Tyr1962Asp,3.555809,0.995,0.978,2.73,0.998139,0.951,0.865,0.924,No
p.Trp1961Arg,4.051595,1,0.9928,3.73,1,0.998,0.955,0.949,No
p.Trp1961Arg,4.026762,1,0.9928,3.73,1,0.997,0.955,0.949,Yes
p.Arg1960Gln,3.678103,0.997,0.984,2.17,0.999988,0.991,0.832,0.892,No
p.Arg1960Leu,3.658328,0.998,0.9876,3.07,0.999998,0.976,0.929,0.967,No
p.Ile1959Phe,2.500496,0.988,0.9822,2.24,0.796055,0.129,0.623,0.595,No
p.Leu1951Phe,2.717407,0.995,0.9874,3.15,0.999837,0.119,0.81,0.627,No
p.Leu1948Pro,3.624515,0.997,0.9777,3.68,1,0.978,0.936,0.82,No
p.Leu1948Arg,3.565231,0.998,0.9777,3.68,0.999994,0.984,0.896,0.956,No
p.Asp1946Val,3.925758,0.99,0.9544,2.08,1,0.699,0.922,0.868,No
p.Tyr1943Cys,3.924788,0.996,0.9756,3.42,1,0.978,0.916,0.881,No
p.Gly1942Asp,3.603864,0.999,0.9974,3.76,1,0.995,0.97,0.975,Yes
p.Gly1942Ala,3.49298,0.999,0.9974,3.76,1,0.993,0.957,0.844,No
p.Gly1942Val,3.588182,1,0.9974,3.76,1,0.993,0.973,0.972,No
p.Gly1942Ser,3.798581,0.999,0.997,3.76,1,0.985,0.927,0.895,No
p.Asn1941Lys,2.491224,0.992,0.9909,3.76,0.999991,0.444,0.841,0.924,No
p.Asn1941Thr,3.554294,0.998,0.9927,3.76,1,0.982,0.953,0.952,No
p.Asn1941Ser,3.394692,0.996,0.9927,3.76,1,0.978,0.943,0.964,No
p.Asn1941Ile,3.703552,1,0.9927,3.76,1,0.984,0.958,0.979,No
p.Asn1941Asp,3.570577,0.998,0.9927,3.76,1,0.979,0.917,0.954,Yes
p.Ile1940Asn,3.770434,0.998,0.9924,3.65,1,0.992,0.939,0.916,No
p.Ala1939Glu,3.495212,0.999,0.971,3.48,1,0.986,0.968,0.831,Yes
p.Ala1939Val,3.884635,0.995,0.9709,3.14,1,0.967,0.954,0.73,Yes
p.Ala1939Thr,4.737483,0.995,0.9556,1.99,1,0.986,0.917,0.531,No
p.His1938Arg,2.692605,0.988,0.9839,3.02,1,0.63,0.846,0.725,No
p.His1938Leu,3.937126,0.997,0.9876,3.02,1,0.829,0.922,0.825,No
p.Phe1937Val,3.760322,0.998,0.9447,2.42,1,0.86,0.91,0.526,No
p.Arg1936Cys,3.075272,0.661,0.9404,2.33,0.999524,0.041,0.607,0.737,No
p.Asn1913Ser,2.722565,0.982,0.987,3.19,0.999999,0.98,0.689,0.772,No
p.Tyr1909Cys,3.883896,0.999,0.9926,3.72,0.999997,0.849,0.961,0.635,No
p.Trp1908Leu,3.877703,0.999,0.9896,2.37,1,0.991,0.943,0.837,No
p.Ser1907Arg,3.417662,0.996,0.9727,3.79,0.999944,0.937,0.861,0.859,No
p.Ser1907Ile,3.660277,0.999,0.98,3.79,1,0.992,0.975,0.876,No
p.Ser1907Cys,3.80901,0.997,0.9784,3.79,0.999998,0.993,0.976,0.766,No
p.Glu1904Asp,2.917747,0.996,0.9784,3.79,0.999924,0.141,0.895,0.583,No
p.Glu1904Gly,4.000696,0.999,0.9851,3.79,1,0.979,0.965,0.878,No
p.Glu1904Lys,3.883444,0.999,0.9787,3.79,1,0.987,0.969,0.873,No
p.Ile1901Phe,3.26146,0.993,0.9579,2.48,0.999229,0.708,0.892,0.388,No
p.Phe1899Ser,4.122363,1,0.9755,3.12,1,0.993,0.951,0.803,No
p.Ala1896Pro,3.424282,0.972,0.9149,2.56,0.961838,0.38,0.749,0.822,No
p.Phe1895Ser,4.013988,1,0.9651,3.74,1,0.975,0.93,0.943,No
p.Glu1894Gly,3.987543,0.998,0.9718,3.6,0.999994,0.965,0.972,0.408,No
p.Glu1894Lys,3.80413,0.996,0.957,3.6,0.999998,0.795,0.958,0.788,No
p.Val1892Gly,3.815544,0.989,0.9677,3.04,1,0.931,0.893,0.73,No
p.Gln1889His,2.622278,0.982,0.9459,2.99,0.999963,0.198,0.564,0.208,No
p.Arg1888Ser,3.376306,0.964,0.9139,2.07,0.518218,0.676,0.497,0.301,No
p.Arg1888Thr,2.599331,0.773,0.8833,0.99,0.929833,0.199,0.425,0.182,No
p.Arg1888Ile,3.376572,0.98,0.9455,2.16,0.994596,0.453,0.786,0.752,No
p.Leu1882Pro,3.815519,0.998,0.971,3.67,1,0.578,0.911,0.878,No
p.Cys1877Arg,3.949961,1,0.984,3.72,1,0.989,0.954,0.932,No
p.Val1876Leu,2.228878,0.707,0.9542,2.35,0.63097,0.728,0.645,0.741,No
p.Pro1873Arg,3.838536,1,0.9814,3.6,1,0.997,0.982,0.95,No
p.Pro1873Leu,3.935273,1,0.9731,2.44,1,0.996,0.963,0.901,Yes
p.Gly1872Glu,3.64794,1,0.9852,3.71,1,0.991,0.986,0.979,No
p.Gly1872Arg,3.904999,1,0.9852,3.71,1,0.982,0.984,0.955,No
p.Leu1870Arg,3.893226,0.999,0.984,3.71,0.999999,0.984,0.972,0.955,No
p.Gly1869Asp,3.75088,0.999,0.9988,3.77,1,0.979,0.98,0.947,Yes
p.Gly1869Val,3.73217,1,0.9988,3.77,1,0.982,0.977,0.829,No
p.Gly1869Ser,3.728526,0.999,0.9986,3.77,1,0.992,0.955,0.808,No
p.Ser1868Leu,4.140492,0.997,0.9698,3.07,1,0.99,0.966,0.882,No
p.Ser1868Pro,3.946779,0.999,0.9746,3.62,1,0.996,0.977,0.704,No
p.His1867Arg,3.472631,0.992,0.9541,2.81,0.999796,0.993,0.933,0.382,No
p.Asp1865Glu,2.048515,0.991,0.9504,2.58,0.814752,0.346,0.766,0.631,No
p.Asp1865Gly,3.87422,0.999,0.9753,3.68,1,0.988,0.92,0.746,No
p.Asp1865Val,3.790963,1,0.9807,3.68,1,0.988,0.93,0.762,No
p.Asp1865Asn,3.741959,0.999,0.9817,3.33,1,0.979,0.874,0.834,No
p.Asp1865Tyr,3.721686,1,0.9822,3.68,1,0.989,0.96,0.787,No
p.Lys1864Glu,3.082569,0.974,0.8986,2.69,0.998543,0.981,0.845,0.745,No
p.Glu1863Lys,4.062792,0.983,0.9285,2.62,1,0.988,0.864,0.471,No
p.Asp1861Tyr,3.554222,0.998,0.9624,3.15,0.999923,0.922,0.82,0.547,No
p.Ser1858Cys,4.026002,1,0.9758,3.77,1,0.996,0.979,0.783,Yes
p.Ser1858Phe,4.146652,1,0.9833,3.77,1,0.996,0.987,0.931,No
p.Tyr1856Ser,4.04275,1,0.9773,3.71,1,0.993,0.975,0.928,No
p.Tyr1856Cys,4.136473,1,0.9773,3.71,1,0.991,0.972,0.816,No
p.Ala1855Asp,3.812796,0.997,0.966,3,0.999984,0.881,0.931,0.92,No
p.Ala1855Thr,3.288496,0.939,0.9354,2.03,0.998527,0.914,0.626,0.233,No
p.Trp1854Cys,3.916716,1,0.9803,3.03,1,0.784,0.93,0.862,No
p.Trp1854Gly,4.010618,0.992,0.9715,2.23,0.999797,0.989,0.811,0.804,No
p.Ala1853Val,3.917619,0.987,0.9159,1.14,0.999289,0.92,0.797,0.725,No
p.Ala1853Thr,2.996651,0.954,0.8675,-0.06,0.998288,0.394,0.673,0.15,No
p.Lys1852Asn,2.841695,0.99,0.9448,2.6,0.99916,0.313,0.608,0.34,No
p.Cys1851Arg,4.018527,1,0.9764,3.67,1,0.992,0.963,0.934,No
p.Glu1848Asp,2.161814,0.813,0.7232,0.28,0.991954,1,0.456,0.279,No
p.Glu1848Ala,3.779075,0.985,0.9507,2.38,0.999982,0.311,0.867,0.498,No
p.Glu1848Gly,4.076797,0.969,0.9241,1.31,0.999984,0.805,0.819,0.71,No
p.Glu1848Val,3.895061,0.997,0.9503,2.73,0.999993,0.853,0.882,0.78,No
p.Glu1848Lys,3.976281,0.98,0.954,2.38,0.999998,0.957,0.852,0.759,No
p.Asp1847Gly,3.337694,0.194,0.8026,-0.27,0.999618,0.361,0.378,0.107,Yes
p.Thr1845Pro,3.140755,0.97,0.9599,3.35,0.184103,0.907,0.796,0.294,No
p.Pro1844His,3.832028,1,0.9943,3.69,1,0.993,0.958,0.887,No
p.Pro1844Leu,3.907899,1,0.9943,3.69,1,0.991,0.956,0.89,No
p.Pro1844Ser,3.567452,0.998,0.993,3,1,0.99,0.968,0.678,No
p.Ala1843Val,3.742054,0.961,0.9545,2.14,0.996943,0.902,0.898,0.742,No
p.Ala1843Thr,3.690497,0.988,0.9571,2.48,0.999495,0.985,0.906,0.415,No
p.Met1842Ile,3.364945,0.913,0.9513,1.29,0.969655,0.865,0.832,0.656,No
p.Met1842Leu,3.464344,0.909,0.9244,1.5,0.889768,0.439,0.829,0.3,No
p.Met1842Val,3.261011,0.884,0.8904,0.41,0.866113,0.31,0.678,0.323,No
p.His1840Leu,1.723914,0.132,0.7744,1.01,1,0.593,0.309,0.15,No
p.Trp1836Arg,3.95447,1,0.9753,3.48,0.999993,0.988,0.858,0.852,No
p.Tyr1834Cys,3.923443,1,0.9788,3.56,1,0.993,0.966,0.76,No
p.Tyr1834Asp,3.840339,0.999,0.9813,3.56,1,0.988,0.966,0.895,No
p.Val1826Phe,2.754913,0.994,0.9785,3.46,0.9991,0.586,0.743,0.278,No
p.Asn1824Ile,0.709162,0.072,0.8477,1.2,1,0.316,0.282,0.699,No
p.Tyr1811Asn,3.488278,0.962,0.9504,3.02,0.892904,0.913,0.606,0.607,No
p.Ser1810Pro,2.951527,0.911,0.94,1.43,0.94531,0.644,0.776,0.695,No
p.Leu1808Pro,3.849691,0.748,0.9315,1.95,0.999996,0.172,0.786,0.622,No
p.Leu1808Phe,2.928419,0.594,0.8743,1.95,0.522421,0.953,0.634,0.264,No
p.Ser1807Arg,3.034087,0.805,0.9053,1.26,0.924461,0.227,0.702,0.485,No
p.Ser1807Thr,1.914183,0.389,0.8284,0.02,0.918402,0.193,0.602,0.211,No
p.Ser1807Gly,2.801546,0.767,0.8929,1.61,0.794144,0.701,0.696,0.714,No
p.Ser1806Pro,3.058961,0.864,0.837,-0.26,0.983254,0.132,0.72,0.76,No
p.Tyr1805Ser,3.991285,0.996,0.9415,1.69,0.999178,0.984,0.944,0.825,Yes
p.Tyr1805Cys,4.014165,0.995,0.9587,2.49,0.999481,0.983,0.949,0.822,No
p.Tyr1805Asn,3.813384,0.972,0.9346,2.14,0.997782,0.924,0.821,0.866,No
p.Phe1804Ser,4.112352,0.998,0.9656,2.51,0.999994,0.992,0.969,0.708,No
p.Phe1804Ile,2.446651,0.957,0.7839,0.25,0.999964,0.733,0.534,0.8,No
p.Phe1804Leu,2.516236,0.845,0.8397,0.89,0.999966,0.417,0.633,0.911,No
p.Ser1803Tyr,3.758608,0.996,0.9789,3.52,0.999658,0.994,0.933,0.9,No
p.Ser1803Phe,4.130897,0.998,0.9774,3.52,0.999809,0.966,0.934,0.752,No
p.Ser1803Pro,3.86761,0.997,0.9713,3.17,0.998592,0.952,0.918,0.889,No
p.Tyr1802Ser,3.773128,0.999,0.9709,3.15,0.992289,0.942,0.88,0.812,No
p.Tyr1802Cys,3.83846,0.998,0.9658,3.15,0.994975,0.903,0.896,0.592,No
p.Pro1801Ala,2.679413,0.963,0.9345,2.46,0.999994,0.971,0.797,0.783,No
p.Arg1800His,4.733664,0.999,0.9679,1.94,1,0.99,0.96,0.573,No
p.Arg1800Pro,4.259569,0.999,0.9787,3.32,1,0.98,0.973,0.965,No
p.Arg1800Ser,3.946788,0.999,0.9787,2.98,0.999999,0.987,0.952,0.915,No
p.Arg1800Gly,3.791978,0.997,0.9759,2.77,0.999999,0.981,0.962,0.948,No
p.Arg1800Cys,4.575471,0.991,0.9787,3.32,1,0.983,0.937,0.701,No
p.Ala1798Val,3.668858,0.994,0.948,2.91,1,0.991,0.914,0.802,No
p.Ala1798Thr,3.973008,0.994,0.9466,2.65,1,0.993,0.906,0.902,No
p.Ala1798Pro,3.975802,0.998,0.9713,3.46,1,0.995,0.968,0.838,No
p.Ala1798Ser,3.645818,0.985,0.959,2.77,0.999999,0.996,0.89,0.813,No
p.Asn1796Ser,3.669809,0.996,0.9913,3.63,1,0.987,0.949,0.845,No
p.Asn1796Asp,3.91268,0.999,0.9914,3.63,1,0.96,0.955,0.939,No
p.Phe1794Tyr,3.926377,0.899,0.9775,3.13,0.999989,0.997,0.934,0.801,No
p.Phe1794Ser,4.188371,1,0.9779,3.48,0.999999,0.991,0.943,0.886,No
p.Phe1794Leu,4.016145,0.994,0.9395,1.96,0.999998,0.975,0.926,0.69,No
p.Val1792Ala,4.155157,0.997,0.9807,3.46,0.999993,0.985,0.97,0.663,Yes
p.Val1792Leu,4.945451,0.991,0.9733,3.46,0.999987,0.987,0.878,0.55,No
p.Met1791Ile,3.657044,0.358,0.8529,0.96,0.996225,0.408,0.575,0.72,No
p.Met1791Thr,1.514255,0.102,0.7892,0.38,0.935965,0.862,0.586,0.694,No
p.Asp1788Gly,4.656507,0.999,0.9836,3.58,1,0.944,0.948,0.864,No
p.Asp1788His,3.803613,0.997,0.985,3.58,1,0.949,0.95,0.863,No
p.Asp1788Tyr,3.888471,0.999,0.9868,3.58,1,0.984,0.937,0.884,No
p.Val1786Gly,3.991919,0.999,0.9812,3.52,1,0.924,0.9,0.485,No
p.Glu1785Ala,3.993638,0.999,0.9721,2.9,1,0.935,0.937,0.827,No
p.Glu1785Lys,3.893867,0.999,0.9648,3.1,1,0.907,0.915,0.844,No
p.Ile1782Arg,3.848709,0.997,0.9812,3.54,1,0.97,0.953,0.922,No
p.Pro1780Gln,3.873237,1,0.989,3.63,1,0.995,0.981,0.953,Yes
p.Pro1780Arg,3.888066,1,0.989,3.63,1,0.987,0.985,0.974,No
p.Pro1780Leu,4.035387,1,0.989,3.63,1,0.985,0.985,0.879,No
p.Pro1780Ser,3.842785,1,0.989,3.63,1,0.991,0.98,0.828,No
p.Gly1779Arg,3.847057,0.999,0.9868,3.28,1,0.994,0.992,0.945,No
p.Gly1779Arg,3.811098,0.999,0.9868,3.28,1,0.997,0.992,0.945,No
p.Leu1777Pro,4.087249,0.997,0.9655,2.08,1,0.976,0.892,0.787,No
p.Leu1777Phe,2.980133,0.952,0.913,1.07,0.92709,0.401,0.726,0.309,No
p.Leu1775Phe,2.866952,0.992,0.9724,3.13,0.999993,0.946,0.918,0.786,No
p.Leu1775Ser,3.933278,0.999,0.972,2.92,0.999997,0.991,0.941,0.915,No
p.Leu1775Val,2.930706,0.987,0.9723,3.48,0.999903,0.811,0.908,0.611,No
p.His1774Arg,3.517784,0.999,0.9744,3.04,1,0.978,0.941,0.883,No
p.His1774Leu,3.700231,1,0.9773,3.38,1,0.991,0.938,0.531,No
p.His1774Tyr,3.761385,0.998,0.971,2.29,1,0.995,0.969,0.846,No
p.Asn1772Ile,3.759274,0.874,0.9233,0.2,0.679634,0.775,0.6,0.413,No
p.Leu1771Pro,3.320341,0.966,0.9414,1.39,1,0.668,0.734,0.422,No
p.Glu1770Lys,3.684608,0.964,0.9668,2.14,1,0.854,0.891,0.742,No
p.Gly1769Arg,3.879808,0.99,0.9774,1.7,1,0.976,0.863,0.728,No
p.Arg1768His,2.953254,0.939,0.9449,2.1,0.99964,0.774,0.819,0.793,No
p.Arg1768Cys,4.079135,0.888,0.9812,2.45,0.999999,0.931,0.899,0.545,No
p.Gln1764Arg,2.093224,0.036,0.9019,1.27,1,0.357,0.612,0.094,No
p.Phe1762Leu,2.112643,0.996,0.9732,3.25,0.983058,0.245,0.87,0.966,No
p.Ser1761Pro,3.496319,0.984,0.9759,2.67,0.979682,0.393,0.77,0.456,No
p.Asp1759Asn,3.91754,0.997,0.9738,2.62,1,0.96,0.78,0.879,No
p.Asp1759His,3.747836,0.998,0.9841,3.6,1,0.964,0.972,0.913,No
p.Phe1757Leu,3.991321,0.994,0.9599,2.33,0.99078,0.827,0.929,0.867,No
p.Gln1755Pro,3.376855,0.972,0.9384,1.32,0.988581,0.914,0.747,0.519,No
p.Phe1754Leu,3.950348,0.996,0.974,2.68,0.999997,0.817,0.945,0.711,No
p.Val1752Ile,3.468697,0.97,0.974,2.71,1,0.933,0.854,0.724,No
p.Val1752Leu,3.61132,0.983,0.9713,1.84,1,0.954,0.882,0.611,No
p.Lys1751Thr,3.749482,0.999,0.9827,3.62,1,0.976,0.937,0.829,No
p.Lys1751Arg,3.702612,0.997,0.9827,3.27,0.999999,0.969,0.966,0.925,No
p.Lys1751Gln,3.698821,0.999,0.9827,3.62,1,0.984,0.964,0.961,No
p.Lys1751Glu,3.79889,0.999,0.9827,3.62,1,0.981,0.96,0.947,Yes
p.Phe1749Leu,3.491239,0.986,0.9155,0.86,0.63167,0.794,0.785,0.564,No
p.Arg1740Met,4.440481,0.964,0.9309,1.81,0.998914,0.32,0.802,0.747,No
p.Met1730Val,0.434044,0.03,0.7195,-1.25,1,0.146,0.611,0.67,No
p.Tyr1728Cys,3.382289,1,0.9771,3.7,0.999997,0.895,0.93,0.818,No
p.Tyr1728His,3.505164,0.999,0.9771,3.7,0.999971,0.851,0.908,0.565,Yes
p.Asp1727Val,3.623071,0.996,0.9723,3.33,1,0.912,0.922,0.552,No
p.Trp1726Cys,3.760707,0.999,0.9821,3.71,1,0.969,0.844,0.906,Yes
p.Trp1726Ser,3.738242,1,0.9821,3.71,1,0.982,0.862,0.933,Yes
p.Trp1726Arg,3.811107,1,0.9809,3.71,0.999995,0.947,0.88,0.95,No
p.Glu1723Lys,3.643751,0.991,0.9647,2.16,0.999993,0.963,0.953,0.82,No
p.Ala1720Asp,3.734927,0.998,0.9773,2.9,0.999999,0.956,0.964,0.9,No
p.Ala1720Val,3.725958,0.998,0.9691,3.25,0.999995,0.856,0.948,0.889,No
p.Ala1720Thr,3.595209,0.997,0.9743,3.25,0.999993,0.83,0.94,0.835,No
p.Tyr1717Cys,3.898384,0.999,0.9759,3.65,0.999996,0.949,0.901,0.894,No
p.Arg1715Gln,3.272942,0.781,0.9732,3.23,0.985989,0.943,0.85,0.782,No
p.Arg1715Pro,3.764113,0.99,0.9717,3.23,0.998203,0.923,0.906,0.916,No
p.Arg1715Gly,3.561186,0.997,0.9742,3.58,0.987648,0.963,0.904,0.893,No
p.Thr1714Arg,3.287669,0.671,0.9475,1.45,1,0.436,0.654,0.361,No
p.Thr1714Ser,2.75168,0.238,0.8965,1.55,1,0.56,0.651,0.72,No
p.Lys1712Asn,1.968396,0.711,0.8974,2.05,0.999996,0.878,0.377,0.138,No
p.Ser1709Arg,3.23424,0.968,0.9564,1.91,1,0.391,0.88,0.697,No
p.Arg1708His,3.791798,0.942,0.9784,2.11,1,0.984,0.885,0.313,No
p.Arg1708Leu,3.735213,0.999,0.9754,2.11,1,0.989,0.911,0.844,No
p.Arg1708Ser,3.730648,0.995,0.9734,2.11,1,0.966,0.78,0.522,No
p.Arg1708Cys,4.082201,1,0.9757,2.11,1,0.972,0.941,0.797,No
p.Pro1707Arg,2.719593,0.987,0.9633,2.05,0.987595,0.412,0.66,0.739,No
p.Glu1701Lys,2.549516,0.877,0.9321,2.08,0.999836,0.911,0.716,0.702,No
p.Tyr1699Ser,3.603604,0.983,0.9683,2.11,0.999966,0.947,0.689,0.552,No
p.Tyr1699Cys,3.677826,0.969,0.9737,2.11,0.999976,0.952,0.815,0.816,No
p.Tyr1699Phe,3.379518,0.767,0.9651,2.11,0.999581,0.961,0.779,0.736,No
p.Ile1698Thr,3.467181,0.901,0.9702,2.11,0.944754,0.873,0.828,0.746,No
p.Phe1696Ser,3.816131,0.992,0.9684,2.11,0.96313,0.774,0.821,0.788,No
p.Phe1696Val,3.59328,0.971,0.965,2.11,0.969562,0.773,0.738,0.333,No
p.Ser1688Leu,1.051571,0.214,0.8955,2.02,1,0.553,0.616,0.646,No
p.Ile1681Val,0.040204,0.053,0.7366,1.39,1,0.038,0.286,0.059,No
p.Arg1671His,0.042967,0.045,0.7973,0,1,0.309,0.526,0.649,No
p.Pro1660Leu,-0.188423,0.023,0.9015,0.51,1,0.318,0.574,0.668,No
p.Glu1598Asp,0.125897,0.011,0.8648,1.35,1,0.03,0.57,0.099,No
p.Ser1530Thr,-0.28108,0.063,0.8791,1.14,1,0.055,0.546,0.667,No
p.Ser1445Pro,0.591788,0.004,0.8986,1.35,1,0.07,0.647,0.67,No
p.Thr1372Ala,0.39717,0.115,0.9084,1.7,1,0.151,0.596,0.054,No
p.Arg1329His,0.220745,0.021,0.8984,1.1,1,0.016,0.548,0.086,No
p.Asp1260Glu,-0.753331,0,0,-1.58,1,0.005,0.251,0.007,No
p.His1234Leu,0.744311,0.089,0.9152,0.69,1,0.118,0.611,0.669,No
p.Pro1153Ala,-0.293606,0.035,0.8213,0,1,0.054,0.581,0.68,No
p.Arg1126Trp,1.57338,0.073,0.8231,0,1,0.04,0.284,0.033,No
p.Met1093Ile,-0.422464,0.022,0.9111,1.39,1,0.041,0.322,0.705,No
p.His1066Tyr,0.195144,0.044,0.8602,0.35,1,0.102,0.565,0.208,Yes
p.Glu1057Lys,1.227025,0.035,0.9277,1.65,9.62844E-10,0.623,0.651,0.65,No
p.His998Gln,0.000464,0.007,0.7551,1.79,1,0.743,0.259,0.647,No
p.Gln935Glu,0.056802,0.035,0.8874,1.7,1,0.175,0.579,0.198,No
p.Asn912Asp,0.606928,0.065,0.8473,1.32,1,0.046,0.219,0.685,No
p.Val867Leu,0.576211,0.043,0.9141,1.45,1,0.414,0.566,0.72,No
p.Thr770Ser,0.058662,0.03,0.8651,1.2,1,0.086,0.625,0.634,No
p.Leu750Val,0.26441,0.069,0.6919,1.24,1,0.093,0.541,0.097,Yes
p.Tyr742Cys,3.351776,0.995,0.9483,1.62,0.97639,0.909,0.913,0.827,No
p.Asp740Gly,1.136767,0.08,0.7286,1.58,1,0.087,0.332,0.186,No
p.Glu739Lys,0.91467,0.667,0.8512,1.5,3.16935E-07,0.84,0.614,0.649,No
p.Tyr738Cys,2.085982,0.733,0.9294,1.2,1,0.16,0.622,0.379,No
p.Cys730Tyr,3.325233,1,0.9521,3.14,0.999999,0.984,0.528,0.774,No
p.Val727Phe,3.396796,0.993,0.9959,3.25,0.955141,0.92,0.906,0.537,No
p.Leu725Gln,3.663016,0.978,0.9901,1.91,0.748064,0.953,0.869,0.679,No
p.Leu724Phe,2.695434,0.842,0.891,0.92,0.903189,0.359,0.725,0.733,No
p.Ala723Asp,3.612813,0.995,0.9481,2.84,0.990971,0.916,0.915,0.92,No
p.Ala723Thr,3.469478,0.742,0.9343,1.4,0.950134,0.883,0.845,0.693,No
p.Met721Ile,3.327384,0.991,0.9929,2.88,0.875366,0.97,0.928,0.646,No
p.Met721Ile,3.266658,0.99,0.9929,2.88,0.872062,0.964,0.928,0.646,No
p.Met721Thr,3.340454,0.997,0.9939,3.22,0.888741,0.872,0.946,0.928,No
p.Met721Leu,3.372777,0.878,0.9852,2.07,0.56234,0.947,0.867,0.766,No
p.Met721Val,3.219266,0.987,0.9938,2.88,0.615861,0.953,0.95,0.843,No
p.Met721Leu,3.368321,0.899,0.9852,2.07,0.535344,0.976,0.867,0.766,No
p.Gly720Asp,3.434148,0.998,0.9993,3.33,0.992604,0.951,0.949,0.848,Yes
p.Gly720Ala,3.302687,0.996,0.9992,3.33,0.974531,0.955,0.939,0.795,No
p.Gly720Ser,3.505725,0.998,0.9992,2.63,0.981214,0.911,0.946,0.71,No
p.Gly720Cys,3.654251,0.998,0.9993,2.98,0.995193,0.974,0.96,0.609,No
p.Arg719Thr,2.962419,0.989,0.9229,2.22,0.584655,0.617,0.873,0.766,No
p.Arg717Gln,3.318549,0.626,0.9387,0.93,0.786378,0.924,0.841,0.81,No
p.Arg717Leu,3.721417,0.993,0.9302,0.65,0.964768,0.895,0.874,0.814,No
p.Arg717Trp,4.072567,0.799,0.9555,2.21,0.918235,0.965,0.916,0.824,No
p.Ser714Leu,3.255646,0.895,0.8695,0.67,0.843664,0.964,0.849,0.48,No
p.Cys711Phe,3.657943,0.998,0.9942,3.17,0.995676,0.977,0.968,0.91,No
p.Cys711Arg,3.868652,0.993,0.9938,3.17,0.999999,0.935,0.946,0.924,No
p.Gly710Glu,3.022136,0.995,0.9227,0.49,0.988874,0.809,0.849,0.748,No
p.Gly710Arg,3.682059,0.997,0.9474,2,0.990298,0.891,0.88,0.88,No
p.Trp707Arg,3.562754,1,0.9928,3.09,0.95657,0.976,0.883,0.956,No
p.Gly705Val,4.385457,0.999,0.9944,2.92,0.999991,0.979,0.959,0.711,No
p.Gly705Ser,5.548454,0.999,0.9936,3.27,0.940194,0.938,0.93,0.644,No
p.Gly705Arg,5.719525,0.999,0.9951,3.27,0.970932,0.973,0.972,0.905,No
p.Pro704Ser,3.341018,0.944,0.9317,2.16,0.912567,0.791,0.773,0.503,No
p.Asn703Ser,3.274434,0.893,0.8954,1.44,0.960265,0.462,0.658,0.334,No
p.Met701Ile,3.53233,0.875,0.9234,2.34,0.680158,0.836,0.808,0.804,No
p.Met701Thr,3.481427,0.82,0.8984,1.65,0.559952,0.943,0.83,0.774,No
p.Met701Leu,2.690638,0.435,0.8965,1.65,0.984279,0.793,0.637,0.401,No
p.Met701Val,3.145026,0.472,0.8531,2,0.978258,0.736,0.549,0.722,No
p.Ser700Pro,3.431381,0.914,0.8852,1.26,0.98866,0.257,0.739,0.879,No
p.Met699Ile,3.443849,0.981,0.9899,3.31,0.970266,0.937,0.901,0.71,No
p.Met699Lys,3.677131,0.996,0.9906,3.31,0.520119,0.987,0.942,0.957,No
p.Met699Thr,3.500826,0.986,0.9884,2.96,0.891142,0.98,0.924,0.939,No
p.Met699Leu,3.640881,0.965,0.9863,2.76,0.92411,0.993,0.865,0.558,No
p.Met699Val,3.4631,0.92,0.9842,2.21,0.91072,0.993,0.829,0.837,No
p.Met699Leu,3.664114,0.97,0.9863,2.76,0.92411,0.997,0.865,0.558,No
p.Val697Asp,3.831118,0.995,0.9891,2.85,0.999964,0.987,0.942,0.964,No
p.Val697Ala,3.654578,0.964,0.9771,1.01,0.59598,0.963,0.843,0.675,No
p.Thr696Asn,3.510235,0.987,0.9554,2.87,0.733923,0.977,0.934,0.749,No
p.Thr696Ile,3.68268,0.997,0.9554,2.87,0.742883,0.961,0.927,0.9,No
p.Glu695Gly,3.801919,0.976,0.9025,1.63,0.670071,0.947,0.856,0.546,No
p.Gly694Glu,3.492718,0.997,0.9436,2.52,0.94422,0.976,0.935,0.895,No
p.Ser693Leu,3.906105,0.993,0.9441,2.38,0.920776,0.93,0.874,0.862,No
p.Pro691Leu,3.821596,1,0.9977,3.33,0.99974,0.988,0.95,0.958,No
p.Pro691Ser,3.663912,0.999,0.9968,2.53,0.867665,0.993,0.97,0.94,No
p.Leu689Pro,3.900644,0.998,0.9915,3.21,0.999997,0.966,0.958,0.942,No
p.Leu689Arg,3.847673,0.998,0.9915,3.21,0.876739,0.963,0.961,0.96,No
p.Leu687Pro,3.882096,0.998,0.9489,2.79,1,0.984,0.943,0.97,No
p.Leu687Phe,3.583965,0.984,0.9338,1.81,0.973958,0.917,0.933,0.563,No
p.Thr686Arg,3.314466,0.975,0.9801,2.48,0.667239,0.411,0.813,0.871,No
p.Asp685Gly,3.81161,0.991,0.9315,1.88,0.628517,0.55,0.893,0.875,No
p.Asp685Val,3.761559,0.998,0.9566,3.16,0.999944,0.791,0.91,0.789,No
p.Asp685Asn,3.713125,0.997,0.9339,3.16,0.60883,0.77,0.718,0.492,No
p.Tyr683Cys,3.371636,0.967,0.8838,1.83,0.663856,0.593,0.696,0.825,No
p.Tyr683Asn,3.678925,0.942,0.872,1.03,0.933559,0.967,0.772,0.846,No
p.Val682Ala,3.567666,0.764,0.9059,1.24,0.57896,0.669,0.755,0.767,No
p.Val682Phe,3.452895,0.966,0.9349,1.5,0.976654,0.776,0.793,0.795,Yes
p.Met681Ile,2.472122,0.201,0.7986,1.01,0.625725,0.34,0.647,0.731,No
p.Met681Ile,2.293749,0.17,0.7986,1.01,0.625725,0.496,0.647,0.731,No
p.His679Gln,2.235163,0.954,0.9789,1.4,0.936841,0.663,0.716,0.728,No
p.His679Pro,3.42532,0.949,0.9833,2.1,0.619939,0.686,0.756,0.592,No
p.Phe677Leu,3.663838,0.991,0.902,1.3,0.666945,0.97,0.826,0.855,No
p.Phe677Leu,3.87294,0.992,0.9071,1.3,0.946605,0.943,0.899,0.855,No
p.Phe677Val,3.743692,0.994,0.9119,1.77,0.971692,0.949,0.926,0.896,No
p.Thr676Ser,3.340384,0.835,0.9107,1.82,0.673895,0.835,0.827,0.706,No
p.Gly674Glu,3.640912,0.999,0.9951,3.34,0.994864,0.982,0.977,0.972,No
p.Gly674Ala,3.540133,0.995,0.9929,2.54,0.987366,0.967,0.922,0.803,No
p.Phe672Ser,4.028982,0.998,0.9724,3.29,0.97674,0.97,0.969,0.868,No
p.Phe671Leu,3.420274,0.989,0.9812,2.28,0.626573,0.936,0.827,0.83,No
p.Val670Leu,1.942703,0.589,0.7658,1.79,0.988243,0.784,0.644,0.359,No
p.Gln664His,2.193147,0.97,0.9201,2,0.703709,0.075,0.756,0.813,No
p.Gln664Pro,3.691194,0.991,0.9186,1.65,0.982064,0.978,0.913,0.702,No
p.Gln664Arg,3.612022,0.972,0.9444,2.54,0.745256,0.981,0.895,0.798,No
p.Ala663Val,3.716636,0.96,0.9832,1.7,0.611979,0.894,0.844,0.805,No
p.Gly662Ala,3.50621,0.996,0.9926,3.36,0.985931,0.963,0.951,0.89,No
p.Leu659Pro,3.820311,0.977,0.9655,2.81,0.999985,0.847,0.899,0.874,No
p.Ile658Ser,3.812924,0.993,0.9803,1.5,0.934116,0.822,0.893,0.74,No
p.Tyr657Cys,3.860721,0.99,0.9818,2.4,0.765077,0.954,0.833,0.844,No
p.Trp656Arg,3.889634,1,0.9903,3.35,0.976327,0.988,0.948,0.926,No
p.Trp656Gly,4.027091,0.999,0.9925,3.35,0.99119,0.988,0.958,0.93,No
p.Tyr655Cys,3.764017,0.983,0.9119,2.12,0.765811,0.844,0.859,0.903,No
p.Ala654Glu,3.590627,0.971,0.9812,2.05,0.623025,0.945,0.753,0.711,No
p.Val653Ala,3.718812,0.985,0.9822,1.9,0.898128,0.98,0.823,0.861,No
p.Val653Met,3.574838,0.984,0.9833,2.15,0.933757,0.98,0.837,0.832,No
p.His651Pro,3.485607,0.985,0.9836,1.94,0.567988,0.651,0.766,0.523,No
p.Leu650Phe,2.811161,0.547,0.9765,1.55,0.578919,0.733,0.62,0.729,No
p.Leu650Val,2.727543,0.594,0.9676,1.35,0.837914,0.551,0.567,0.266,No
p.Cys649Tyr,3.510388,0.999,0.9648,3.5,0.999657,0.981,0.835,0.818,No
p.Cys649Arg,3.739872,0.999,0.9681,3.15,1,0.935,0.948,0.957,No
p.Cys649Gly,3.665927,0.998,0.976,3.5,0.999337,0.95,0.932,0.919,No
p.Gln645Pro,2.804213,0.881,0.8959,-0.07,0.749155,0.571,0.736,0.816,No
p.Leu644Ser,3.619796,0.948,0.9727,2.43,0.689226,0.846,0.897,0.862,No
p.Leu644Trp,3.60478,0.975,0.976,3.23,0.785908,0.873,0.832,0.64,No
p.Leu644Val,2.546444,0.551,0.9651,2.69,0.88778,0.35,0.708,0.746,No
p.Phe641Ser,3.692804,0.995,0.9619,2.38,0.957687,0.737,0.931,0.913,No
p.Tyr639Cys,3.553846,0.994,0.9674,3.11,0.712017,0.472,0.816,0.583,No
p.Gly638Asp,3.602909,0.999,0.9973,3.54,0.996255,0.981,0.97,0.973,No
p.Gly638Ser,3.922676,0.999,0.9973,3.54,0.989654,0.981,0.966,0.963,No
p.Asn637Ser,3.468644,0.997,0.9913,3.54,0.768764,0.969,0.933,0.939,No
p.Asn637Ile,3.750457,0.999,0.9925,3.54,0.967053,0.985,0.955,0.983,No
p.Asn637Asp,3.66078,0.996,0.9924,3.54,0.765437,0.94,0.93,0.959,No
p.Ser635Asn,3.873621,0.971,0.9576,2.37,0.518937,0.917,0.769,0.588,No
p.Met633Ile,3.246884,0.982,0.9507,2.52,1,0.938,0.883,0.788,No
p.Met633Thr,3.3169,0.994,0.9604,3.49,0.984076,0.839,0.945,0.658,No
p.Asn631Ser,3.607052,0.993,0.9729,3.54,0.920271,0.968,0.825,0.914,Yes
p.Asn631Asp,3.869293,0.997,0.9799,3.54,0.921677,0.951,0.872,0.93,No
p.Asp624Val,3.823336,0.991,0.9915,2.61,0.999999,0.97,0.84,0.842,No
p.Val620Met,1.812854,0.795,0.9852,2.83,1,0.352,0.554,0.307,No
p.Leu614Arg,3.048116,0.794,0.9308,0.49,0.692515,0.825,0.78,0.63,No
p.Arg612His,2.201945,0.44,0.9518,1.5,0.617166,0.962,0.565,0.102,Yes
p.Arg612Pro,2.368477,0.991,0.9638,2.04,0.646809,0.936,0.83,0.844,No
p.Arg612Cys,3.432373,0.956,0.969,2.4,0.998287,0.874,0.808,0.721,No
p.Asn609Ile,3.678341,0.999,0.993,3.54,0.996523,0.935,0.951,0.973,No
p.Asn609Tyr,3.715908,0.999,0.993,3.54,0.996336,0.982,0.945,0.969,No
p.Tyr605Ser,3.864446,0.999,0.9891,3.46,0.9966,0.984,0.952,0.973,No
p.Tyr605Cys,3.891302,0.999,0.9927,3.46,0.997777,0.975,0.957,0.968,No
p.Tyr605His,3.755666,0.995,0.9866,2.56,0.992252,0.984,0.973,0.95,Yes
p.Trp604Cys,3.925474,1,0.9944,3.43,1,0.986,0.94,0.852,No
p.Trp604Arg,3.93392,1,0.9925,2.88,0.998001,0.995,0.948,0.959,No
p.Ser603Arg,3.180988,0.995,0.9735,3.54,0.846216,0.835,0.959,0.933,No
p.Ser603Thr,3.406166,0.994,0.9699,3.19,0.986961,0.978,0.935,0.698,No
p.Ser603Gly,3.655995,0.994,0.9774,3.54,0.983342,0.994,0.95,0.766,No
p.Ser603Cys,3.780568,0.998,0.9777,3.54,0.996126,0.994,0.936,0.829,No
p.Arg602Gly,2.206371,0.863,0.9431,2.1,1,0.868,0.594,0.802,No
p.Asn601Lys,1.729808,0.998,0.9351,3.53,0.999799,0.727,0.596,0.917,No
p.Asn601Lys,1.691497,0.998,0.9351,3.53,0.999799,0.426,0.596,0.917,No
p.Asn601Thr,2.997521,0.995,0.9421,3.18,0.913967,0.878,0.721,0.703,No
p.Asn601Asp,3.636311,0.996,0.9621,3.53,0.917467,0.962,0.895,0.859,No
p.Glu600Lys,3.961248,0.998,0.9806,3.54,0.998519,0.982,0.941,0.909,No
p.Glu600Gln,4.372122,0.995,0.9814,3.54,0.993427,0.983,0.934,0.876,No
p.Asp599His,3.736469,0.999,0.9798,3.53,0.999551,0.956,0.958,0.946,No
p.Phe595Ser,4.039067,0.999,0.9745,2.87,0.995196,0.981,0.958,0.949,No
p.Leu594Gln,3.835741,0.995,0.9703,2.82,0.96814,0.991,0.97,0.82,No
p.Leu594Pro,3.923566,0.997,0.9807,3.17,0.999999,0.988,0.963,0.943,No
p.Ile593Asn,3.706366,0.994,0.9665,1.52,0.662687,0.94,0.849,0.876,No
p.Ile593Thr,3.625908,0.907,0.9521,0.83,0.611919,0.852,0.747,0.599,No
p.Asp588Glu,3.299594,0.99,0.9557,3.11,0.604729,0.458,0.825,0.906,No
p.Asp588Gly,3.987252,0.998,0.9777,3.11,0.998225,0.93,0.977,0.927,No
p.Asp588His,3.766748,0.999,0.9767,3.46,0.999521,0.944,0.967,0.869,No
p.Met586Val,3.251591,0.848,0.9428,1.59,0.808936,0.653,0.815,0.694,No
p.Ile585Thr,2.983608,0.911,0.8125,0.55,0.932696,0.972,0.686,0.705,No
p.Ile585Arg,3.077129,0.874,0.7912,0.2,0.993728,0.968,0.717,0.785,No
p.Gln584His,4.775395,0.997,0.9677,3.28,1,0.987,0.939,0.736,No
p.Gln584Arg,3.012906,0.941,0.9401,2.12,1,0.903,0.859,0.383,No
p.Gln584Lys,3.871906,0.98,0.9546,2.93,0.988107,0.955,0.909,0.4,No
p.Asn583Ser,3.370967,0.416,0.9445,1.09,0.999722,0.305,0.629,0.055,No
p.Gly582Glu,3.60341,0.996,0.9741,2.76,0.949533,0.865,0.921,0.924,No
p.Gly582Ala,3.458156,0.997,0.9626,2.76,0.875758,0.869,0.863,0.863,No
p.Gly582Arg,3.690913,0.994,0.962,2.96,0.956556,0.858,0.862,0.926,No
p.Asp579Gly,4.114084,0.996,0.9358,1.83,0.988209,0.92,0.877,0.854,No
p.Asp579Val,4.000928,0.998,0.9479,3.04,0.999999,0.956,0.92,0.907,No
p.Val578Ala,3.907013,0.981,0.9434,0.9,0.857695,0.943,0.852,0.382,No
p.Ser577Tyr,3.723801,0.995,0.9754,3.13,0.983851,0.964,0.921,0.581,No
p.Ser577Pro,3.285945,0.986,0.9684,3.13,0.682575,0.652,0.825,0.792,No
p.Glu576Lys,2.383387,0.594,0.8438,0.73,0.969221,0.397,0.602,0.683,No
p.Cys573Tyr,3.703742,1,0.9766,2.35,0.999976,0.995,0.925,0.938,No
p.Cys573Phe,3.719074,1,0.9874,3.92,0.999992,0.992,0.94,0.902,No
p.Ile572Phe,3.661565,0.996,0.9814,3.62,0.999501,0.925,0.946,0.919,No
p.Pro569Arg,3.815855,1,0.9855,4.01,0.999661,0.98,0.984,0.91,No
p.Gly568Asp,3.647712,1,0.9965,4.28,0.999793,0.964,0.982,0.972,No
p.Gly568Ser,3.71024,0.999,0.9953,3.93,0.999462,0.973,0.97,0.945,No
p.Gly568Cys,3.805259,1,0.9965,4.28,0.999879,0.989,0.967,0.849,No
p.Ile567Thr,3.682506,0.973,0.9781,2.81,0.91324,0.972,0.956,0.925,No
p.Ile567Phe,3.462898,0.989,0.9514,2.12,0.972181,0.17,0.753,0.4,No
p.Leu566Arg,3.868614,1,0.9885,4.2,0.99879,0.989,0.986,0.9,No
p.Leu566Phe,3.732176,0.996,0.984,3.51,0.99837,0.957,0.973,0.602,No
p.Ser564Leu,4.146397,0.997,0.9696,2.77,0.998633,0.959,0.944,0.837,No
p.Ala563Gly,3.894011,0.991,0.9755,1.89,0.998675,0.993,0.865,0.821,No
p.Asp561Glu,2.722268,0.987,0.9506,2.5,0.756607,0.455,0.814,0.935,No
p.Asp561Ala,3.890286,0.999,0.9742,2.71,0.997333,0.987,0.962,0.877,No
p.Asp561Gly,3.943001,0.999,0.9807,3.4,0.99818,0.982,0.975,0.966,No
p.Asp561Asn,3.778005,0.999,0.9849,3.6,0.997321,0.966,0.938,0.95,No
p.Asp561His,3.664034,0.998,0.9741,2.45,0.999462,0.974,0.963,0.966,No
p.Asp561Tyr,3.762381,1,0.9849,3.95,0.999744,0.99,0.984,0.909,No
p.Arg560Thr,1.937027,0.96,0.9513,2.56,0.888196,0.382,0.778,0.849,No
p.Arg560Gly,3.143368,0.981,0.9759,2.65,0.949117,0.344,0.801,0.883,No
p.Ser554Asn,3.055675,0.999,0.9843,4.17,0.9887,0.952,0.859,0.915,No
p.Ser554Gly,3.296183,0.954,0.9735,2.79,0.983872,0.982,0.938,0.93,No
p.Ser554Cys,3.401042,0.998,0.9643,2.93,0.995944,0.985,0.955,0.947,No
p.Ser553Cys,2.567613,0.883,0.9677,1.74,0.658996,0.263,0.722,0.77,No
p.Ser553Pro,2.279425,0.86,0.9691,2.08,0.627157,0.72,0.789,0.614,No
p.Tyr552His,3.375133,0.999,0.9933,3.71,0.980161,0.979,0.956,0.924,No
p.Tyr551Cys,3.253691,0.979,0.9661,2.04,0.722185,0.982,0.708,0.547,No
p.Arg550His,2.359952,0.925,0.95,1.74,0.999999,0.979,0.738,0.808,No
p.Arg550Pro,2.949009,0.995,0.9667,2.73,0.999998,0.942,0.805,0.944,No
p.Arg550Leu,2.838773,0.992,0.952,1.8,0.999998,0.945,0.711,0.878,No
p.Arg550Gly,2.535626,0.964,0.9545,2.08,1,0.974,0.718,0.92,No
p.Arg550Cys,2.818246,0.992,0.9708,2.94,0.99997,0.971,0.749,0.6,No
p.Thr549Asn,2.9194,0.995,0.9922,3.73,0.993116,0.982,0.858,0.714,No
p.Cys547Trp,2.797538,1,0.9736,3.38,0.999999,0.864,0.871,0.965,No
p.Cys547Tyr,3.114287,1,0.9767,2.27,0.999976,0.963,0.936,0.901,No
p.Cys547Phe,3.142265,1,0.9794,3.38,0.999992,0.975,0.932,0.902,Yes
p.Cys547Arg,3.379801,1,0.9803,3.94,1,0.977,0.941,0.972,No
p.Arg546Trp,3.912364,0.995,0.9597,2.58,0.975107,0.969,0.837,0.774,No
p.Pro545His,3.664977,0.997,0.9764,2.73,0.996404,0.995,0.959,0.768,No
p.Pro545Arg,3.632503,0.995,0.9773,2.42,0.998127,0.993,0.942,0.825,No
p.Asp544Asn,3.755646,0.997,0.9839,3.52,0.997512,0.978,0.946,0.921,No
p.Thr541Ser,3.172229,0.959,0.9453,2.05,0.963714,0.932,0.818,0.246,No
p.Pro540Arg,3.797912,1,0.9953,3.92,0.999661,0.995,0.928,0.785,No
p.Pro540Leu,3.974308,1,0.9953,3.22,0.999999,0.995,0.916,0.772,No
p.Pro540Thr,3.611511,1,0.9946,3.92,0.999182,0.972,0.958,0.725,No
p.Pro540Ser,3.716341,0.998,0.9938,3.11,0.9993,0.986,0.933,0.684,No
p.Val534Gly,3.804321,0.993,0.9747,3.56,0.999998,0.932,0.958,0.829,No
p.Trp532Arg,3.996444,1,0.9811,3.98,0.997793,0.989,0.972,0.951,No
p.Trp532Gly,4.109816,1,0.981,3.63,0.999092,0.99,0.963,0.956,Yes
p.Tyr530Cys,3.928343,1,0.9925,3.94,0.997471,0.98,0.975,0.953,No
p.Tyr530His,3.808632,1,0.9934,3.94,0.981003,0.973,0.987,0.94,No
p.Gly525Arg,3.603328,0.998,0.9839,3.4,0.978517,0.786,0.931,0.861,No
p.Gly513Val,4.969681,0.995,0.9977,3.27,0.999994,0.805,0.812,0.355,No
p.Gly513Ser,5.302749,0.917,0.996,2.37,0.942582,0.682,0.748,0.749,No
p.Val502Asp,3.687805,0.995,0.9571,1.21,0.999999,0.985,0.867,0.691,No
p.Gly498Arg,3.920517,1,0.9991,4.26,0.998811,0.974,0.976,0.951,No
p.Gly498Arg,3.741814,1,0.9991,4.26,0.998811,0.985,0.976,0.951,No
p.Pro496Arg,3.716277,0.999,0.9861,3.73,0.998507,0.992,0.991,0.878,No
p.Tyr495Asp,3.361313,0.997,0.9379,1.98,0.80084,0.768,0.812,0.834,No
p.Ile494Thr,3.678595,0.999,0.99,3.47,0.98033,0.977,0.983,0.932,No
p.Ile494Ser,3.855907,1,0.9912,4.02,0.994699,0.977,0.983,0.881,Yes
p.Asn493Asp,3.685413,0.995,0.9719,2.95,0.892823,0.949,0.864,0.898,No
p.Tyr492Cys,3.770653,0.999,0.9721,2.65,0.930653,0.93,0.945,0.711,No
p.Tyr492His,3.805951,0.998,0.9446,2.16,0.811056,0.977,0.897,0.876,No
p.Arg490Ser,2.61873,0.996,0.9722,2.86,0.639631,0.077,0.733,0.88,No
p.Arg490Gly,2.973356,0.996,0.9766,2.66,0.645594,0.738,0.887,0.931,No
p.Ser489Asn,3.266493,0.841,0.967,2.1,0.953015,0.947,0.703,0.791,Yes
p.Ala488Gly,3.831507,0.826,0.9757,2.23,0.994037,0.971,0.874,0.228,No
p.Ala488Val,4.194094,0.996,0.9813,2.6,0.995208,0.969,0.973,0.865,No
p.Ala488Thr,3.910257,0.996,0.9813,2.68,0.993604,0.968,0.938,0.737,No
p.Ala488Pro,3.797377,0.998,0.9821,3.38,0.998163,0.978,0.949,0.828,No
p.Phe484Cys,3.934324,1,0.9833,3.88,0.990625,0.954,0.982,0.863,No
p.Phe484Val,3.915887,0.999,0.9507,1.35,0.988943,0.973,0.926,0.917,No
p.Ile482Ser,4.401891,0.999,0.9831,3.76,0.989731,0.957,0.991,0.973,No
p.Leu480Pro,3.763455,0.998,0.9774,3.46,0.999999,0.962,0.938,0.926,No
p.Asp478Glu,2.978252,0.985,0.9677,1.9,0.81326,0.658,0.824,0.889,No
p.Asp478Gly,3.95528,0.999,0.9867,3.81,0.997706,0.983,0.985,0.954,No
p.Asp478Asn,3.884193,0.999,0.9878,4.16,0.996379,0.926,0.905,0.907,No
p.Gly477Val,3.659484,0.999,0.9897,4.19,0.999998,0.837,0.919,0.664,No
p.Glu475Lys,3.556268,0.952,0.9498,1.97,0.937184,0.573,0.809,0.848,No
p.Glu475Gln,3.299404,0.935,0.9641,2.03,0.775102,0.886,0.588,0.487,No
p.Gly474Glu,3.396742,0.998,0.9727,3.06,0.989314,0.856,0.973,0.953,No
p.Gly474Val,3.343476,0.994,0.9476,1.24,1,0.488,0.92,0.93,No
p.Gly474Arg,3.823528,0.999,0.9727,3.06,0.997962,0.949,0.972,0.963,No
p.Gly474Trp,3.863942,0.998,0.9643,1.5,0.998836,0.966,0.952,0.82,No
p.Leu472His,3.797905,0.998,0.9887,3.79,0.986006,0.965,0.986,0.905,No
p.Pro470Arg,3.762139,1,0.99,3.92,0.999719,0.996,0.998,0.966,Yes
p.Pro470Leu,3.937281,1,0.99,3.58,0.999999,0.99,0.993,0.837,No
p.Pro470Thr,3.489137,0.999,0.9887,3.73,0.999323,0.985,0.982,0.928,No
p.Pro470Ser,3.556195,1,0.9912,3.73,0.999354,0.988,0.977,0.778,No
p.Gly469Glu,3.482421,0.999,0.9894,4.25,0.999729,0.96,0.982,0.948,No
p.Gly469Ala,3.338168,0.998,0.9833,2.76,0.999299,0.967,0.971,0.912,No
p.Gly466Glu,3.454527,0.98,0.9726,2.56,0.999729,0.936,0.967,0.949,No
p.Gly466Ala,3.258848,0.995,0.9819,2.94,0.999323,0.938,0.908,0.733,No
p.Gly466Arg,3.496226,0.993,0.9768,2.94,0.999748,0.909,0.971,0.967,No
p.Arg458His,3.120757,0.666,0.9763,2.38,0.999992,0.841,0.587,0.15,No
p.Arg458Cys,3.958266,0.998,0.9852,2.92,0.996789,0.798,0.839,0.142,Yes
p.Phe455Ser,3.981494,1,0.983,3.85,0.989277,0.924,0.965,0.947,No
p.Phe455Cys,3.922024,0.999,0.983,3.85,0.992683,0.929,0.967,0.934,No
p.Thr454Ile,3.526003,0.999,0.973,3.56,0.725794,0.381,0.936,0.8,No
p.Tyr450Cys,3.642051,0.999,0.9823,3.11,0.994501,0.778,0.97,0.551,No
p.Tyr450Asn,3.804225,1,0.9823,3.81,0.995893,0.962,0.964,0.956,No
p.Tyr450Asp,3.820694,0.999,0.9823,3.81,0.994072,0.941,0.978,0.962,No
p.Phe447Ser,3.744271,0.996,0.9694,3.17,0.999992,0.521,0.734,0.948,No
p.Arg446Gln,2.920436,0.209,0.9486,1.44,1,0.809,0.573,0.652,No
p.Arg446Pro,3.017223,0.956,0.9669,2.73,1,0.731,0.698,0.603,No
p.Arg446Gly,3.311792,0.979,0.967,2.73,1,0.943,0.672,0.475,No
p.Lys444Asn,2.759636,0.998,0.9755,3.65,0.868935,0.266,0.873,0.934,No
p.Lys444Asn,2.763272,0.998,0.9755,3.65,0.868935,0.387,0.873,0.934,No
p.Lys444Thr,3.662065,1,0.9831,4,0.976724,0.885,0.953,0.707,No
p.Lys444Arg,3.63397,0.998,0.9831,3.65,0.866522,0.821,0.946,0.615,No
p.Tyr442Cys,3.79404,1,0.9824,3.93,0.994789,0.872,0.959,0.927,No
p.Tyr442His,3.755371,0.999,0.9793,3.93,0.957286,0.964,0.905,0.792,No
p.Gly439Asp,3.514907,0.998,0.9818,2.84,0.997752,0.976,0.97,0.826,No
p.Gly439Ala,3.37693,0.996,0.9863,2.98,0.991807,0.964,0.947,0.688,Yes
p.Gly439Val,3.474777,1,0.9845,3.88,1,0.968,0.962,0.928,No
p.Gly439Ser,3.553799,0.997,0.9764,2.68,0.976103,0.968,0.947,0.74,No
p.Gly439Cys,3.681043,1,0.985,3.88,0.994152,0.986,0.957,0.787,No
p.Ile438Thr,3.445166,0.99,0.9592,2.94,0.554327,0.366,0.884,0.861,No
p.Ile438Phe,3.492239,0.971,0.9615,2.48,0.843398,0.573,0.886,0.802,Yes
p.Arg437Gln,1.244676,0.298,0.9076,2.18,0.914424,0.071,0.416,0.149,No
p.Arg437Pro,2.469728,0.963,0.9487,2.48,0.60151,0.088,0.84,0.561,No
p.Arg437Trp,2.92749,0.978,0.9413,2.83,0.618607,0.953,0.742,0.343,No
p.Leu431Phe,2.759332,0.763,0.9199,1.03,0.000174561,0.966,0.653,0.745,No
p.Leu431Ser,3.375245,0.984,0.9494,3.17,0.999826,0.829,0.805,0.917,No
p.Lys427Ile,3.019242,0.869,0.9062,2.29,1,0.746,0.614,0.741,No
p.Lys427Glu,1.469442,0.037,0.8106,0.73,1,0.17,0.283,0.133,No
p.Arg424Ser,2.364132,0.165,0.8294,0.34,0.719698,0.73,0.635,0.192,Yes
p.Asp422His,0.050465,0.029,0.8646,0.97,1,0.16,0.547,0.643,No
p.Ala415Asp,3.356085,0.997,0.9577,3.25,0.979453,0.944,0.922,0.915,No
p.Ala415Val,2.766426,0.977,0.9017,2.1,0.925018,0.471,0.829,0.763,No
p.Tyr414Cys,3.655476,0.999,0.9801,3.98,0.997304,0.963,0.967,0.916,No
p.Asp413His,3.348145,0.994,0.9756,3.2,0.994002,0.933,0.945,0.755,No
p.Asp413Tyr,3.428731,0.999,0.9747,3.75,0.997136,0.947,0.938,0.936,No
p.Trp412Arg,3.780249,1,0.9834,3.99,0.99725,0.983,0.964,0.936,Yes
p.Trp412Gly,3.953957,0.999,0.9834,3.99,0.99899,0.983,0.96,0.952,No
p.Asp411Gly,3.068249,0.828,0.9318,2.47,0.978141,0.422,0.743,0.805,No
p.Glu409Gly,4.194012,0.995,0.9747,3.18,0.996221,0.983,0.941,0.851,No
p.Ile405Thr,3.697874,0.998,0.9829,3.88,0.973276,0.964,0.981,0.843,No
p.Ile405Ser,3.895347,0.999,0.9829,3.88,0.992795,0.959,0.985,0.972,No
p.Ile405Phe,3.451166,0.99,0.977,3.18,0.994626,0.984,0.927,0.903,No
p.Tyr404Asp,3.880493,0.999,0.9754,3.73,0.980536,0.974,0.96,0.892,No
p.His403Leu,3.677816,0.997,0.9627,2.27,0.992321,0.981,0.924,0.895,No
p.His403Asp,3.56527,0.993,0.9655,2.62,0.952216,0.884,0.921,0.917,Yes
p.Trp401Ser,3.931451,1,0.968,3.06,1,0.993,0.852,0.744,No
p.Trp401Arg,4.016636,0.998,0.95,1.56,0.997814,0.993,0.823,0.748,No
p.Lys399Glu,3.144862,0.773,0.9535,2.71,0.970655,0.358,0.742,0.205,No
p.Lys396Met,3.489982,0.941,0.9494,1.95,0.669379,0.747,0.774,0.726,Yes
p.Lys395Arg,3.767994,0.921,0.9583,2.02,0.801445,0.964,0.799,0.347,No
p.Lys395Glu,3.824064,0.984,0.9582,2.08,0.908634,0.95,0.867,0.435,No
p.Ala394Ser,3.409264,0.911,0.9614,1.91,0.783303,0.924,0.78,0.176,No
p.Ser392Leu,4.045973,0.981,0.9633,2.63,0.999995,0.966,0.82,0.718,No
p.Ser392Pro,3.786327,0.981,0.9647,2.98,0.999984,0.967,0.838,0.815,No
p.Arg391His,3.8673,0.984,0.9691,3.07,0.999997,0.993,0.855,0.83,No
p.Arg391Pro,4.061078,0.998,0.9694,3.07,0.999999,0.967,0.937,0.832,No
p.Arg391Leu,3.891518,0.998,0.9633,2.73,0.999999,0.958,0.862,0.708,No
p.Arg391Cys,4.236433,0.999,0.9696,3.07,1,0.978,0.924,0.891,No
p.Ile390Thr,2.21991,0.313,0.9025,2.56,0.998907,0.333,0.702,0.744,No
p.Ile388Thr,2.371353,0.842,0.9119,2.69,1,0.276,0.69,0.811,No
p.Asp380Gly,1.624765,0.104,0.8843,2.25,0.955083,0.487,0.368,0.198,No
p.Val376Gly,1.811579,0.918,0.9033,2.47,1,0.634,0.658,0.327,No
p.Asp366Asn,0.289774,0.283,0.882,1.76,0.991891,0.071,0.287,0.121,No
p.Tyr365Cys,2.512065,0.391,0.9634,2.82,0.977068,0.792,0.756,0.746,No
p.Tyr365His,1.540557,0.903,0.9585,2.82,0.999994,0.236,0.47,0.767,No
p.Cys348Tyr,3.36058,1,0.9915,3.23,0.999759,0.989,0.946,0.871,No
p.Cys348Ser,3.258059,0.999,0.9925,3.23,0.999483,0.971,0.925,0.881,No
p.Cys348Arg,3.577183,1,0.9919,3.23,1,0.98,0.938,0.792,No
p.Val345Ala,3.312199,0.994,0.9958,3.18,0.729927,0.926,0.939,0.891,No
p.Val345Leu,2.899732,0.97,0.9951,3.18,0.5691,0.843,0.876,0.841,No
p.Val345Leu,2.93222,0.975,0.9951,3.18,0.576428,0.968,0.876,0.841,No
p.Lys344Gln,0.881957,0.028,0.9443,0.34,0.979341,0.712,0.642,0.223,No
p.Tyr342Cys,3.519008,0.966,0.9548,1.7,0.654802,0.248,0.805,0.824,No
p.Glu340Asp,3.271233,0.882,0.9832,2.28,0.652953,0.075,0.768,0.344,No
p.Glu340Lys,3.06517,0.173,0.9551,0.49,0.717715,0.433,0.758,0.656,No
p.Met339Ile,3.49673,0.99,0.9944,3.29,0.942679,0.967,0.953,0.724,No
p.Met339Thr,3.498626,0.999,0.9946,3.29,0.948514,0.993,0.971,0.917,No
p.Met339Val,3.324585,0.986,0.9938,3.29,0.750479,0.904,0.953,0.891,No
p.Asp337Tyr,5.178218,0.936,0.9862,1.96,0.999964,0.977,0.783,0.311,No
p.Ile331Thr,3.578835,0.99,0.9821,0.9,0.921702,0.924,0.871,0.908,No
p.Ile331Ser,3.797563,0.996,0.9885,2.19,0.978872,0.92,0.902,0.834,No
p.Ile331Phe,3.646922,0.987,0.9898,2.54,0.993836,0.927,0.754,0.745,No
p.His330Arg,1.338286,0.041,0.955,1.25,0.790144,0.716,0.644,0.706,No
p.Cys329Tyr,3.441963,0.999,0.9948,3.28,0.992003,0.988,0.937,0.966,Yes
p.Cys329Ser,3.592353,0.99,0.9855,2.12,0.975942,0.992,0.879,0.967,No
p.Phe328Leu,3.065833,0.955,0.9705,2,0.541417,0.787,0.824,0.58,No
p.Phe328Val,3.901761,0.975,0.9755,0.96,0.805063,0.908,0.842,0.683,No
p.Leu327Gln,3.382689,0.984,0.9682,2.63,0.885748,0.993,0.868,0.869,No
p.Leu327Pro,3.470514,0.992,0.9683,2.63,0.999847,0.971,0.926,0.962,No
p.Leu327Arg,3.41123,0.992,0.9682,2.63,0.866976,0.983,0.916,0.957,No
p.Leu327Val,1.596315,0.346,0.8288,0.9,0.999737,0.653,0.657,0.754,No
p.Leu326Pro,2.832905,0.98,0.9654,2.62,0.991559,0.478,0.823,0.851,No
p.Phe325Ser,3.8585,0.999,0.9903,2.87,0.940862,0.961,0.925,0.89,No
p.Gln324Pro,2.582513,0.73,0.9744,1.75,0.806822,0.798,0.762,0.835,No
p.Gly323Glu,3.492056,0.999,0.9958,3.33,0.992454,0.985,0.969,0.905,No
p.Gly323Arg,3.868575,0.999,0.9958,3.33,0.992809,0.964,0.966,0.941,No
p.Asp321Val,3.168095,0.992,0.9818,1.12,0.999926,0.817,0.701,0.317,No
p.Leu318Pro,2.604863,0.529,0.9357,1.79,0.999966,0.093,0.682,0.554,No
p.Ala315Val,2.855163,0.971,0.9648,1.44,0.822708,0.915,0.808,0.278,No
p.Ala315Ser,3.424766,0.987,0.9914,2.71,0.776895,0.986,0.813,0.533,No
p.Thr314Ile,3.677048,0.998,0.9937,3.17,0.96361,0.945,0.941,0.94,No
p.Thr314Ala,3.501066,0.934,0.9922,2.48,0.833427,0.916,0.907,0.894,No
p.Leu313Arg,3.756952,0.994,0.9705,1.84,0.942478,0.939,0.885,0.874,No
p.Phe312Ser,3.937241,0.967,0.9548,1.51,0.651161,0.975,0.857,0.833,No
p.Ser308Leu,3.918424,0.994,0.978,1.44,0.972052,0.992,0.8,0.848,No
p.Ile307Thr,3.564866,0.996,0.9895,2.39,0.820407,0.767,0.932,0.854,No
p.Ile307Ser,3.783394,0.999,0.9913,2.39,0.947309,0.822,0.945,0.96,No
p.Leu305Ser,3.566831,0.998,0.9899,2.75,0.544306,0.967,0.903,0.933,No
p.Ser304Pro,3.312494,0.977,0.9879,2.42,0.650295,0.516,0.789,0.706,No
p.Ala303Glu,3.277386,0.955,0.9876,1.9,0.885133,0.546,0.802,0.828,No
p.Ala303Pro,3.330954,0.971,0.9838,1.9,0.82657,0.362,0.747,0.892,No
p.Arg301His,3.751929,0.996,0.9876,1.84,0.979216,0.99,0.848,0.829,No
p.Arg301Pro,3.869197,0.999,0.992,3.17,0.992388,0.956,0.975,0.903,No
p.Arg301Leu,3.705846,0.999,0.9909,3.17,0.991925,0.945,0.956,0.918,No
p.Arg301Ser,3.876709,0.999,0.9909,3.17,0.980663,0.94,0.938,0.787,No
p.Arg301Cys,4.176492,0.998,0.992,3.17,0.999933,0.949,0.949,0.883,No
p.His300Pro,3.690552,0.999,0.988,2.91,0.975862,0.966,0.922,0.94,No
p.His300Leu,3.628394,0.999,0.9898,2.91,0.97782,0.974,0.924,0.898,No
p.His300Asn,3.591225,0.998,0.9905,2.21,0.891123,0.961,0.857,0.877,No
p.Asn299Ile,3.362459,0.97,0.9863,2.31,0.53065,0.829,0.723,0.849,No
p.Val297Ala,3.687166,0.986,0.986,2.21,0.943024,0.976,0.801,0.891,No
p.Val297Gly,3.760992,0.996,0.9887,2.56,0.999735,0.972,0.874,0.843,No
p.Val297Met,3.162205,0.944,0.9869,1.67,0.963331,0.569,0.767,0.843,No
p.Leu296Phe,2.709125,0.642,0.9773,2.58,0.895412,0.146,0.738,0.814,Yes
p.Phe295Ile,3.725078,0.991,0.9868,1.64,0.91821,0.928,0.868,0.873,No
p.Phe295Leu,3.768923,0.952,0.9735,1.16,0.925257,0.876,0.777,0.638,Yes
p.Thr294Arg,3.560944,0.997,0.9659,2.19,0.873322,0.941,0.872,0.766,No
p.Thr294Ile,3.585004,0.993,0.9634,2.19,0.7367,0.927,0.856,0.878,No
p.His293Arg,3.475129,0.995,0.9642,2.56,0.907892,0.959,0.92,0.902,Yes
p.His293Leu,3.641557,0.999,0.9546,1.59,0.980066,0.984,0.915,0.825,No
p.Gly292Val,3.31213,0.996,0.9956,3.12,0.999997,0.605,0.963,0.877,No
p.Glu291Gly,3.800793,0.997,0.9887,2.36,0.940563,0.972,0.898,0.864,No
p.Glu291Lys,3.635378,0.987,0.9896,2.36,0.959662,0.868,0.828,0.704,No
p.Leu290Pro,3.858785,0.996,0.9892,2.12,0.999997,0.956,0.928,0.865,No
p.Ile288Thr,3.582,0.99,0.9738,2.77,0.614816,0.843,0.944,0.945,No
p.His286Gln,2.693002,0.997,0.99,2.38,0.6998,0.547,0.807,0.962,No
p.His286Pro,3.56092,0.998,0.9931,3.29,0.975711,0.985,0.92,0.968,Yes
p.His286Arg,3.391347,0.998,0.9931,3.29,0.901765,0.977,0.905,0.934,No
p.His286Tyr,3.553366,0.994,0.9923,3.29,0.91488,0.986,0.831,0.942,No
p.Val285Ala,3.583161,0.986,0.9447,2.37,0.931916,0.979,0.916,0.922,No
p.Val285Met,3.13829,0.949,0.9394,1.43,0.953606,0.523,0.769,0.85,No
p.Glu284Lys,3.502903,0.984,0.9889,1.9,0.738497,0.858,0.896,0.781,No
p.Pro283Leu,3.846185,0.999,0.9642,1.62,0.999934,0.901,0.823,0.816,No
p.Thr281Asn,3.225428,0.992,0.9349,0.96,0.949628,0.782,0.668,0.566,No
p.Thr281Ile,3.37744,0.998,0.9669,2.75,0.951802,0.875,0.932,0.863,No
p.Thr281Pro,3.287477,0.994,0.9546,2.75,0.949576,0.876,0.886,0.853,No
p.Gly280Asp,3.557399,0.998,0.9939,3.33,0.993714,0.959,0.966,0.851,No
p.Gly280Val,3.511088,0.998,0.9939,3.33,1,0.973,0.948,0.877,No
p.Gly280Arg,3.638977,0.999,0.9939,3.33,0.992067,0.976,0.972,0.864,No
p.Met279Lys,3.634889,0.998,0.9878,2.9,0.921415,0.968,0.899,0.941,No
p.Gly278Arg,3.986433,0.998,0.992,3.11,0.967157,0.934,0.962,0.845,No
p.His275Arg,3.422218,0.997,0.9906,3.2,0.715838,0.961,0.943,0.939,No
p.His275Asn,3.262594,0.996,0.9912,3.2,0.616147,0.962,0.893,0.864,No
p.Trp274Cys,3.897956,1,0.9936,3.33,0.999999,0.959,0.941,0.98,No
p.Trp274Cys,3.937845,1,0.9936,3.33,0.999999,0.97,0.941,0.98,No
p.Tyr273Cys,3.004118,0.9,0.9853,1.45,0.999943,0.622,0.608,0.866,Yes
p.Arg269Trp,3.364869,0.943,0.9805,0.9,0.986608,0.959,0.806,0.756,No
p.Cys267Tyr,3.669031,0.999,0.9897,2.68,0.999382,0.98,0.901,0.859,No
p.Cys267Phe,3.714506,1,0.9923,3.23,0.999763,0.984,0.838,0.844,No
p.Gly266Glu,3.243438,0.956,0.9809,1.39,0.762759,0.967,0.775,0.866,No
p.Leu264Arg,3.786547,0.999,0.9931,3.28,0.990629,0.991,0.957,0.96,No
p.Gly263Asp,3.200737,0.836,0.9546,0.91,0.924374,0.345,0.713,0.358,No
p.Gly263Arg,5.314386,0.994,0.9875,2.04,0.972583,0.972,0.833,0.821,No
p.Gly263Cys,5.572332,0.998,0.9904,2.84,0.98575,0.981,0.883,0.567,No
p.Pro262Leu,4.584891,1,0.9927,2.92,0.999564,0.94,0.932,0.869,No
p.Leu261Pro,3.481945,0.998,0.9908,3.25,0.999989,0.201,0.935,0.902,No
p.Ser260Cys,3.475509,0.991,0.989,2.42,0.796877,0.873,0.949,0.421,No
p.Arg259Ser,1.368222,0.231,0.8598,0.39,0.663036,0.085,0.562,0.297,No
p.Arg259Thr,2.238244,0.76,0.9559,1.67,0.513287,0.603,0.773,0.768,No
p.Arg259Trp,2.878033,0.965,0.9456,1.67,0.683145,0.828,0.694,0.766,No
p.Tyr256Asn,4.010658,0.999,0.9905,3.04,0.800986,0.968,0.942,0.969,No
p.Gly255Asp,3.413264,0.998,0.997,3.33,0.96276,0.96,0.941,0.973,No
p.Gly255Ala,3.329016,0.997,0.9974,3.33,0.872503,0.92,0.97,0.912,No
p.Gly255Val,3.58422,0.999,0.9974,3.33,0.999997,0.921,0.959,0.96,No
p.Gly255Ser,4.070601,0.998,0.9974,3.33,0.900214,0.962,0.959,0.856,No
p.Gly255Cys,3.953021,0.999,0.9974,3.33,0.974813,0.976,0.954,0.917,No
p.Asn254Thr,3.534732,0.997,0.9926,3.33,0.636793,0.947,0.934,0.945,No
p.Asn254Ser,3.482001,0.996,0.9908,3.33,0.651156,0.935,0.904,0.948,No
p.Asn254Ile,3.725786,0.999,0.9928,3.33,0.840631,0.974,0.916,0.976,No
p.Asn254Asp,3.574958,0.997,0.9927,3.33,0.645309,0.858,0.908,0.879,No
p.Val253Asp,3.753852,0.997,0.9852,2,0.999933,0.96,0.923,0.896,No
p.Val253Phe,2.573303,0.95,0.9806,2,0.794345,0.304,0.809,0.89,No
p.Thr252Lys,3.628752,0.999,0.9896,2.29,0.887387,0.962,0.945,0.757,No
p.Thr252Ile,3.808442,0.999,0.9896,1.95,0.811313,0.932,0.954,0.883,No
p.Met250Arg,3.584,0.963,0.9815,2.6,0.687888,0.715,0.809,0.882,No
p.Ser243Cys,2.701362,0.672,0.9823,2,1,0.227,0.387,0.071,No
p.Ser234Cys,1.582468,0.182,0.9393,0.49,1,0.091,0.397,0.2,No
p.His228Arg,3.080204,0.988,0.986,2.1,0.811999,0.807,0.912,0.751,No
p.His228Leu,3.285404,0.988,0.9801,1.29,0.524911,0.941,0.844,0.356,No
p.Trp227Gly,4.214414,0.999,0.9938,3.27,0.948797,0.973,0.907,0.897,No
p.Ser226Ile,3.312989,0.998,0.9738,3.25,0.631643,0.853,0.948,0.75,No
p.Ser226Cys,3.730551,0.997,0.977,3.25,0.582363,0.848,0.936,0.655,No
p.Glu223Asp,5.134334,0.992,0.9819,3.33,0.639689,0.966,0.934,0.781,No
p.Glu223Lys,4.150091,0.996,0.9815,3.33,0.791053,0.969,0.97,0.613,Yes
p.Asp222Ala,3.504293,0.999,0.9805,3.22,0.557545,0.919,0.883,0.456,No
p.Asp222Gly,3.702812,0.99,0.98,3.22,0.529297,0.88,0.911,0.843,No
p.Asp222Val,3.759031,0.999,0.981,3.22,0.999907,0.962,0.928,0.908,No
p.Val220Gly,3.71535,0.997,0.9839,3.19,0.999971,0.82,0.957,0.839,No
p.Val220Leu,3.447171,0.988,0.9582,2.38,0.609217,0.95,0.9,0.805,No
p.Ala219Thr,3.389929,0.966,0.9423,0.27,0.637353,0.382,0.79,0.84,No
p.Ala219Pro,3.544624,0.994,0.9677,2.17,0.868264,0.628,0.906,0.917,No
p.Phe218Ser,3.994328,0.999,0.9777,2.91,0.63735,0.923,0.933,0.889,No
p.Leu217His,3.653891,0.99,0.9812,3.44,0.736793,0.986,0.959,0.826,Yes
p.Leu217Pro,3.758647,0.998,0.9788,3.44,0.999995,0.966,0.956,0.959,No
p.Leu217Arg,3.711988,0.995,0.9774,3.44,0.837206,0.963,0.957,0.968,No
p.Leu217Phe,3.537003,0.987,0.9494,2.05,0.681907,0.953,0.807,0.454,No
p.Leu216Gln,3.601386,0.995,0.9774,3.55,0.547013,0.933,0.908,0.781,No
p.Phe214Val,3.340135,0.989,0.9543,2.5,0.721766,0.536,0.857,0.774,No
p.Leu203Pro,3.649496,0.998,0.9693,3.62,0.999983,0.977,0.848,0.797,No
p.Leu203Arg,3.689807,0.996,0.9715,3.62,0.578268,0.969,0.903,0.9,No
p.Ser202Arg,2.067018,0.178,0.9117,2.08,0.998879,0.381,0.647,0.746,No
p.Ser202Asn,1.537435,0.445,0.9338,2.44,0.999437,0.055,0.557,0.717,No
p.Gly201Glu,4.513367,0.995,0.9644,2.64,0.945851,0.979,0.884,0.698,No
p.Gly201Arg,5.121416,0.994,0.9745,3.54,0.94302,0.736,0.94,0.84,No
p.Glu200Gly,3.452791,0.784,0.9542,2.31,0.913325,0.902,0.779,0.067,No
p.Cys198Gly,3.620104,1,0.9737,2.77,0.999693,0.991,0.909,0.928,No
p.Val197Ala,3.113045,0.979,0.9812,2.83,0.913257,0.862,0.842,0.718,No
p.Val197Gly,3.233311,0.996,0.9872,3.52,0.999831,0.913,0.915,0.879,No
p.Val197Leu,2.126158,0.81,0.9697,2.63,0.97339,0.723,0.772,0.801,No
p.Leu195Pro,3.326681,0.996,0.9867,3.95,0.999996,0.978,0.902,0.959,Yes
p.Leu195Arg,3.303896,0.999,0.9875,3.95,0.86669,0.977,0.945,0.913,No
p.Ala194Thr,1.635224,0.895,0.9226,2.21,0.797083,0.285,0.725,0.748,No
p.Gly193Glu,3.097556,1,0.9965,4.23,0.998468,0.982,0.969,0.947,Yes
p.Gly193Arg,3.65268,1,0.9965,4.23,0.998631,0.973,0.973,0.911,No
p.Ile192Thr,3.263367,0.992,0.9752,2.39,0.890288,0.985,0.944,0.829,No
p.Gly190Asp,3.177061,0.999,0.9991,4.21,0.998789,0.992,0.96,0.97,No
p.Gly190Cys,3.387843,1,0.9991,4.21,0.999295,0.989,0.91,0.88,No
p.Ser189Leu,3.700813,0.993,0.9681,2.1,0.937832,0.955,0.931,0.714,No
p.Asn188Lys,2.600798,0.998,0.967,2.98,0.911629,0.829,0.794,0.824,No
p.Asn188Tyr,3.532924,0.999,0.952,1.56,0.517605,0.946,0.782,0.935,No
p.Asp186Glu,2.728073,0.991,0.9527,2.19,0.989811,0.852,0.808,0.694,No
p.Asp186Asn,3.782944,0.998,0.9844,3.02,0.982693,0.942,0.933,0.691,No
p.Asp186His,3.67656,0.996,0.9734,1.99,0.996605,0.94,0.931,0.96,No
p.Asp186Tyr,3.802235,0.999,0.9844,3.17,0.998381,0.968,0.965,0.969,No
p.Lys185Thr,3.071418,0.976,0.964,2.02,0.983595,0.907,0.826,0.777,No
p.Lys185Glu,3.360148,0.809,0.9444,1.33,0.995256,0.267,0.756,0.184,No
p.Asp182Ala,3.858661,0.983,0.9593,2.14,0.881005,0.952,0.94,0.651,No
p.Asp182Val,3.792806,0.997,0.9593,2.17,0.99999,0.96,0.93,0.919,Yes
p.Asp182Tyr,3.355942,0.995,0.9602,2.87,0.922706,0.605,0.896,0.666,No
p.Val181Glu,3.544844,0.962,0.9205,2.35,0.636796,0.968,0.866,0.846,No
p.Val181Met,3.265026,0.949,0.959,2.69,0.963661,0.869,0.823,0.727,No
p.His180Tyr,2.871053,0.982,0.9745,2.92,0.669498,0.96,0.907,0.773,No
p.Ser179Phe,3.852211,0.999,0.9862,4.04,0.996457,0.982,0.984,0.924,No
p.Ser179Pro,3.813547,0.998,0.974,2.15,0.971102,0.951,0.95,0.9,No
p.Tyr177Cys,3.72313,1,0.9945,3.83,0.976637,0.98,0.914,0.954,No
p.Ser176Pro,3.214471,0.953,0.9498,0.98,0.983169,0.404,0.818,0.732,No
p.Tyr175Ser,3.671232,0.983,0.9642,1.84,0.844566,0.965,0.874,0.912,No
p.Tyr175Cys,3.751267,0.998,0.9783,3.31,0.892696,0.959,0.93,0.912,No
p.Thr174Asn,3.352103,0.999,0.9926,3.75,0.988202,0.993,0.918,0.937,No
p.Thr174Ala,2.652168,0.993,0.9886,2.54,0.921154,0.947,0.927,0.831,No
p.Leu173Arg,3.645166,0.996,0.9755,1.89,0.993142,0.975,0.93,0.952,No
p.Leu173Val,3.245221,0.975,0.9657,1.31,0.948304,0.83,0.826,0.843,No
p.Leu173Phe,3.445056,0.997,0.9853,3.35,0.990109,0.857,0.924,0.889,Yes
p.Cys172Trp,3.011715,1,0.9755,3.35,0.999997,0.819,0.811,0.979,No
p.Cys172Tyr,3.521089,1,0.9813,2.89,0.999845,0.988,0.928,0.972,No
p.Cys172Phe,3.54148,1,0.9813,3.35,0.999947,0.991,0.967,0.947,No
p.Pro170Ser,2.619515,0.745,0.9565,1.26,0.907747,0.949,0.812,0.726,No
p.Asp169Asn,3.746475,0.999,0.9834,3.15,0.982679,0.983,0.886,0.542,No
p.Met166Val,1.477467,0.24,0.868,0.53,0.99563,0.734,0.678,0.702,No
p.Pro165Leu,3.835723,1,0.9953,3.48,0.999994,0.966,0.953,0.831,No
p.Pro165Ser,3.608861,0.997,0.9942,3.13,0.996619,0.98,0.951,0.854,No
p.Gly164Asp,2.830592,0.945,0.9926,3.52,1,0.972,0.624,0.7,No
p.Gly164Ser,2.602387,0.993,0.9812,1.93,1,0.44,0.618,0.755,Yes
p.Asn163Lys,1.980576,0.971,0.94,1.65,1,0.531,0.452,0.69,No
p.Glu162Lys,3.42054,0.834,0.9649,0.99,0.561114,0.286,0.821,0.274,No
p.Val159Ala,3.555438,0.986,0.9376,1.18,0.568036,0.977,0.901,0.607,No
p.Trp157Cys,3.79989,1,0.9828,3.83,1,0.956,0.931,0.916,No
p.Tyr155Cys,3.813276,1,0.9936,4.25,0.991845,0.985,0.924,0.939,No
p.Tyr155His,3.758115,0.999,0.9927,4.25,0.938202,0.981,0.958,0.955,No
p.Thr154Ala,3.341068,0.983,0.9753,3.17,0.998578,0.678,0.89,0.813,No
p.Pro149Arg,3.563748,1,0.9911,3.85,0.998832,0.991,0.973,0.963,No
p.Pro149Leu,3.660485,1,0.9918,3.65,0.999995,0.986,0.964,0.944,No
p.Val147Asp,3.718655,0.999,0.9853,3.92,0.999978,0.97,0.945,0.958,No
p.Val147Phe,3.221124,0.996,0.9808,3.57,0.768899,0.965,0.817,0.824,No
p.Lys146Thr,2.726985,0.426,0.9352,0.41,0.995511,0.351,0.678,0.712,No
p.Lys146Glu,1.351635,0.058,0.9074,0.36,0.998038,0.477,0.677,0.233,No
p.Asp145His,3.698749,0.997,0.9834,2.5,0.993153,0.976,0.904,0.909,No
p.Asp145Tyr,3.825574,0.999,0.9827,2.56,0.996825,0.985,0.891,0.933,No
p.Asp144Asn,4.017079,0.998,0.9782,2.19,0.991691,0.965,0.806,0.291,No
p.Asp144Tyr,4.016103,0.999,0.9783,2.79,0.999229,0.981,0.945,0.803,No
p.Glu141Lys,3.451166,0.99,0.963,1.96,0.994155,0.981,0.882,0.841,No
p.Thr137Ile,2.625669,0.995,0.9763,2.63,0.892953,0.882,0.954,0.856,No
p.Thr137Pro,2.94811,0.989,0.9645,1.52,0.957009,0.878,0.938,0.559,No
p.Thr137Ala,2.948036,0.987,0.9656,1.85,0.807914,0.823,0.907,0.539,No
p.Gln136Pro,2.529641,0.897,0.9472,1.77,0.903168,0.68,0.781,0.337,No
p.Gln136Ter,5.442825,NA,NA,NA,1,0.95,NA,0.767,Yes
p.Asp135Glu,2.078809,0.996,0.9843,2.9,0.957466,0.327,0.898,0.904,No
p.Asp135Gly,3.502597,0.997,0.9816,2.78,0.993758,0.974,0.935,0.95,No
p.Asp135Tyr,3.503137,1,0.9881,3.94,0.999128,0.971,0.972,0.963,No
p.Tyr133Cys,3.328593,0.999,0.9808,3.69,0.987098,0.978,0.929,0.945,No
p.Tyr133His,3.160387,0.988,0.9733,2.03,0.895844,0.968,0.887,0.714,No
p.Glu132Asp,0.835778,0.02,0.8769,0.73,0.999981,0.793,0.678,0.18,Yes
p.Glu132Ala,0.856048,0.046,0.7677,-0.69,1,0.295,0.558,0.25,No
p.Gly130Arg,4.169719,0.999,0.9984,3.81,0.997639,0.988,0.927,0.952,Yes
p.Glu129Asp,1.249847,0.988,0.8455,1.02,0.873853,0.06,0.649,0.862,No
p.Glu129Asp,1.226959,0.987,0.8455,1.02,0.873853,0.049,0.649,0.862,No
p.Glu129Lys,3.388147,0.996,0.9815,2.34,0.985522,0.974,0.908,0.93,No
p.Lys126Thr,3.531456,0.999,0.9728,2.74,0.901291,0.944,0.875,0.889,No
p.Ser123Pro,3.286382,0.97,0.9589,0.81,1,0.711,0.722,0.91,No
p.Gly121Ala,3.319629,0.995,0.9989,3.67,0.98675,0.954,0.973,0.966,Yes
p.Gly121Val,3.518299,1,0.9991,4.22,1,0.959,0.966,0.989,No
p.Gly121Ser,3.774701,0.997,0.9986,3.52,0.989158,0.978,0.971,0.973,No
p.Gly121Arg,3.580853,1,0.9991,3.87,0.995211,0.989,0.98,0.944,No
p.Gly121Cys,3.794604,1,0.9989,3.87,0.997539,0.992,0.966,0.966,No
p.Val120Asp,3.363571,0.961,0.9466,1.35,0.986725,0.868,0.777,0.96,No
p.Val120Ala,3.024156,0.875,0.9281,1.35,0.998206,0.585,0.764,0.85,Yes
p.His118Arg,3.262809,0.996,0.9887,3.69,0.949288,0.805,0.961,0.767,No
p.Leu117Pro,3.82963,0.998,0.9862,3.31,0.999996,0.98,0.953,0.974,No
p.Leu117Arg,3.737467,0.998,0.9862,3.31,0.862175,0.983,0.948,0.956,No
p.Leu117Phe,3.036065,0.973,0.9757,1.51,0.554377,0.536,0.853,0.848,No
p.Ser116Arg,3.155854,0.998,0.9808,3.94,0.84204,0.835,0.905,0.853,No
p.Ser116Ile,3.208815,0.998,0.9841,3.6,0.783147,0.584,0.97,0.847,No
p.Val115Ala,3.353854,0.913,0.9287,1.28,0.977622,0.457,0.812,0.587,No
p.Val115Gly,3.480636,0.984,0.9704,2.57,0.9993,0.79,0.916,0.83,No
p.Val115Leu,2.228522,0.481,0.8403,0.93,0.984419,0.448,0.519,0.446,No
p.Val115Phe,2.275435,0.608,0.9198,0.6,0.852337,0.496,0.724,0.798,No
p.His113Gln,2.186395,0.378,0.8625,-0.26,0.931773,0.565,0.63,0.746,No
p.His113Tyr,3.372319,0.936,0.9666,0.67,0.905995,0.977,0.86,0.705,No
p.Ser112Phe,3.661982,0.996,0.9783,3.6,0.647105,0.824,0.883,0.473,No
p.Ala111Gly,3.837767,0.996,0.9773,1.92,0.97913,0.979,0.903,0.562,No
p.Ala111Val,3.808371,0.993,0.98,2.44,0.983178,0.97,0.968,0.921,No
p.Ala111Thr,3.566024,0.998,0.9815,2.36,0.977641,0.974,0.966,0.926,Yes
p.Ala111Pro,3.629129,0.999,0.9837,2.88,0.994171,0.974,0.956,0.868,No
p.Met110Ile,3.328922,0.944,0.9774,1.49,0.646503,0.749,0.792,0.474,No
p.Met110Val,3.041474,0.973,0.9806,2.38,0.978406,0.633,0.861,0.724,No
p.Asn109Asp,3.563162,0.999,0.9979,3.69,0.738025,0.952,0.907,0.953,No
p.Leu107Phe,1.757468,0.844,0.8021,-0.28,0.664177,0.943,0.604,0.367,No
p.Val104Asp,3.739562,0.993,0.9668,2.65,0.999917,0.913,0.925,0.948,No
p.Val104Ala,3.534551,0.974,0.9562,2.25,0.773492,0.881,0.864,0.621,No
p.Val103Glu,3.726693,0.999,0.9816,3.73,0.932239,0.993,0.955,0.936,No
p.Val103Ala,3.600434,0.993,0.9733,2.93,0.564505,0.988,0.936,0.877,No
p.Asp101Gly,3.79491,0.998,0.9865,3.69,0.978314,0.967,0.958,0.757,No
p.Asp101His,3.597057,0.998,0.9873,3.69,0.992183,0.97,0.967,0.846,No
p.Val99Asp,3.546287,0.992,0.9819,2.56,0.999843,0.972,0.899,0.58,No
p.Val99Ala,3.390466,0.97,0.9733,1.42,0.866707,0.871,0.697,0.122,No
p.Val99Phe,3.430407,0.999,0.9867,3.6,0.926975,0.959,0.874,0.788,No
p.Glu98Val,3.745468,0.994,0.9638,1.76,0.799484,0.987,0.938,0.606,No
p.Glu98Lys,3.756893,0.99,0.9607,1.88,0.57394,0.898,0.897,0.341,No
p.Ala97Pro,2.822508,0.998,0.9823,3.9,0.867763,0.743,0.92,0.931,Yes
p.Ile95Asn,3.79773,1,0.9903,4.07,0.98826,0.957,0.915,0.98,No
p.Ile95Thr,3.657079,1,0.9903,4.07,0.996345,0.94,0.959,0.951,No
p.Ile95Ser,3.785363,1,0.9903,4.07,0.985131,0.913,0.968,0.967,No
p.Thr94Ala,3.147746,0.625,0.957,1.95,0.99891,0.484,0.697,0.388,No
p.Thr94Ser,3.124246,0.986,0.9776,3.31,0.999602,0.661,0.829,0.473,No
p.Pro93Leu,3.807314,1,0.9911,4.21,0.999979,0.985,0.973,0.971,No
p.Pro93Ser,3.508724,0.999,0.9899,3.66,0.988425,0.993,0.978,0.953,No
p.Gly92Asp,3.406426,0.998,0.9888,3.81,0.996764,0.972,0.972,0.983,No
p.Gly92Ala,3.274964,0.997,0.9823,2.96,0.98874,0.98,0.965,0.971,No
p.Gly92Ser,3.514683,0.998,0.985,2.77,0.990782,0.982,0.96,0.973,No
p.Gly92Cys,3.725147,0.999,0.9888,3.81,0.99799,0.992,0.96,0.906,No
p.Leu90Pro,3.724277,0.998,0.9867,2.85,0.999996,0.964,0.947,0.951,No
p.Leu90Arg,3.676703,0.999,0.9867,3.19,0.851122,0.966,0.922,0.884,No
p.Gly89Asp,4.106276,0.997,0.9823,3.38,0.998324,0.991,0.967,0.889,No
p.Gly89Ala,4.497308,0.996,0.9783,3.03,0.993884,0.993,0.955,0.811,Yes
p.Gly89Ser,5.389164,0.997,0.98,3.38,0.972656,0.952,0.894,0.922,No
p.Met88Val,4.664041,0.911,0.9533,2.21,0.921839,0.833,0.783,0.303,No
p.Arg84Gly,3.140915,0.988,0.9301,2.79,0.614372,0.976,0.815,0.758,No
p.Pro83Arg,3.427074,0.706,0.9684,2.12,0.967803,0.91,0.917,0.417,No
p.Lys82Glu,3.524161,0.973,0.9634,2.62,0.529452,0.889,0.819,0.414,No
p.Ala81Asp,3.098568,0.836,0.9476,2.23,0.778283,0.703,0.796,0.709,No
p.Ala81Ser,2.289826,0.322,0.9126,1.77,0.992814,0.156,0.608,0.13,No
p.Leu77Pro,3.368022,0.559,0.9335,1.45,0.975983,0.308,0.705,0.47,No
p.Asp75Glu,3.020264,0.953,0.9653,2.92,0.99583,0.774,0.746,0.821,No
p.Asp75Gly,4.041151,0.995,0.9815,3.9,0.892384,0.984,0.891,0.83,No
p.Asp75Tyr,3.943207,0.997,0.9826,3.9,0.975698,0.985,0.912,0.938,No
p.Phe73Leu,3.132766,0.99,0.9001,2.46,0.971678,0.96,0.843,0.852,No
p.Glu72Lys,3.745496,0.991,0.9748,2.6,0.878035,0.946,0.943,0.889,Yes
p.Phe70Ser,3.869548,0.996,0.9691,2.59,0.579594,0.832,0.95,0.974,No
p.Leu69Pro,3.169149,0.984,0.9161,1.75,0.529703,0.981,0.843,0.844,No
p.Leu69Val,1.18041,0.045,0.6423,-1.9,0.999999,0.716,0.534,0.711,No
p.Thr68Asn,3.393254,0.98,0.9568,1.75,0.712937,0.949,0.84,0.862,No
p.Thr68Ile,3.045134,0.892,0.9289,0.81,0.709155,0.934,0.806,0.496,No
p.Thr68Pro,3.349465,0.906,0.9442,1.75,0.568425,0.931,0.808,0.876,No
p.Thr68Ala,1.580382,0.372,0.7329,-1.07,0.795113,0.876,0.619,0.56,No
p.Lys67Asn,3.307196,0.998,0.9734,3.62,0.780031,0.382,0.845,0.916,No
p.Lys67Thr,3.657045,0.999,0.9815,3.97,0.682943,0.936,0.904,0.773,No
p.Lys67Glu,3.743561,0.999,0.9815,3.97,0.561155,0.964,0.9,0.823,No
p.Lys66Glu,2.739758,0.929,0.9504,3.54,0.999997,0.449,0.654,0.299,No
p.Val64Met,-0.457302,0.015,0.8562,1.82,1,0.14,0.511,0.092,No
p.Arg48Lys,4.413941,0.448,0.8449,1.77,0.535177,0.984,0.631,0.104,No
p.Gly41Cys,1.733919,0.104,0.9023,1.54,1,0.554,0.543,0.121,No
p.Tyr35Cys,3.242551,0.994,0.978,2.67,0.867286,0.957,0.901,0.835,No
p.Tyr35Asn,3.212806,0.996,0.978,2.67,0.904629,0.894,0.845,0.845,No
p.Tyr35His,3.201909,0.978,0.978,2.67,0.541761,0.762,0.895,0.49,No
p.Trp33Gly,3.603816,0.998,0.9817,2.67,0.930606,0.944,0.891,0.816,No
p.Leu31Pro,2.575688,0.946,0.9586,2.58,0.977606,0.02,0.717,0.615,No
p.Glu30Val,3.099694,0.992,0.9695,2.67,0.971557,0.497,0.886,0.435,No
p.Glu30Lys,2.805122,0.973,0.9616,2.67,0.982518,0.341,0.815,0.728,No
p.Val29Gly,3.392654,0.995,0.9615,2.67,0.997817,0.536,0.887,0.423,No
p.Ala28Thr,2.076163,0.974,0.9503,2.67,0.999861,0.613,0.655,0.38,No
p.Gly27Asp,2.935943,0.998,0.9672,2.65,0.962826,0.261,0.819,0.489,No
p.Leu26Arg,3.793442,0.996,0.9618,2.52,0.647117,0.87,0.9,0.947,No
p.Tyr25Cys,3.838964,0.995,0.9763,2.67,0.89242,0.95,0.937,0.828,No
p.Tyr24Cys,3.814717,0.998,0.9772,2.67,0.738602,0.944,0.96,0.863,No
p.Tyr24Asp,3.525266,0.994,0.9745,2.67,0.627897,0.642,0.939,0.924,No
p.Arg23Gly,3.271096,0.959,0.9216,2.54,0.600071,0.381,0.816,0.515,No
p.Arg22Thr,3.69206,0.991,0.9783,2.67,0.565581,0.931,0.956,0.832,No
p.Arg22Ile,4.044373,0.996,0.9786,2.67,0.9995,0.971,0.956,0.646,No
p.Arg22Gly,3.338004,0.996,0.974,2.67,0.747068,0.049,0.944,0.617,No
p.Ser19Arg,2.603529,0.959,0.9553,2.52,0.99713,0.021,0.788,0.81,No
p.Leu13Pro,2.369683,0.965,0.9365,2.48,0.933908,0.287,0.659,0.85,No
p.Met1?,2.211361,0.97,0.895,NA,1,0.956,0.687,0.783,No
p.Met1?,3.213105,0.989,0.9622,NA,1,0.978,0.884,0.885,No
p.Met1?,2.152732,0.989,0.9123,NA,1,0.97,0.745,0.726,No
