model_name,proba,y_pred,y_test
DT,[[0.63120567 0.36879433]],0,0
RF,[[0.392818 0.607182]],1,0
KNN,[[0.55 0.45]],0,0
XGB,[[0.21031994 0.78968006]],1,0
DT,[[0.26553672 0.73446328]],1,1
RF,[[0.28635701 0.71364299]],1,1
KNN,[[0.1 0.9]],1,1
XGB,[[0.43028593 0.56971407]],1,1
DT,[[0.63120567 0.36879433]],0,0
RF,[[0.66016023 0.33983977]],0,0
KNN,[[0.5 0.5]],0,0
XGB,[[0.69491076 0.30508927]],0,0
DT,[[0.25988701 0.74011299]],1,0
RF,[[0.27478162 0.72521838]],1,0
KNN,[[0.09090909 0.90909091]],1,0
XGB,[[0.14663756 0.85336244]],1,0
DT,[[0.26553672 0.73446328]],1,1
RF,[[0.3372673 0.6627327]],1,1
KNN,[[0.27777778 0.72222222]],1,1
XGB,[[0.47653097 0.52346903]],1,1
DT,[[0.25988701 0.74011299]],1,0
RF,[[0.20706096 0.79293904]],1,0
KNN,[[0.04545455 0.95454545]],1,0
XGB,[[0.12086439 0.8791356 ]],1,0
DT,[[0.63120567 0.36879433]],0,0
RF,[[0.55687528 0.44312472]],0,0
KNN,[[0.5 0.5]],0,0
XGB,[[0.6029839 0.3970161]],0,0
DT,[[0.26553672 0.73446328]],1,1
RF,[[0.28234463 0.71765537]],1,1
KNN,[[0.125 0.875]],1,1
XGB,[[0.3391146 0.6608854]],1,1
DT,[[0.63829787 0.36170213]],0,1
RF,[[0.38358727 0.61641273]],1,1
KNN,[[0.29166667 0.70833333]],1,1
XGB,[[0.37533027 0.62466973]],1,1
DT,[[0.26553672 0.73446328]],1,1
RF,[[0.27507842 0.72492158]],1,1
KNN,[[0.27777778 0.72222222]],1,1
XGB,[[0.0901795 0.9098205]],1,1
DT,[[0.68292683 0.31707317]],0,1
RF,[[0.61244235 0.38755765]],0,1
KNN,[[0.61111111 0.38888889]],0,1
XGB,[[0.38345546 0.61654454]],1,1
DT,[[0.63120567 0.36879433]],0,0
RF,[[0.62832731 0.37167269]],0,0
KNN,[[0.68181818 0.31818182]],0,0
XGB,[[0.732407   0.26759306]],0,0
DT,[[0.26553672 0.73446328]],1,1
RF,[[0.38929536 0.61070464]],1,1
KNN,[[0.16666667 0.83333333]],1,1
XGB,[[0.307487 0.692513]],1,1
DT,[[0.63120567 0.36879433]],0,0
RF,[[0.77906238 0.22093762]],0,0
KNN,[[0.65 0.35]],0,0
XGB,[[0.78907084 0.21092914]],0,0
DT,[[0.63120567 0.36879433]],0,0
RF,[[0.61178782 0.38821218]],0,0
KNN,[[0.6875 0.3125]],0,0
XGB,[[0.51477253 0.4852275 ]],0,0
DT,[[0.63120567 0.36879433]],0,0
RF,[[0.50285885 0.49714115]],0,0
KNN,[[0.54545455 0.45454545]],0,0
XGB,[[0.59549916 0.4045008 ]],0,0
DT,[[0.63829787 0.36170213]],0,1
RF,[[0.69759993 0.30240007]],0,1
KNN,[[0.77777778 0.22222222]],0,1
XGB,[[0.6571145  0.34288546]],0,1
DT,[[0.63120567 0.36879433]],0,0
RF,[[0.61104531 0.38895469]],0,0
KNN,[[0.65 0.35]],0,0
XGB,[[0.8020263  0.19797376]],0,0
DT,[[0.63120567 0.36879433]],0,0
RF,[[0.61993828 0.38006172]],0,0
KNN,[[0.61111111 0.38888889]],0,0
XGB,[[0.4421664 0.5578336]],1,0
DT,[[0.63120567 0.36879433]],0,0
RF,[[0.6853825 0.3146175]],0,0
KNN,[[0.59090909 0.40909091]],0,0
XGB,[[0.7738362  0.22616382]],0,0
DT,[[0.25988701 0.74011299]],1,0
RF,[[0.41552166 0.58447834]],1,0
KNN,[[0.28571429 0.71428571]],1,0
XGB,[[0.1255731 0.8744269]],1,0
DT,[[0.29411765 0.70588235]],1,0
RF,[[0.59604253 0.40395747]],0,0
KNN,[[0.68181818 0.31818182]],0,0
XGB,[[0.42369246 0.57630754]],1,0
DT,[[0.63120567 0.36879433]],0,0
RF,[[0.50109999 0.49890001]],0,0
KNN,[[0.5 0.5]],0,0
XGB,[[0.5030496 0.4969504]],0,0
DT,[[0.26256983 0.73743017]],1,0
RF,[[0.37745159 0.62254841]],1,0
KNN,[[0.20833333 0.79166667]],1,0
XGB,[[0.23048693 0.7695131 ]],1,0
DT,[[0.32116788 0.67883212]],1,1
RF,[[0.29089131 0.70910869]],1,1
KNN,[[0.33333333 0.66666667]],1,1
XGB,[[0.22953266 0.77046734]],1,1
DT,[[0.26553672 0.73446328]],1,1
RF,[[0.19055381 0.80944619]],1,1
KNN,[[0.11111111 0.88888889]],1,1
XGB,[[0.19906795 0.80093205]],1,1
DT,[[0.26553672 0.73446328]],1,1
RF,[[0.43282416 0.56717584]],1,1
KNN,[[0.38888889 0.61111111]],1,1
XGB,[[0.3189361 0.6810639]],1,1
DT,[[0.26553672 0.73446328]],1,1
RF,[[0.45460722 0.54539278]],1,1
KNN,[[0.29166667 0.70833333]],1,1
XGB,[[0.39390886 0.60609114]],1,1
DT,[[0.26553672 0.73446328]],1,1
RF,[[0.35301388 0.64698612]],1,1
KNN,[[0.25 0.75]],1,1
XGB,[[0.18625504 0.81374496]],1,1
DT,[[0.68292683 0.31707317]],0,1
RF,[[0.5879172 0.4120828]],0,1
KNN,[[0.61111111 0.38888889]],0,1
XGB,[[0.7519771  0.24802294]],0,1
DT,[[0.32116788 0.67883212]],1,1
RF,[[0.39030783 0.60969217]],1,1
KNN,[[0.22222222 0.77777778]],1,1
XGB,[[0.2517438 0.7482562]],1,1
DT,[[0.63120567 0.36879433]],0,0
RF,[[0.73868258 0.26131742]],0,0
KNN,[[0.7 0.3]],0,0
XGB,[[0.7089261  0.29107392]],0,0
DT,[[0.32116788 0.67883212]],1,1
RF,[[0.25516115 0.74483885]],1,1
KNN,[[0.35 0.65]],1,1
XGB,[[0.13836783 0.86163217]],1,1
DT,[[0.63120567 0.36879433]],0,0
RF,[[0.62440037 0.37559963]],0,0
KNN,[[0.625 0.375]],0,0
XGB,[[0.5955806  0.40441945]],0,0
DT,[[0.32116788 0.67883212]],1,1
RF,[[0.25030956 0.74969044]],1,1
KNN,[[0.27777778 0.72222222]],1,1
XGB,[[0.15684628 0.8431537 ]],1,1
DT,[[0.63120567 0.36879433]],0,0
RF,[[0.51969867 0.48030133]],0,0
KNN,[[0.72727273 0.27272727]],0,0
XGB,[[0.47408688 0.5259131 ]],1,0
DT,[[0.63829787 0.36170213]],0,1
RF,[[0.66899136 0.33100864]],0,1
KNN,[[0.55 0.45]],0,1
XGB,[[0.66021997 0.33978003]],0,1
DT,[[0.32116788 0.67883212]],1,1
RF,[[0.37264847 0.62735153]],1,1
KNN,[[0.05555556 0.94444444]],1,1
XGB,[[0.3640626 0.6359374]],1,1
DT,[[0.63829787 0.36170213]],0,1
RF,[[0.57378673 0.42621327]],0,1
KNN,[[0.77777778 0.22222222]],0,1
XGB,[[0.54951423 0.45048577]],0,1
DT,[[0.63829787 0.36170213]],0,1
RF,[[0.41670822 0.58329178]],1,1
KNN,[[0.44444444 0.55555556]],1,1
XGB,[[0.24737662 0.7526234 ]],1,1
DT,[[0.26553672 0.73446328]],1,1
RF,[[0.39333847 0.60666153]],1,1
KNN,[[0.38888889 0.61111111]],1,1
XGB,[[0.19270724 0.80729276]],1,1
DT,[[0.63829787 0.36170213]],0,1
RF,[[0.53771785 0.46228215]],0,1
KNN,[[0.68181818 0.31818182]],0,1
XGB,[[0.6880559  0.31194416]],0,1
DT,[[0.26553672 0.73446328]],1,1
RF,[[0.31908592 0.68091408]],1,1
KNN,[[0.35 0.65]],1,1
XGB,[[0.37612224 0.62387776]],1,1
DT,[[0.26553672 0.73446328]],1,1
RF,[[0.21171871 0.78828129]],1,1
KNN,[[0.38888889 0.61111111]],1,1
XGB,[[0.16705173 0.83294827]],1,1
DT,[[0.63829787 0.36170213]],0,1
RF,[[0.4598726 0.5401274]],1,1
KNN,[[0.66666667 0.33333333]],0,1
XGB,[[0.5997476 0.4002524]],0,1
DT,[[0.63120567 0.36879433]],0,0
RF,[[0.55339994 0.44660006]],0,0
KNN,[[0.6 0.4]],0,0
XGB,[[0.52196014 0.47803986]],0,0
DT,[[0.15384615 0.84615385]],1,0
RF,[[0.32463664 0.67536336]],1,0
KNN,[[0.44444444 0.55555556]],1,0
XGB,[[0.31054187 0.68945813]],1,0
DT,[[0.25988701 0.74011299]],1,0
RF,[[0.38085343 0.61914657]],1,0
KNN,[[0.25 0.75]],1,0
XGB,[[0.28148675 0.71851325]],1,0
DT,[[0.63120567 0.36879433]],0,0
RF,[[0.61145837 0.38854163]],0,0
KNN,[[0.7 0.3]],0,0
XGB,[[0.856236   0.14376402]],0,0
DT,[[0.67479675 0.32520325]],0,0
RF,[[0.69277344 0.30722656]],0,0
KNN,[[0.65 0.35]],0,0
XGB,[[0.8033987  0.19660127]],0,0
DT,[[0.26553672 0.73446328]],1,1
RF,[[0.40774104 0.59225896]],1,1
KNN,[[0.22222222 0.77777778]],1,1
XGB,[[0.12756747 0.87243253]],1,1
DT,[[0.26553672 0.73446328]],1,1
RF,[[0.21534696 0.78465304]],1,1
KNN,[[0.33333333 0.66666667]],1,1
XGB,[[0.17535847 0.8246415 ]],1,1
DT,[[0.63829787 0.36170213]],0,1
RF,[[0.66561862 0.33438138]],0,1
KNN,[[0.63636364 0.36363636]],0,1
XGB,[[0.8588537  0.14114633]],0,1
DT,[[0.63829787 0.36170213]],0,1
RF,[[0.58030976 0.41969024]],0,1
KNN,[[0.61111111 0.38888889]],0,1
XGB,[[0.5734806 0.4265194]],0,1
DT,[[0.63120567 0.36879433]],0,0
RF,[[0.46771286 0.53228714]],1,0
KNN,[[0.6 0.4]],0,0
XGB,[[0.27424794 0.72575206]],1,0
DT,[[0.26553672 0.73446328]],1,1
RF,[[0.24322604 0.75677396]],1,1
KNN,[[0.22222222 0.77777778]],1,1
XGB,[[0.13802677 0.8619732 ]],1,1
DT,[[0.32116788 0.67883212]],1,1
RF,[[0.2989505 0.7010495]],1,1
KNN,[[0.33333333 0.66666667]],1,1
XGB,[[0.17818731 0.8218127 ]],1,1
DT,[[0.26553672 0.73446328]],1,1
RF,[[0.27978947 0.72021053]],1,1
KNN,[[0.16666667 0.83333333]],1,1
XGB,[[0.12012237 0.8798776 ]],1,1
DT,[[0.26553672 0.73446328]],1,1
RF,[[0.21841202 0.78158798]],1,1
KNN,[[0.38888889 0.61111111]],1,1
XGB,[[0.26571494 0.73428506]],1,1
DT,[[0.25988701 0.74011299]],1,0
RF,[[0.34811308 0.65188692]],1,0
KNN,[[0.29166667 0.70833333]],1,0
XGB,[[0.4032687 0.5967313]],1,0
DT,[[0.26553672 0.73446328]],1,1
RF,[[0.27272727 0.72727273]],1,1
KNN,[[0.35 0.65]],1,1
XGB,[[0.17926425 0.82073575]],1,1
DT,[[0.33944954 0.66055046]],1,0
RF,[[0.21850266 0.78149734]],1,0
KNN,[[0.45833333 0.54166667]],1,0
XGB,[[0.14130294 0.85869706]],1,0
DT,[[0.25988701 0.74011299]],1,0
RF,[[0.24230834 0.75769166]],1,0
KNN,[[0.25 0.75]],1,0
XGB,[[0.0567041 0.9432959]],1,0
DT,[[0.63120567 0.36879433]],0,0
RF,[[0.62054327 0.37945673]],0,0
KNN,[[0.5 0.5]],0,0
XGB,[[0.44979596 0.55020404]],1,0
DT,[[0.63120567 0.36879433]],0,0
RF,[[0.60305663 0.39694337]],0,0
KNN,[[0.65 0.35]],0,0
XGB,[[0.6727971  0.32720295]],0,0
DT,[[0.63120567 0.36879433]],0,0
RF,[[0.56903086 0.43096914]],0,0
KNN,[[0.54545455 0.45454545]],0,0
XGB,[[0.67071015 0.32928985]],0,0
DT,[[0.63120567 0.36879433]],0,0
RF,[[0.66425291 0.33574709]],0,0
KNN,[[0.75 0.25]],0,0
XGB,[[0.6830084  0.31699163]],0,0
DT,[[0.25988701 0.74011299]],1,0
RF,[[0.44528063 0.55471937]],1,0
KNN,[[0.35 0.65]],1,0
XGB,[[0.4118836 0.5881164]],1,0
DT,[[0.50746269 0.49253731]],0,0
RF,[[0.51640781 0.48359219]],0,0
KNN,[[0.65 0.35]],0,0
XGB,[[0.53696895 0.46303108]],0,0
DT,[[0.26553672 0.73446328]],1,1
RF,[[0.25231184 0.74768816]],1,1
KNN,[[0.27777778 0.72222222]],1,1
XGB,[[0.0773831 0.9226169]],1,1
DT,[[0.63120567 0.36879433]],0,0
RF,[[0.51666653 0.48333347]],0,0
KNN,[[0.65 0.35]],0,0
XGB,[[0.49009126 0.50990874]],1,0
DT,[[0.26553672 0.73446328]],1,1
RF,[[0.22032714 0.77967286]],1,1
KNN,[[0.22222222 0.77777778]],1,1
XGB,[[0.07292056 0.92707944]],1,1
DT,[[0.32116788 0.67883212]],1,1
RF,[[0.35729669 0.64270331]],1,1
KNN,[[0.57142857 0.42857143]],0,1
XGB,[[0.5204474  0.47955263]],0,1
DT,[[0.26553672 0.73446328]],1,1
RF,[[0.245955 0.754045]],1,1
KNN,[[0.21052632 0.78947368]],1,1
XGB,[[0.17775947 0.82224053]],1,1
DT,[[0.32116788 0.67883212]],1,1
RF,[[0.27104663 0.72895337]],1,1
KNN,[[0.22222222 0.77777778]],1,1
XGB,[[0.11658251 0.8834175 ]],1,1
DT,[[0.63120567 0.36879433]],0,0
RF,[[0.67563936 0.32436064]],0,0
KNN,[[0.61111111 0.38888889]],0,0
XGB,[[0.712819 0.287181]],0,0
DT,[[0.25988701 0.74011299]],1,0
RF,[[0.29618541 0.70381459]],1,0
KNN,[[0.16666667 0.83333333]],1,0
XGB,[[0.21066213 0.7893379 ]],1,0
DT,[[0.26553672 0.73446328]],1,1
RF,[[0.30577269 0.69422731]],1,1
KNN,[[0.44444444 0.55555556]],1,1
XGB,[[0.05021536 0.94978464]],1,1
DT,[[0.73972603 0.26027397]],0,0
RF,[[0.62015219 0.37984781]],0,0
KNN,[[0.70833333 0.29166667]],0,0
XGB,[[0.8158646  0.18413539]],0,0
DT,[[0.63829787 0.36170213]],0,1
RF,[[0.47451709 0.52548291]],1,1
KNN,[[0.55555556 0.44444444]],0,1
XGB,[[0.50371283 0.49628717]],0,1
DT,[[0.34862385 0.65137615]],1,1
RF,[[0.34573874 0.65426126]],1,1
KNN,[[0.16666667 0.83333333]],1,1
XGB,[[0.2899896 0.7100104]],1,1
DT,[[0.63829787 0.36170213]],0,1
RF,[[0.66862582 0.33137418]],0,1
KNN,[[0.77777778 0.22222222]],0,1
XGB,[[0.63582474 0.36417526]],0,1
DT,[[0.63829787 0.36170213]],0,1
RF,[[0.57158417 0.42841583]],0,1
KNN,[[0.5 0.5]],0,1
XGB,[[0.5821289  0.41787112]],0,1
DT,[[0.67479675 0.32520325]],0,0
RF,[[0.66666667 0.33333333]],0,0
KNN,[[0.70833333 0.29166667]],0,0
XGB,[[0.75675607 0.24324395]],0,0
DT,[[0.25988701 0.74011299]],1,0
RF,[[0.30263158 0.69736842]],1,0
KNN,[[0.29166667 0.70833333]],1,0
XGB,[[0.22550529 0.7744947 ]],1,0
DT,[[0.63829787 0.36170213]],0,1
RF,[[0.52606226 0.47393774]],0,1
KNN,[[0.61111111 0.38888889]],0,1
XGB,[[0.42740571 0.5725943 ]],1,1
DT,[[0.26553672 0.73446328]],1,1
RF,[[0.28233751 0.71766249]],1,1
KNN,[[0.2 0.8]],1,1
XGB,[[0.14031398 0.859686  ]],1,1
DT,[[0.63829787 0.36170213]],0,1
RF,[[0.54965734 0.45034266]],0,1
KNN,[[0.61111111 0.38888889]],0,1
XGB,[[0.4524262 0.5475738]],1,1
DT,[[0.63829787 0.36170213]],0,1
RF,[[0.59565605 0.40434395]],0,1
KNN,[[0.66666667 0.33333333]],0,1
XGB,[[0.6841048 0.3158952]],0,1
DT,[[0.26553672 0.73446328]],1,1
RF,[[0.44326085 0.55673915]],1,1
KNN,[[0.38888889 0.61111111]],1,1
XGB,[[0.6138184  0.38618156]],0,1
DT,[[0.63120567 0.36879433]],0,0
RF,[[0.62929848 0.37070152]],0,0
KNN,[[0.55 0.45]],0,0
XGB,[[0.5478288 0.4521712]],0,0
DT,[[0.63120567 0.36879433]],0,0
RF,[[0.69984657 0.30015343]],0,0
KNN,[[0.65 0.35]],0,0
XGB,[[0.88301617 0.11698382]],0,0
DT,[[0.63829787 0.36170213]],0,1
RF,[[0.4824494 0.5175506]],1,1
KNN,[[0.65 0.35]],0,1
XGB,[[0.68798196 0.31201804]],0,1
DT,[[0.26553672 0.73446328]],1,1
RF,[[0.36583137 0.63416863]],1,1
KNN,[[0.22727273 0.77272727]],1,1
XGB,[[0.11437261 0.8856274 ]],1,1
DT,[[0.26553672 0.73446328]],1,1
RF,[[0.22894184 0.77105816]],1,1
KNN,[[0.1 0.9]],1,1
XGB,[[0.15797478 0.8420252 ]],1,1
DT,[[0.17391304 0.82608696]],1,0
RF,[[0.29653751 0.70346249]],1,0
KNN,[[0.3125 0.6875]],1,0
XGB,[[0.35916358 0.6408364 ]],1,0
DT,[[0.63829787 0.36170213]],0,1
RF,[[0.42742378 0.57257622]],1,1
KNN,[[0.625 0.375]],0,1
XGB,[[0.45347834 0.54652166]],1,1
DT,[[0.4047619 0.5952381]],1,0
RF,[[0.34365021 0.65634979]],1,0
KNN,[[0.2 0.8]],1,0
XGB,[[0.31817222 0.6818278 ]],1,0
DT,[[0.63120567 0.36879433]],0,0
RF,[[0.57922295 0.42077705]],0,0
KNN,[[0.6 0.4]],0,0
XGB,[[0.6546645  0.34533548]],0,0
DT,[[0.63120567 0.36879433]],0,0
RF,[[0.62763069 0.37236931]],0,0
KNN,[[0.6875 0.3125]],0,0
XGB,[[0.55217576 0.44782424]],0,0
DT,[[0.25988701 0.74011299]],1,0
RF,[[0.31186144 0.68813856]],1,0
KNN,[[0.3 0.7]],1,0
XGB,[[0.06954896 0.93045104]],1,0
DT,[[0.26553672 0.73446328]],1,1
RF,[[0.27710843 0.72289157]],1,1
KNN,[[0.16666667 0.83333333]],1,1
XGB,[[0.24349976 0.75650024]],1,1
DT,[[0.63120567 0.36879433]],0,0
RF,[[0.60605502 0.39394498]],0,0
KNN,[[0.5 0.5]],0,0
XGB,[[0.8000009  0.19999911]],0,0
DT,[[0.26553672 0.73446328]],1,1
RF,[[0.2649412 0.7350588]],1,1
KNN,[[0.16666667 0.83333333]],1,1
XGB,[[0.13885254 0.86114746]],1,1
DT,[[0.73972603 0.26027397]],0,0
RF,[[0.72381943 0.27618057]],0,0
KNN,[[0.7 0.3]],0,0
XGB,[[0.8064019  0.19359808]],0,0
DT,[[0.63120567 0.36879433]],0,0
RF,[[0.78445282 0.21554718]],0,0
KNN,[[0.66666667 0.33333333]],0,0
XGB,[[0.84135383 0.15864617]],0,0
DT,[[0.26553672 0.73446328]],1,1
RF,[[0.32312242 0.67687758]],1,1
KNN,[[0.35 0.65]],1,1
XGB,[[0.32939088 0.6706091 ]],1,1
DT,[[0.63120567 0.36879433]],0,0
RF,[[0.62806736 0.37193264]],0,0
KNN,[[0.7 0.3]],0,0
XGB,[[0.70096487 0.29903513]],0,0
DT,[[0.63829787 0.36170213]],0,1
RF,[[0.57290101 0.42709899]],0,1
KNN,[[0.7 0.3]],0,1
XGB,[[0.5735345  0.42646554]],0,1
DT,[[0.26553672 0.73446328]],1,1
RF,[[0.32380149 0.67619851]],1,1
KNN,[[0.22222222 0.77777778]],1,1
XGB,[[0.12037665 0.87962335]],1,1
DT,[[0.63829787 0.36170213]],0,1
RF,[[0.46479675 0.53520325]],1,1
KNN,[[0.45 0.55]],1,1
XGB,[[0.27306217 0.72693783]],1,1
DT,[[0.26553672 0.73446328]],1,1
RF,[[0.37888656 0.62111344]],1,1
KNN,[[0.38888889 0.61111111]],1,1
XGB,[[0.35586023 0.64413977]],1,1
DT,[[0.25988701 0.74011299]],1,0
RF,[[0.3274977 0.6725023]],1,0
KNN,[[0.25 0.75]],1,0
XGB,[[0.19284904 0.80715096]],1,0
DT,[[0.26553672 0.73446328]],1,1
RF,[[0.14815206 0.85184794]],1,1
KNN,[[0.25 0.75]],1,1
XGB,[[0.14495456 0.85504544]],1,1
DT,[[0.26553672 0.73446328]],1,1
RF,[[0.21921161 0.78078839]],1,1
KNN,[[0.21428571 0.78571429]],1,1
XGB,[[0.11598921 0.8840108 ]],1,1
DT,[[0.25988701 0.74011299]],1,0
RF,[[0.31130601 0.68869399]],1,0
KNN,[[0.33333333 0.66666667]],1,0
XGB,[[0.29770172 0.7022983 ]],1,0
DT,[[0.26553672 0.73446328]],1,1
RF,[[0.38933639 0.61066361]],1,1
KNN,[[0.44444444 0.55555556]],1,1
XGB,[[0.48066235 0.51933765]],1,1
DT,[[0.26553672 0.73446328]],1,1
RF,[[0.29973117 0.70026883]],1,1
KNN,[[0.29166667 0.70833333]],1,1
XGB,[[0.52959967 0.4704003 ]],0,1
DT,[[0.25988701 0.74011299]],1,0
RF,[[0.32323232 0.67676768]],1,0
KNN,[[0.125 0.875]],1,0
XGB,[[0.32672238 0.6732776 ]],1,0
DT,[[0.63120567 0.36879433]],0,0
RF,[[0.3426646 0.6573354]],1,0
KNN,[[0.375 0.625]],1,0
XGB,[[0.35500222 0.6449978 ]],1,0
DT,[[0.63120567 0.36879433]],0,0
RF,[[0.68375488 0.31624512]],0,0
KNN,[[0.625 0.375]],0,0
XGB,[[0.62529016 0.37470987]],0,0
DT,[[0.83928571 0.16071429]],0,1
RF,[[0.75002561 0.24997439]],0,1
KNN,[[0.8 0.2]],0,1
XGB,[[0.75566775 0.24433224]],0,1
DT,[[0.63120567 0.36879433]],0,0
RF,[[0.6968832 0.3031168]],0,0
KNN,[[0.6 0.4]],0,0
XGB,[[0.77543217 0.22456785]],0,0
DT,[[0.63829787 0.36170213]],0,1
RF,[[0.69073578 0.30926422]],0,1
KNN,[[0.7 0.3]],0,1
XGB,[[0.7486328  0.25136718]],0,1
DT,[[0.63120567 0.36879433]],0,0
RF,[[0.5057617 0.4942383]],0,0
KNN,[[0.5 0.5]],0,0
XGB,[[0.52892965 0.47107035]],0,0
DT,[[0.34862385 0.65137615]],1,1
RF,[[0.37803078 0.62196922]],1,1
KNN,[[0.33333333 0.66666667]],1,1
XGB,[[0.18715417 0.8128458 ]],1,1
DT,[[0.26553672 0.73446328]],1,1
RF,[[0.18189317 0.81810683]],1,1
KNN,[[0.13636364 0.86363636]],1,1
XGB,[[0.14599597 0.854004  ]],1,1
DT,[[0.26553672 0.73446328]],1,1
RF,[[0.2264078 0.7735922]],1,1
KNN,[[0.22222222 0.77777778]],1,1
XGB,[[0.09398216 0.90601784]],1,1
DT,[[0.25988701 0.74011299]],1,0
RF,[[0.28532658 0.71467342]],1,0
KNN,[[0.25 0.75]],1,0
XGB,[[0.33869207 0.66130793]],1,0
DT,[[0.26553672 0.73446328]],1,1
RF,[[0.42713463 0.57286537]],1,1
KNN,[[0.44444444 0.55555556]],1,1
XGB,[[0.5223836 0.4776164]],0,1
DT,[[0.25988701 0.74011299]],1,0
RF,[[0.23435847 0.76564153]],1,0
KNN,[[0.31818182 0.68181818]],1,0
XGB,[[0.11474383 0.8852562 ]],1,0
DT,[[0.26553672 0.73446328]],1,1
RF,[[0.23000486 0.76999514]],1,1
KNN,[[0.22222222 0.77777778]],1,1
XGB,[[0.1449889 0.8550111]],1,1
DT,[[0.63829787 0.36170213]],0,1
RF,[[0.56314721 0.43685279]],0,1
KNN,[[0.7 0.3]],0,1
XGB,[[0.54411453 0.45588547]],0,1
DT,[[0.25988701 0.74011299]],1,0
RF,[[0.36464253 0.63535747]],1,0
KNN,[[0.5 0.5]],0,0
XGB,[[0.50053084 0.49946913]],0,0
DT,[[0.25988701 0.74011299]],1,0
RF,[[0.40730949 0.59269051]],1,0
KNN,[[0.27777778 0.72222222]],1,0
XGB,[[0.52392894 0.47607106]],0,0
DT,[[0.25988701 0.74011299]],1,0
RF,[[0.34754161 0.65245839]],1,0
KNN,[[0.5 0.5]],0,0
XGB,[[0.35211152 0.6478885 ]],1,0
DT,[[0.25988701 0.74011299]],1,0
RF,[[0.31313131 0.68686869]],1,0
KNN,[[0.35 0.65]],1,0
XGB,[[0.44481146 0.55518854]],1,0
DT,[[0.25988701 0.74011299]],1,0
RF,[[0.3431391 0.6568609]],1,0
KNN,[[0.2 0.8]],1,0
XGB,[[0.491521 0.508479]],1,0
DT,[[0.25988701 0.74011299]],1,0
RF,[[0.29756512 0.70243488]],1,0
KNN,[[0.4375 0.5625]],1,0
XGB,[[0.22207123 0.77792877]],1,0
DT,[[0.26553672 0.73446328]],1,1
RF,[[0.24013037 0.75986963]],1,1
KNN,[[0.22727273 0.77272727]],1,1
XGB,[[0.14227682 0.8577232 ]],1,1
DT,[[0.13432836 0.86567164]],1,1
RF,[[0.20860764 0.79139236]],1,1
KNN,[[0.27777778 0.72222222]],1,1
XGB,[[0.11976939 0.8802306 ]],1,1
DT,[[0.63829787 0.36170213]],0,1
RF,[[0.48675175 0.51324825]],1,1
KNN,[[0.61111111 0.38888889]],0,1
XGB,[[0.47278827 0.5272117 ]],1,1
DT,[[0.26553672 0.73446328]],1,1
RF,[[0.21603048 0.78396952]],1,1
KNN,[[0.08333333 0.91666667]],1,1
XGB,[[0.1222797 0.8777203]],1,1
DT,[[0.63120567 0.36879433]],0,0
RF,[[0.52506809 0.47493191]],0,0
KNN,[[0.5 0.5]],0,0
XGB,[[0.5611607 0.4388393]],0,0
DT,[[0.63829787 0.36170213]],0,1
RF,[[0.62624477 0.37375523]],0,1
KNN,[[0.66666667 0.33333333]],0,1
XGB,[[0.83454204 0.16545796]],0,1
DT,[[0.63829787 0.36170213]],0,1
RF,[[0.5542367 0.4457633]],0,1
KNN,[[0.55555556 0.44444444]],0,1
XGB,[[0.6377971 0.3622029]],0,1
DT,[[0.4047619 0.5952381]],1,0
RF,[[0.32291432 0.67708568]],1,0
KNN,[[0.35 0.65]],1,0
XGB,[[0.5333127  0.46668735]],0,0
DT,[[0.26553672 0.73446328]],1,1
RF,[[0.27009195 0.72990805]],1,1
KNN,[[0.25 0.75]],1,1
XGB,[[0.2867834 0.7132166]],1,1
DT,[[0.26553672 0.73446328]],1,1
RF,[[0.25753736 0.74246264]],1,1
KNN,[[0.35 0.65]],1,1
XGB,[[0.15896565 0.84103435]],1,1
DT,[[0.26553672 0.73446328]],1,1
RF,[[0.32137939 0.67862061]],1,1
KNN,[[0.22222222 0.77777778]],1,1
XGB,[[0.14885098 0.851149  ]],1,1
DT,[[0.26553672 0.73446328]],1,1
RF,[[0.28839517 0.71160483]],1,1
KNN,[[0.15 0.85]],1,1
XGB,[[0.36936635 0.63063365]],1,1
DT,[[0.63829787 0.36170213]],0,1
RF,[[0.40888544 0.59111456]],1,1
KNN,[[0.45 0.55]],1,1
XGB,[[0.4288541 0.5711459]],1,1
DT,[[0.26553672 0.73446328]],1,1
RF,[[0.35966899 0.64033101]],1,1
KNN,[[0.04545455 0.95454545]],1,1
XGB,[[0.14780688 0.8521931 ]],1,1
DT,[[0.63829787 0.36170213]],0,1
RF,[[0.60400609 0.39599391]],0,1
KNN,[[0.68181818 0.31818182]],0,1
XGB,[[0.5633999  0.43660006]],0,1
DT,[[0.63829787 0.36170213]],0,1
RF,[[0.6099074 0.3900926]],0,1
KNN,[[0.72222222 0.27777778]],0,1
XGB,[[0.46541595 0.53458405]],1,1
DT,[[0.63829787 0.36170213]],0,1
RF,[[0.61738596 0.38261404]],0,1
KNN,[[0.66666667 0.33333333]],0,1
XGB,[[0.8084892  0.19151077]],0,1
DT,[[0.86666667 0.13333333]],0,1
RF,[[0.66924907 0.33075093]],0,1
KNN,[[0.83333333 0.16666667]],0,1
XGB,[[0.7610624 0.2389376]],0,1
DT,[[0.26553672 0.73446328]],1,1
RF,[[0.35181699 0.64818301]],1,1
KNN,[[0.22222222 0.77777778]],1,1
XGB,[[0.09653068 0.9034693 ]],1,1
DT,[[0.67479675 0.32520325]],0,0
RF,[[0.64107516 0.35892484]],0,0
KNN,[[0.72222222 0.27777778]],0,0
XGB,[[0.5158652  0.48413482]],0,0
DT,[[0.63120567 0.36879433]],0,0
RF,[[0.65278014 0.34721986]],0,0
KNN,[[0.72727273 0.27272727]],0,0
XGB,[[0.7899335 0.2100665]],0,0
DT,[[0.26553672 0.73446328]],1,1
RF,[[0.25659917 0.74340083]],1,1
KNN,[[0.125 0.875]],1,1
XGB,[[0.22735733 0.7726427 ]],1,1
DT,[[0.26553672 0.73446328]],1,1
RF,[[0.4845662 0.5154338]],1,1
KNN,[[0.44444444 0.55555556]],1,1
XGB,[[0.03750521 0.9624948 ]],1,1
DT,[[0.63829787 0.36170213]],0,1
RF,[[0.58890933 0.41109067]],0,1
KNN,[[0.38888889 0.61111111]],1,1
XGB,[[0.7044413 0.2955587]],0,1
DT,[[0.25988701 0.74011299]],1,0
RF,[[0.3447385 0.6552615]],1,0
KNN,[[0.20833333 0.79166667]],1,0
XGB,[[0.45621204 0.54378796]],1,0
DT,[[0.4375 0.5625]],1,0
RF,[[0.59050206 0.40949794]],0,0
KNN,[[0.5 0.5]],0,0
XGB,[[0.6256765 0.3743235]],0,0
DT,[[0.26553672 0.73446328]],1,1
RF,[[0.39552682 0.60447318]],1,1
KNN,[[0.36363636 0.63636364]],1,1
XGB,[[0.47905374 0.52094626]],1,1
DT,[[0.63120567 0.36879433]],0,0
RF,[[0.68178487 0.31821513]],0,0
KNN,[[0.7 0.3]],0,0
XGB,[[0.89234674 0.10765325]],0,0
DT,[[0.63120567 0.36879433]],0,0
RF,[[0.47813137 0.52186863]],1,0
KNN,[[0.38888889 0.61111111]],1,0
XGB,[[0.62447125 0.37552875]],0,0
DT,[[0.63120567 0.36879433]],0,0
RF,[[0.60986706 0.39013294]],0,0
KNN,[[0.6 0.4]],0,0
XGB,[[0.6860329 0.3139671]],0,0
DT,[[0.63120567 0.36879433]],0,0
RF,[[0.40681105 0.59318895]],1,0
KNN,[[0.4 0.6]],1,0
XGB,[[0.5486047  0.45139524]],0,0
DT,[[0.63120567 0.36879433]],0,0
RF,[[0.55331829 0.44668171]],0,0
KNN,[[0.55 0.45]],0,0
XGB,[[0.6286576  0.37134245]],0,0
DT,[[0.26553672 0.73446328]],1,1
RF,[[0.27325894 0.72674106]],1,1
KNN,[[0.31818182 0.68181818]],1,1
XGB,[[0.34666115 0.65333885]],1,1
DT,[[0.63829787 0.36170213]],0,1
RF,[[0.66393656 0.33606344]],0,1
KNN,[[0.66666667 0.33333333]],0,1
XGB,[[0.70836455 0.29163545]],0,1
DT,[[0.63829787 0.36170213]],0,1
RF,[[0.63145141 0.36854859]],0,1
KNN,[[0.58333333 0.41666667]],0,1
XGB,[[0.6440704  0.35592964]],0,1
DT,[[0.63120567 0.36879433]],0,0
RF,[[0.4382346 0.5617654]],1,0
KNN,[[0.55 0.45]],0,0
XGB,[[0.3579226 0.6420774]],1,0
DT,[[0.25988701 0.74011299]],1,0
RF,[[0.34813413 0.65186587]],1,0
KNN,[[0.47619048 0.52380952]],1,0
XGB,[[0.27945256 0.72054744]],1,0
DT,[[0.63120567 0.36879433]],0,0
RF,[[0.63496091 0.36503909]],0,0
KNN,[[0.68181818 0.31818182]],0,0
XGB,[[0.8295639  0.17043607]],0,0
DT,[[0.63829787 0.36170213]],0,1
RF,[[0.660959 0.339041]],0,1
KNN,[[0.7 0.3]],0,1
XGB,[[0.6962607  0.30373928]],0,1
DT,[[0.63120567 0.36879433]],0,0
RF,[[0.55072468 0.44927532]],0,0
KNN,[[0.65 0.35]],0,0
XGB,[[0.7194047 0.2805953]],0,0
DT,[[0.26553672 0.73446328]],1,1
RF,[[0.40094779 0.59905221]],1,1
KNN,[[0.28571429 0.71428571]],1,1
XGB,[[0.49416584 0.50583416]],1,1
DT,[[0.26553672 0.73446328]],1,1
RF,[[0.3503192 0.6496808]],1,1
KNN,[[0.05555556 0.94444444]],1,1
XGB,[[0.17311972 0.8268803 ]],1,1
DT,[[0.26553672 0.73446328]],1,1
RF,[[0.220591 0.779409]],1,1
KNN,[[0.29166667 0.70833333]],1,1
XGB,[[0.13380826 0.86619174]],1,1
DT,[[0.26553672 0.73446328]],1,1
RF,[[0.23860741 0.76139259]],1,1
KNN,[[0.33333333 0.66666667]],1,1
XGB,[[0.26585913 0.7341409 ]],1,1
DT,[[0.26553672 0.73446328]],1,1
RF,[[0.32204865 0.67795135]],1,1
KNN,[[0.35 0.65]],1,1
XGB,[[0.29326576 0.70673424]],1,1
DT,[[0.25988701 0.74011299]],1,0
RF,[[0.24047173 0.75952827]],1,0
KNN,[[0.22727273 0.77272727]],1,0
XGB,[[0.3148567 0.6851433]],1,0
DT,[[0.26553672 0.73446328]],1,1
RF,[[0.33620089 0.66379911]],1,1
KNN,[[0.27777778 0.72222222]],1,1
XGB,[[0.6658863  0.33411375]],0,1
DT,[[0.25988701 0.74011299]],1,0
RF,[[0.30545607 0.69454393]],1,0
KNN,[[0.35 0.65]],1,0
XGB,[[0.14217073 0.8578293 ]],1,0
DT,[[0.26553672 0.73446328]],1,1
RF,[[0.27277535 0.72722465]],1,1
KNN,[[0.31818182 0.68181818]],1,1
XGB,[[0.34034908 0.6596509 ]],1,1
DT,[[0.25988701 0.74011299]],1,0
RF,[[0.40846155 0.59153845]],1,0
KNN,[[0.25 0.75]],1,0
XGB,[[0.23509377 0.7649062 ]],1,0
DT,[[0.63120567 0.36879433]],0,0
RF,[[0.63777474 0.36222526]],0,0
KNN,[[0.6 0.4]],0,0
XGB,[[0.71806496 0.28193504]],0,0
DT,[[0.63120567 0.36879433]],0,0
RF,[[0.66629362 0.33370638]],0,0
KNN,[[0.61111111 0.38888889]],0,0
XGB,[[0.83438724 0.16561277]],0,0
DT,[[0.63120567 0.36879433]],0,0
RF,[[0.69656836 0.30343164]],0,0
KNN,[[0.55 0.45]],0,0
XGB,[[0.7848586  0.21514139]],0,0
DT,[[0.50746269 0.49253731]],0,0
RF,[[0.55720182 0.44279818]],0,0
KNN,[[0.5 0.5]],0,0
XGB,[[0.6738705 0.3261295]],0,0
DT,[[0.32116788 0.67883212]],1,1
RF,[[0.3078063 0.6921937]],1,1
KNN,[[0.5 0.5]],0,1
XGB,[[0.44430768 0.5556923 ]],1,1
DT,[[0.26553672 0.73446328]],1,1
RF,[[0.31113904 0.68886096]],1,1
KNN,[[0.22727273 0.77272727]],1,1
XGB,[[0.34021884 0.65978116]],1,1
DT,[[0.25988701 0.74011299]],1,0
RF,[[0.34407225 0.65592775]],1,0
KNN,[[0.35 0.65]],1,0
XGB,[[0.46667153 0.5333285 ]],1,0
DT,[[0.26553672 0.73446328]],1,1
RF,[[0.33383395 0.66616605]],1,1
KNN,[[0.22727273 0.77272727]],1,1
XGB,[[0.46194452 0.5380555 ]],1,1
DT,[[0.16494845 0.83505155]],1,0
RF,[[0.24526264 0.75473736]],1,0
KNN,[[0.25 0.75]],1,0
XGB,[[0.47680676 0.52319324]],1,0
DT,[[0.25988701 0.74011299]],1,0
RF,[[0.31888794 0.68111206]],1,0
KNN,[[0.25 0.75]],1,0
XGB,[[0.34041244 0.65958756]],1,0
DT,[[0.26553672 0.73446328]],1,1
RF,[[0.27017469 0.72982531]],1,1
KNN,[[0.33333333 0.66666667]],1,1
XGB,[[0.23589635 0.76410365]],1,1
DT,[[0.26553672 0.73446328]],1,1
RF,[[0.27588189 0.72411811]],1,1
KNN,[[0.22222222 0.77777778]],1,1
XGB,[[0.21345603 0.78654397]],1,1
DT,[[0.26553672 0.73446328]],1,1
RF,[[0.31095731 0.68904269]],1,1
KNN,[[0.16666667 0.83333333]],1,1
XGB,[[0.29897624 0.70102376]],1,1
DT,[[0.63120567 0.36879433]],0,0
RF,[[0.57429712 0.42570288]],0,0
KNN,[[0.54545455 0.45454545]],0,0
XGB,[[0.8735961  0.12640393]],0,0
DT,[[0.26553672 0.73446328]],1,1
RF,[[0.33543961 0.66456039]],1,1
KNN,[[0.15 0.85]],1,1
XGB,[[0.49052262 0.5094774 ]],1,1
DT,[[0.33944954 0.66055046]],1,0
RF,[[0.32892667 0.67107333]],1,0
KNN,[[0.22727273 0.77272727]],1,0
XGB,[[0.5009006 0.4990994]],0,0
DT,[[0.25988701 0.74011299]],1,0
RF,[[0.27497084 0.72502916]],1,0
KNN,[[0.22222222 0.77777778]],1,0
XGB,[[0.50126594 0.49873406]],0,0
DT,[[0.63829787 0.36170213]],0,1
RF,[[0.58499734 0.41500266]],0,1
KNN,[[0.625 0.375]],0,1
XGB,[[0.8043446  0.19565539]],0,1
DT,[[0.63829787 0.36170213]],0,1
RF,[[0.46165639 0.53834361]],1,1
KNN,[[0.54545455 0.45454545]],0,1
XGB,[[0.4084124 0.5915876]],1,1
DT,[[0.63120567 0.36879433]],0,0
RF,[[0.40448808 0.59551192]],1,0
KNN,[[0.45 0.55]],1,0
XGB,[[0.3762099 0.6237901]],1,0
DT,[[0.26553672 0.73446328]],1,1
RF,[[0.35054561 0.64945439]],1,1
KNN,[[0.29166667 0.70833333]],1,1
XGB,[[0.4045351 0.5954649]],1,1
DT,[[0.26553672 0.73446328]],1,1
RF,[[0.38481785 0.61518215]],1,1
KNN,[[0.3 0.7]],1,1
XGB,[[0.3593269 0.6406731]],1,1
DT,[[0.34862385 0.65137615]],1,1
RF,[[0.49748524 0.50251476]],1,1
KNN,[[0.22222222 0.77777778]],1,1
XGB,[[0.3016585 0.6983415]],1,1
DT,[[0.50746269 0.49253731]],0,0
RF,[[0.57371374 0.42628626]],0,0
KNN,[[0.55 0.45]],0,0
XGB,[[0.22286618 0.7771338 ]],1,0
DT,[[0.26553672 0.73446328]],1,1
RF,[[0.3349198 0.6650802]],1,1
KNN,[[0.45454545 0.54545455]],1,1
XGB,[[0.66056263 0.33943737]],0,1
DT,[[0.63120567 0.36879433]],0,0
RF,[[0.42271487 0.57728513]],1,0
KNN,[[0.5 0.5]],0,0
XGB,[[0.35378796 0.64621204]],1,0
DT,[[0.26553672 0.73446328]],1,1
RF,[[0.25720313 0.74279687]],1,1
KNN,[[0.41666667 0.58333333]],1,1
XGB,[[0.28720814 0.71279186]],1,1
DT,[[0.26553672 0.73446328]],1,1
RF,[[0.28738301 0.71261699]],1,1
KNN,[[0.4375 0.5625]],1,1
XGB,[[0.8322206 0.1677794]],0,1
DT,[[0.25988701 0.74011299]],1,0
RF,[[0.22953915 0.77046085]],1,0
KNN,[[0.15 0.85]],1,0
XGB,[[0.11880165 0.88119835]],1,0
DT,[[0.26553672 0.73446328]],1,1
RF,[[0.22523962 0.77476038]],1,1
KNN,[[0.38888889 0.61111111]],1,1
XGB,[[0.14042497 0.85957503]],1,1
DT,[[0.26553672 0.73446328]],1,1
RF,[[0.24779542 0.75220458]],1,1
KNN,[[0.16666667 0.83333333]],1,1
XGB,[[0.14136899 0.858631  ]],1,1
DT,[[0.63120567 0.36879433]],0,0
RF,[[0.71686542 0.28313458]],0,0
KNN,[[0.7 0.3]],0,0
XGB,[[0.85118407 0.14881591]],0,0
DT,[[0.63120567 0.36879433]],0,0
RF,[[0.59775942 0.40224058]],0,0
KNN,[[0.55 0.45]],0,0
XGB,[[0.33530456 0.66469544]],1,0
DT,[[0.63120567 0.36879433]],0,0
RF,[[0.54152534 0.45847466]],0,0
KNN,[[0.5 0.5]],0,0
XGB,[[0.6518253  0.34817466]],0,0
DT,[[0.63120567 0.36879433]],0,0
RF,[[0.55442514 0.44557486]],0,0
KNN,[[0.55555556 0.44444444]],0,0
XGB,[[0.66277647 0.33722356]],0,0
DT,[[0.63829787 0.36170213]],0,1
RF,[[0.58666244 0.41333756]],0,1
KNN,[[0.70833333 0.29166667]],0,1
XGB,[[0.46097666 0.53902334]],1,1
DT,[[0.63829787 0.36170213]],0,1
RF,[[0.65069085 0.34930915]],0,1
KNN,[[0.77777778 0.22222222]],0,1
XGB,[[0.80230033 0.19769968]],0,1
DT,[[0.26553672 0.73446328]],1,1
RF,[[0.41918045 0.58081955]],1,1
KNN,[[0.5 0.5]],0,1
XGB,[[0.52388453 0.47611547]],0,1
DT,[[0.26553672 0.73446328]],1,1
RF,[[0.30788927 0.69211073]],1,1
KNN,[[0.27272727 0.72727273]],1,1
XGB,[[0.30226386 0.69773614]],1,1
DT,[[0.63120567 0.36879433]],0,0
RF,[[0.47933667 0.52066333]],1,0
KNN,[[0.55 0.45]],0,0
XGB,[[0.42314464 0.57685536]],1,0
DT,[[0.25988701 0.74011299]],1,0
RF,[[0.28936149 0.71063851]],1,0
KNN,[[0.3 0.7]],1,0
XGB,[[0.18682551 0.8131745 ]],1,0
DT,[[0.63120567 0.36879433]],0,0
RF,[[0.67769705 0.32230295]],0,0
KNN,[[0.7 0.3]],0,0
XGB,[[0.8263983  0.17360167]],0,0
DT,[[0.26553672 0.73446328]],1,1
RF,[[0.2796537 0.7203463]],1,1
KNN,[[0.33333333 0.66666667]],1,1
XGB,[[0.5264387  0.47356126]],0,1
DT,[[0.25988701 0.74011299]],1,0
RF,[[0.26683616 0.73316384]],1,0
KNN,[[0.40909091 0.59090909]],1,0
XGB,[[0.45754355 0.54245645]],1,0
DT,[[0.32116788 0.67883212]],1,1
RF,[[0.32698753 0.67301247]],1,1
KNN,[[0.11111111 0.88888889]],1,1
XGB,[[0.14788115 0.85211885]],1,1
DT,[[0.25988701 0.74011299]],1,0
RF,[[0.27406072 0.72593928]],1,0
KNN,[[0.5 0.5]],0,0
XGB,[[0.316229 0.683771]],1,0
DT,[[0.32116788 0.67883212]],1,1
RF,[[0.44888295 0.55111705]],1,1
KNN,[[0.5 0.5]],0,1
XGB,[[0.38324583 0.6167542 ]],1,1
DT,[[0.63829787 0.36170213]],0,1
RF,[[0.58452537 0.41547463]],0,1
KNN,[[0.72727273 0.27272727]],0,1
XGB,[[0.6887043 0.3112957]],0,1
DT,[[0.63829787 0.36170213]],0,1
RF,[[0.68863595 0.31136405]],0,1
KNN,[[0.70833333 0.29166667]],0,1
XGB,[[0.8075043 0.1924957]],0,1
DT,[[0.63120567 0.36879433]],0,0
RF,[[0.5657327 0.4342673]],0,0
KNN,[[0.61111111 0.38888889]],0,0
XGB,[[0.6425456 0.3574544]],0,0
DT,[[0.13432836 0.86567164]],1,1
RF,[[0.23803429 0.76196571]],1,1
KNN,[[0.33333333 0.66666667]],1,1
XGB,[[0.2572863 0.7427137]],1,1
DT,[[0.26553672 0.73446328]],1,1
RF,[[0.42689873 0.57310127]],1,1
KNN,[[0.40909091 0.59090909]],1,1
XGB,[[0.26463646 0.73536354]],1,1
DT,[[0.63120567 0.36879433]],0,0
RF,[[0.69215807 0.30784193]],0,0
KNN,[[0.68181818 0.31818182]],0,0
XGB,[[0.85614604 0.14385395]],0,0
DT,[[0.63120567 0.36879433]],0,0
RF,[[0.46735366 0.53264634]],1,0
KNN,[[0.5 0.5]],0,0
XGB,[[0.41807818 0.5819218 ]],1,0
DT,[[0.32116788 0.67883212]],1,1
RF,[[0.28559636 0.71440364]],1,1
KNN,[[0.20833333 0.79166667]],1,1
XGB,[[0.39158887 0.60841113]],1,1
DT,[[0.63120567 0.36879433]],0,0
RF,[[0.66527772 0.33472228]],0,0
KNN,[[0.65 0.35]],0,0
XGB,[[0.5362762 0.4637238]],0,0
DT,[[0.63120567 0.36879433]],0,0
RF,[[0.62725718 0.37274282]],0,0
KNN,[[0.65 0.35]],0,0
XGB,[[0.623018 0.376982]],0,0
DT,[[0.26553672 0.73446328]],1,1
RF,[[0.35298804 0.64701196]],1,1
KNN,[[0.29166667 0.70833333]],1,1
XGB,[[0.75849134 0.24150865]],0,1
DT,[[0.25988701 0.74011299]],1,0
RF,[[0.33155239 0.66844761]],1,0
KNN,[[0.44444444 0.55555556]],1,0
XGB,[[0.4016651 0.5983349]],1,0
DT,[[0.63829787 0.36170213]],0,1
RF,[[0.77391304 0.22608696]],0,1
KNN,[[0.55555556 0.44444444]],0,1
XGB,[[0.73942614 0.26057383]],0,1
DT,[[0.26553672 0.73446328]],1,1
RF,[[0.20662344 0.79337656]],1,1
KNN,[[0.25 0.75]],1,1
XGB,[[0.19879395 0.80120605]],1,1
DT,[[0.26553672 0.73446328]],1,1
RF,[[0.25287402 0.74712598]],1,1
KNN,[[0.25 0.75]],1,1
XGB,[[0.29496813 0.7050319 ]],1,1
DT,[[0.26553672 0.73446328]],1,1
RF,[[0.21532141 0.78467859]],1,1
KNN,[[0.25 0.75]],1,1
XGB,[[0.02315277 0.97684723]],1,1
DT,[[0.26553672 0.73446328]],1,1
RF,[[0.28436089 0.71563911]],1,1
KNN,[[0.25 0.75]],1,1
XGB,[[0.15198934 0.84801066]],1,1
DT,[[0.26553672 0.73446328]],1,1
RF,[[0.28663155 0.71336845]],1,1
KNN,[[0.22727273 0.77272727]],1,1
XGB,[[0.15504813 0.84495187]],1,1
DT,[[0.63120567 0.36879433]],0,0
RF,[[0.67668906 0.32331094]],0,0
KNN,[[0.65 0.35]],0,0
XGB,[[0.7613547  0.23864532]],0,0
DT,[[0.50746269 0.49253731]],0,0
RF,[[0.58805734 0.41194266]],0,0
KNN,[[0.6 0.4]],0,0
XGB,[[0.54759896 0.452401  ]],0,0
DT,[[0.63829787 0.36170213]],0,1
RF,[[0.71052632 0.28947368]],0,1
KNN,[[0.66666667 0.33333333]],0,1
XGB,[[0.49006653 0.5099335 ]],1,1
DT,[[0.32116788 0.67883212]],1,1
RF,[[0.33705253 0.66294747]],1,1
KNN,[[0.25 0.75]],1,1
XGB,[[0.27641267 0.72358733]],1,1
DT,[[0.63829787 0.36170213]],0,1
RF,[[0.5496369 0.4503631]],0,1
KNN,[[0.79166667 0.20833333]],0,1
XGB,[[0.36451817 0.63548183]],1,1
DT,[[0.63120567 0.36879433]],0,0
RF,[[0.28921136 0.71078864]],1,0
KNN,[[0.27777778 0.72222222]],1,0
XGB,[[0.13121933 0.8687807 ]],1,0
DT,[[0.26553672 0.73446328]],1,1
RF,[[0.29238036 0.70761964]],1,1
KNN,[[0.08333333 0.91666667]],1,1
XGB,[[0.17199343 0.82800657]],1,1
DT,[[0.26553672 0.73446328]],1,1
RF,[[0.23444558 0.76555442]],1,1
KNN,[[0.16666667 0.83333333]],1,1
XGB,[[0.09667301 0.903327  ]],1,1
DT,[[0.63120567 0.36879433]],0,0
RF,[[0.66055386 0.33944614]],0,0
KNN,[[0.6 0.4]],0,0
XGB,[[0.593357   0.40664297]],0,0
DT,[[0.26553672 0.73446328]],1,1
RF,[[0.33148657 0.66851343]],1,1
KNN,[[0.20833333 0.79166667]],1,1
XGB,[[0.13534087 0.86465913]],1,1
DT,[[0.13432836 0.86567164]],1,1
RF,[[0.2970297 0.7029703]],1,1
KNN,[[0.27777778 0.72222222]],1,1
XGB,[[0.08031678 0.9196832 ]],1,1
DT,[[0.26553672 0.73446328]],1,1
RF,[[0.2912808 0.7087192]],1,1
KNN,[[0.31818182 0.68181818]],1,1
XGB,[[0.10731798 0.892682  ]],1,1
DT,[[0.26553672 0.73446328]],1,1
RF,[[0.25324186 0.74675814]],1,1
KNN,[[0.31818182 0.68181818]],1,1
XGB,[[0.4230827 0.5769173]],1,1
DT,[[0.26553672 0.73446328]],1,1
RF,[[0.24258309 0.75741691]],1,1
KNN,[[0.38888889 0.61111111]],1,1
XGB,[[0.30521488 0.6947851 ]],1,1
DT,[[0.26553672 0.73446328]],1,1
RF,[[0.2970297 0.7029703]],1,1
KNN,[[0.29166667 0.70833333]],1,1
XGB,[[0.09819734 0.90180266]],1,1
DT,[[0.26553672 0.73446328]],1,1
RF,[[0.2970297 0.7029703]],1,1
KNN,[[0.35 0.65]],1,1
XGB,[[0.46867472 0.5313253 ]],1,1
DT,[[0.26553672 0.73446328]],1,1
RF,[[0.31565709 0.68434291]],1,1
KNN,[[0.27272727 0.72727273]],1,1
XGB,[[0.01778114 0.98221886]],1,1
DT,[[0.25988701 0.74011299]],1,0
RF,[[0.27491378 0.72508622]],1,0
KNN,[[0.22727273 0.77272727]],1,0
XGB,[[0.36795545 0.63204455]],1,0
DT,[[0.63120567 0.36879433]],0,0
RF,[[0.32406528 0.67593472]],1,0
KNN,[[0.5 0.5]],0,0
XGB,[[0.4947853 0.5052147]],1,0
DT,[[0.26553672 0.73446328]],1,1
RF,[[0.36294779 0.63705221]],1,1
KNN,[[0.31818182 0.68181818]],1,1
XGB,[[0.5223664 0.4776336]],0,1
DT,[[0.63120567 0.36879433]],0,0
RF,[[0.6393862 0.3606138]],0,0
KNN,[[0.65 0.35]],0,0
XGB,[[0.8798324  0.12016759]],0,0
DT,[[0.26553672 0.73446328]],1,1
RF,[[0.44678338 0.55321662]],1,1
KNN,[[0.29166667 0.70833333]],1,1
XGB,[[0.18600738 0.8139926 ]],1,1
DT,[[0.26553672 0.73446328]],1,1
RF,[[0.3583906 0.6416094]],1,1
KNN,[[0.45 0.55]],1,1
XGB,[[0.4109521 0.5890479]],1,1
DT,[[0.63829787 0.36170213]],0,1
RF,[[0.40403738 0.59596262]],1,1
KNN,[[0.66666667 0.33333333]],0,1
XGB,[[0.4068569 0.5931431]],1,1
DT,[[0.26553672 0.73446328]],1,1
RF,[[0.32664288 0.67335712]],1,1
KNN,[[0.45454545 0.54545455]],1,1
XGB,[[0.5456874  0.45431262]],0,1
DT,[[0.26553672 0.73446328]],1,1
RF,[[0.42998665 0.57001335]],1,1
KNN,[[0.33333333 0.66666667]],1,1
XGB,[[0.46653032 0.5334697 ]],1,1
DT,[[0.26553672 0.73446328]],1,1
RF,[[0.30831291 0.69168709]],1,1
KNN,[[0.125 0.875]],1,1
XGB,[[0.3638844 0.6361156]],1,1
DT,[[0.26553672 0.73446328]],1,1
RF,[[0.31476074 0.68523926]],1,1
KNN,[[0.33333333 0.66666667]],1,1
XGB,[[0.63013744 0.36986256]],0,1
DT,[[0.25988701 0.74011299]],1,0
RF,[[0.30958842 0.69041158]],1,0
KNN,[[0.25 0.75]],1,0
XGB,[[0.3020457 0.6979543]],1,0
DT,[[0.32116788 0.67883212]],1,1
RF,[[0.26597175 0.73402825]],1,1
KNN,[[0.27272727 0.72727273]],1,1
XGB,[[0.10602427 0.89397573]],1,1
DT,[[0.26553672 0.73446328]],1,1
RF,[[0.22717824 0.77282176]],1,1
KNN,[[0.25 0.75]],1,1
XGB,[[0.12397963 0.8760204 ]],1,1
DT,[[0.63829787 0.36170213]],0,1
RF,[[0.38635106 0.61364894]],1,1
KNN,[[0.59090909 0.40909091]],0,1
XGB,[[0.87068623 0.12931377]],0,1
DT,[[0.26553672 0.73446328]],1,1
RF,[[0.3886842 0.6113158]],1,1
KNN,[[0.27272727 0.72727273]],1,1
XGB,[[0.28131586 0.71868414]],1,1
DT,[[0.63829787 0.36170213]],0,1
RF,[[0.44116305 0.55883695]],1,1
KNN,[[0.5 0.5]],0,1
XGB,[[0.4404559 0.5595441]],1,1
DT,[[0.26553672 0.73446328]],1,1
RF,[[0.40653721 0.59346279]],1,1
KNN,[[0.29166667 0.70833333]],1,1
XGB,[[0.17052424 0.82947576]],1,1
DT,[[0.13636364 0.86363636]],1,1
RF,[[0.3645471 0.6354529]],1,1
KNN,[[0.31818182 0.68181818]],1,1
XGB,[[0.14057797 0.859422  ]],1,1
DT,[[0.26553672 0.73446328]],1,1
RF,[[0.2702863 0.7297137]],1,1
KNN,[[0.25 0.75]],1,1
XGB,[[0.24059665 0.75940335]],1,1
DT,[[0.63120567 0.36879433]],0,0
RF,[[0.71917808 0.28082192]],0,0
KNN,[[0.61111111 0.38888889]],0,0
XGB,[[0.44338125 0.55661875]],1,0
DT,[[0.63829787 0.36170213]],0,1
RF,[[0.76500982 0.23499018]],0,1
KNN,[[0.65 0.35]],0,1
XGB,[[0.73947304 0.26052696]],0,1
DT,[[0.25988701 0.74011299]],1,0
RF,[[0.25550217 0.74449783]],1,0
KNN,[[0.5 0.5]],0,0
XGB,[[0.18084174 0.81915826]],1,0
DT,[[0.26553672 0.73446328]],1,1
RF,[[0.29248468 0.70751532]],1,1
KNN,[[0.2173913 0.7826087]],1,1
XGB,[[0.1438604 0.8561396]],1,1
DT,[[0.26553672 0.73446328]],1,1
RF,[[0.26943638 0.73056362]],1,1
KNN,[[0.1 0.9]],1,1
XGB,[[0.06819665 0.93180335]],1,1
DT,[[0.26553672 0.73446328]],1,1
RF,[[0.2380742 0.7619258]],1,1
KNN,[[0.22727273 0.77272727]],1,1
XGB,[[0.05453575 0.94546425]],1,1
DT,[[0.26553672 0.73446328]],1,1
RF,[[0.26525114 0.73474886]],1,1
KNN,[[0.25 0.75]],1,1
XGB,[[0.21191216 0.78808784]],1,1
DT,[[0.26553672 0.73446328]],1,1
RF,[[0.34297453 0.65702547]],1,1
KNN,[[0.33333333 0.66666667]],1,1
XGB,[[0.8570349  0.14296506]],0,1
DT,[[0.26553672 0.73446328]],1,1
RF,[[0.29476215 0.70523785]],1,1
KNN,[[0.39130435 0.60869565]],1,1
XGB,[[0.37087244 0.62912756]],1,1
DT,[[0.25988701 0.74011299]],1,0
RF,[[0.33325636 0.66674364]],1,0
KNN,[[0.35 0.65]],1,0
XGB,[[0.40044445 0.59955555]],1,0
DT,[[0.72043011 0.27956989]],0,1
RF,[[0.58477618 0.41522382]],0,1
KNN,[[0.75 0.25]],0,1
XGB,[[0.6583492  0.34165078]],0,1
DT,[[0.26553672 0.73446328]],1,1
RF,[[0.31643069 0.68356931]],1,1
KNN,[[0.16666667 0.83333333]],1,1
XGB,[[0.27501422 0.7249858 ]],1,1
DT,[[0.25988701 0.74011299]],1,0
RF,[[0.36379955 0.63620045]],1,0
KNN,[[0.22222222 0.77777778]],1,0
XGB,[[0.39053404 0.60946596]],1,0
DT,[[0.63120567 0.36879433]],0,0
RF,[[0.62377339 0.37622661]],0,0
KNN,[[0.66666667 0.33333333]],0,0
XGB,[[0.74707335 0.25292665]],0,0
DT,[[0.63829787 0.36170213]],0,1
RF,[[0.40273051 0.59726949]],1,1
KNN,[[0.61111111 0.38888889]],0,1
XGB,[[0.20503986 0.79496014]],1,1
DT,[[0.26553672 0.73446328]],1,1
RF,[[0.32658657 0.67341343]],1,1
KNN,[[0.33333333 0.66666667]],1,1
XGB,[[0.2580617 0.7419383]],1,1
DT,[[0.63120567 0.36879433]],0,0
RF,[[0.5420464 0.4579536]],0,0
KNN,[[0.6 0.4]],0,0
XGB,[[0.23498166 0.76501834]],1,0
DT,[[0.25988701 0.74011299]],1,0
RF,[[0.36994822 0.63005178]],1,0
KNN,[[0.3 0.7]],1,0
XGB,[[0.44067246 0.55932754]],1,0
DT,[[0.63120567 0.36879433]],0,0
RF,[[0.43915386 0.56084614]],1,0
KNN,[[0.5 0.5]],0,0
XGB,[[0.43197143 0.56802857]],1,0
DT,[[0.63120567 0.36879433]],0,0
RF,[[0.43017204 0.56982796]],1,0
KNN,[[0.44444444 0.55555556]],1,0
XGB,[[0.41771847 0.58228153]],1,0
DT,[[0.29411765 0.70588235]],1,0
RF,[[0.61543548 0.38456452]],0,0
KNN,[[0.65 0.35]],0,0
XGB,[[0.49265164 0.50734836]],1,0
DT,[[0.67479675 0.32520325]],0,0
RF,[[0.53737916 0.46262084]],0,0
KNN,[[0.72222222 0.27777778]],0,0
XGB,[[0.33512026 0.66487974]],1,0
DT,[[0.63829787 0.36170213]],0,1
RF,[[0.73041564 0.26958436]],0,1
KNN,[[0.77272727 0.22727273]],0,1
XGB,[[0.7393444  0.26065558]],0,1
DT,[[0.63120567 0.36879433]],0,0
RF,[[0.50749285 0.49250715]],0,0
KNN,[[0.25 0.75]],1,0
XGB,[[0.5159     0.48409995]],0,0
DT,[[0.26553672 0.73446328]],1,1
RF,[[0.29394336 0.70605664]],1,1
KNN,[[0.2173913 0.7826087]],1,1
XGB,[[0.01391536 0.98608464]],1,1
DT,[[0.63120567 0.36879433]],0,0
RF,[[0.61737926 0.38262074]],0,0
KNN,[[0.6 0.4]],0,0
XGB,[[0.7597093 0.2402907]],0,0
DT,[[0.63120567 0.36879433]],0,0
RF,[[0.59833064 0.40166936]],0,0
KNN,[[0.65 0.35]],0,0
XGB,[[0.4577788 0.5422212]],1,0
DT,[[0.73972603 0.26027397]],0,0
RF,[[0.83497997 0.16502003]],0,0
KNN,[[0.6875 0.3125]],0,0
XGB,[[0.8401727  0.15982729]],0,0
DT,[[0.63120567 0.36879433]],0,0
RF,[[0.85454357 0.14545643]],0,0
KNN,[[0.65 0.35]],0,0
XGB,[[0.7803487 0.2196513]],0,0
