node_,node,res,dg,Betweeness,Closeness,Burts.contraint,Activity,Label.Activity
342,376,LYS,2,0.006702482052782,0.077051829620224,0.5,18.4,low
343,377,LYS,3,0.008831790716899,0.08318275281949,0.333333333333333,88.9,high
344,378,HIS,2,0.001229047860255,0.078714622641509,0.5,91.3,high
345,379,PRO,3,0.001996886273654,0.082898658718331,0.425347222222222,87.1,high
346,380,LYS,4,0.000473944670939,0.085156598839064,0.424045138888889,5.0,low
347,381,THR,3,3.69985411172683e-06,0.084120982986768,0.496811224489796,36.2,low
348,382,TRP,8,0.002634364889467,0.091551227540804,0.248852557516062,8.0,low
349,383,VAL,4,0.00021424763238,0.085708782742681,0.39381426760519,57.0,high
351,385,TYR,9,0.003645030020138,0.085489241803279,0.209555915987794,12.7,low
352,386,ILE,8,0.002298801034936,0.090625212137669,0.205950424874811,6.5,low
357,391,GLU,4,3.14077897751985e-05,0.089071257005605,0.390877444727891,119.8,high
358,392,ASP,6,0.0008570694958,0.089148580968281,0.289482610843542,8.6,low
359,393,TRP,8,0.011540330621238,0.099478390461997,0.206619721943721,5.4,low
363,397,PRO,1,0.0,0.084552536576097,1.0,11.4,low
364,398,LEU,5,0.003257366290428,0.094299639754185,0.290455555555556,100.5,high
365,399,VAL,4,0.00018626490999,0.089321557607387,0.395102237654321,80.2,high
366,400,LEU,6,0.001411245714211,0.088136264606853,0.30028208196859,92.8,high
369,403,ASP,2,0.0,0.075372628726287,0.78125,82.7,high
370,404,ASP,4,0.000722666343886,0.081501831501832,0.420042438271605,38.9,low
371,405,ARG,9,0.006195247838965,0.088627763393746,0.247281920998852,72.9,high
372,406,SER,3,6.18756613761824e-05,0.0822094956586,0.431111111111111,57.6,high
373,407,TYR,5,0.001998483447935,0.088031651829871,0.346020987654321,66.5,high
374,408,LYS,4,0.011030439915847,0.095877621373169,0.348227237654321,60.2,high
375,409,SER,6,0.000238994699477,0.084552536576097,0.309898799025783,73.8,high
376,410,GLN,5,0.000589007659514,0.084632940281476,0.330336111111111,60.4,high
378,412,LEU,4,0.001019710984078,0.091935817092487,0.337793367346939,7.6,low
379,413,ASN,7,0.001638855290536,0.085907335907336,0.25234126984127,67.0,high
380,414,ASN,4,0.00081760653493,0.080165735903441,0.347018494897959,82.2,high
381,415,GLY,4,6.66908289650286e-05,0.074369115926689,0.397222576530612,56.4,high
382,416,PRO,5,5.57790646530798e-05,0.074232651245552,0.362130102040816,53.0,high
383,417,GLN,7,0.001994891950881,0.07862653866541,0.2460946249248,87.6,high
384,418,ARG,7,0.000835664081598,0.079582712369598,0.253633266231663,48.3,low
385,419,ILE,7,0.008524910508448,0.086206896551724,0.180678207809801,7.6,low
386,420,GLY,6,0.002296978899875,0.092304501140842,0.264609298162689,8.3,low
387,421,ARG,10,0.002412260517901,0.093598822127182,0.200840173847317,75.2,high
388,422,LYS,7,0.003556524127558,0.091225912259123,0.219794536271809,34.8,low
389,423,TYR,11,0.013221251719296,0.093875254904718,0.155499876105937,4.7,low
390,424,LYS,8,0.002387294300549,0.089784114600847,0.240793585316549,5.5,low
391,425,LYS,12,0.016540865926587,0.097338680277069,0.146724025583603,5.7,low
392,426,VAL,8,0.004605057615542,0.094379639448568,0.210048222848167,28.2,low
393,427,ARG,9,0.010501810204082,0.096634093376764,0.185944591027998,15.1,low
394,428,PHE,12,0.013490241026391,0.098771825984019,0.152448771348445,6.6,low
395,429,MET,6,0.004085931076039,0.090459411844423,0.247294899183953,94.8,high
397,431,TYR,9,0.003023254510831,0.083583771600301,0.229409979812684,12.6,low
398,432,THR,4,2.00614771229309e-05,0.078001752848379,0.485423900462963,68.5,high
400,434,GLU,7,0.000966403460398,0.080820922629858,0.260944192491811,79.2,high
401,435,THR,2,0.0,0.076237793387014,0.666808390022676,34.8,low
402,436,PHE,6,0.001343267112978,0.081204379562044,0.329292538002855,7.0,low
403,437,LYS,4,2.0892508252007e-05,0.079478478299696,0.406098680791761,76.8,high
404,438,THR,8,0.001112944663454,0.080127243262709,0.280339624275636,11.2,low
406,440,GLU,6,0.001857661039536,0.080757364950699,0.323370706307214,50.8,high
408,442,ILE,2,0.002130818036128,0.086407766990291,0.5,90.3,high
410,444,HIS,4,0.002178068590031,0.098075227740229,0.383125,78.9,high
411,445,GLU,5,0.006930177562913,0.10200962787499,0.295,80.1,high
414,448,ILE,6,0.004387924995621,0.102150126252965,0.295818754199211,10.4,low
415,449,LEU,9,0.008796569287102,0.10785264178381,0.192725587034082,99.0,high
416,450,GLY,8,0.003276057431812,0.101428354353442,0.246317112890266,10.6,low
417,451,PRO,5,0.004323807001512,0.093842260649515,0.286736111111111,16.5,low
418,452,LEU,4,0.000752869490695,0.099219620958751,0.4065625,71.6,high
419,453,LEU,8,0.008657236807606,0.099962560838637,0.181955707644628,20.7,low
420,454,TYR,5,0.001087186449832,0.097616262064931,0.329074074074074,86.5,high
421,455,GLY,4,9.03680977315167e-05,0.096564195298373,0.421087962962963,66.4,high
422,456,GLU,6,0.001141600033313,0.093881856540084,0.32161865569273,21.5,low
423,457,VAL,8,0.00325477892315,0.096105391980419,0.247854453558044,36.8,low
424,458,GLY,3,0.0,0.088899247519478,0.530824829931973,26.3,low
425,459,ASP,8,0.004472045792886,0.090068816623937,0.228026790143141,7.6,low
426,460,THR,7,0.0022404917548,0.091538672517828,0.240185609391149,8.5,low
427,461,LEU,7,0.007910953227801,0.098888888888889,0.245095697008962,8.7,low
428,462,LEU,9,0.002381874424347,0.092464330239645,0.20511779368812,104.7,high
429,463,ILE,7,0.001960330976471,0.09264399722415,0.211373398943856,10.4,low
430,464,ILE,6,0.000829512366914,0.085868656332411,0.23677179127824,63.0,high
431,465,PHE,8,0.001350468941837,0.0874148768989,0.197871455439815,6.4,low
432,466,LYS,9,0.002815488722189,0.085308965429101,0.198239805638762,22.7,low
433,467,ASN,6,0.000867322899485,0.082831792517218,0.299250685871056,5.9,low
434,468,GLN,5,0.000576127719627,0.082657420593152,0.312162962962963,109.1,high
437,471,ARG,5,0.000779629086127,0.084999363300649,0.245,11.4,low
438,472,PRO,6,0.000514471075188,0.086648925812942,0.308322625346435,15.0,low
439,473,TYR,12,0.011882046503344,0.092432320155092,0.16613268127467,6.1,low
440,474,ASN,8,0.004664739711519,0.091916827320297,0.20128354857568,12.1,low
441,475,ILE,8,0.002322316287437,0.093611948671201,0.17391743285856,24.2,low
442,476,TYR,7,0.005705458057077,0.098255685581806,0.197542679789069,41.8,low
443,477,PRO,8,0.008187880692407,0.105283911671924,0.195983526599776,35.4,low
444,478,HIS,3,0.015855330106612,0.113423959218352,0.382729766803841,38.7,low
445,479,GLY,3,0.001211204528358,0.105750950570342,0.392361111111111,5.5,low
447,481,THR,4,0.000563290850475,0.096515326778485,0.38227200255102,108.6,high
448,482,ASP,5,0.001888997714441,0.092419522326064,0.301523469387755,5.9,low
451,485,PRO,6,0.00320610291583,0.089911099137931,0.238011818153187,52.6,high
452,486,LEU,7,0.001243469497423,0.086648925812942,0.254051398337113,93.7,high
453,487,TYR,3,5.23526747533143e-06,0.08008878756974,0.497780297304107,39.7,low
454,488,SER,5,0.000511569706191,0.082795832299678,0.33671201814059,115.8,high
455,489,ARG,3,0.00018493273448,0.080007191657677,0.468641975308642,89.7,high
456,490,ARG,3,0.000181307697141,0.080679277210371,0.468641975308642,88.0,high
457,491,LEU,5,0.003073330254954,0.087027379400261,0.313832653061225,71.0,high
458,492,PRO,5,0.000280541602719,0.08140243902439,0.471933560090703,60.4,high
459,493,LYS,4,5.49639641557512e-05,0.080557566980449,0.588786848072562,71.2,high
460,494,GLY,3,0.0,0.07884479092842,0.64953514739229,76.3,high
461,495,VAL,7,0.002035804936423,0.085576923076923,0.311037414965986,91.8,high
462,496,LYS,2,0.000146279409712,0.08695935383012,0.5,114.5,high
463,497,HIS,6,0.006589787683006,0.095119344495903,0.21802662037037,81.8,high
464,498,LEU,8,0.012385060079322,0.095616673828964,0.177596571180556,74.4,high
465,499,LYS,6,0.034460867160277,0.099619431385718,0.272472993827161,66.1,high
466,500,ASP,3,3.98553323243222e-06,0.092266224341696,0.5,69.7,high
467,501,PHE,6,0.007036755134939,0.093024876315239,0.277165611615016,59.5,high
468,502,PRO,6,0.00247010731191,0.088252793019105,0.262102584089191,19.7,low
469,503,ILE,7,0.003480630008629,0.089639427919157,0.266573996945717,19.1,low
470,504,LEU,10,0.004182982777726,0.087180826748514,0.201366227324263,22.9,low
471,505,PRO,5,0.000198687272131,0.082800967561868,0.382232653061225,42.2,low
472,506,GLY,4,1.43241884235234e-06,0.080329743065166,0.481944444444445,36.0,low
473,507,GLU,6,0.000198659959018,0.081273590648971,0.332321673525377,98.4,high
474,508,ILE,4,7.55198684825283e-05,0.082250015402625,0.362581983024691,60.6,high
475,509,PHE,6,0.001274244758519,0.08790412853098,0.22544174382716,40.7,low
477,511,TYR,10,0.008311949524369,0.095071927075915,0.160363895187705,33.3,low
478,512,LYS,9,0.002926157858424,0.092387543252595,0.18634015471758,39.9,low
480,514,THR,5,0.000275430949288,0.091929486296653,0.275008226253464,29.5,low
483,517,VAL,5,0.001482037648265,0.101505474452555,0.37093066893424,52.2,high
484,518,GLU,5,0.007506315838673,0.108819693511575,0.362779393189783,104.5,high
485,519,ASP,7,0.003168664707094,0.103088803088803,0.261549094127447,50.7,high
486,520,GLY,6,0.003321896809857,0.111752887995982,0.268244806014692,61.9,high
487,521,PRO,8,0.003376262824399,0.108439606855658,0.217043028293493,9.5,low
488,522,THR,7,0.002410445022216,0.113202747392521,0.312636911359248,27.3,low
489,523,LYS,4,1.98468691640344e-05,0.105885152284264,0.462071286848073,73.3,high
490,524,SER,4,7.80515122841213e-05,0.109024091465904,0.497412840136054,101.1,high
491,525,ASP,7,0.015666262003276,0.114366486764328,0.240646029508672,10.0,low
492,526,PRO,4,0.001229233144622,0.109229258713795,0.359282564877803,60.4,high
493,527,ARG,6,0.015698985953767,0.107349630106143,0.274253826530612,8.7,low
494,528,CYS,10,0.009481890408637,0.111426425173191,0.201423852795633,12.1,low
495,529,LEU,8,0.01299272490324,0.115314848406323,0.211665765929497,38.0,low
496,530,THR,8,0.011214265386237,0.11841405002661,0.25228768210036,87.6,high
497,531,ARG,9,0.030151168045314,0.116910412470444,0.170331790123457,35.4,low
498,532,TYR,10,0.044197938102264,0.11561444531047,0.183554511019284,53.4,high
499,533,TYR,11,0.011965458816052,0.106289808917197,0.189356867479162,7.9,low
500,534,SER,8,0.00362487500773,0.099050304199436,0.223960978852246,105.2,high
501,535,SER,8,0.002171808888867,0.093500490264743,0.230308076066075,12.8,low
502,536,PHE,8,0.012180055187577,0.096292556260819,0.190638707305839,13.0,low
503,537,VAL,7,0.001645474585601,0.090520748576078,0.258670490304966,26.5,low
504,538,ASN,5,0.001960115208662,0.090099210366471,0.380441780045352,16.4,low
505,539,MET,3,0.000307894516239,0.088246959280804,0.515069444444444,77.2,high
506,540,GLU,5,0.000174910889989,0.086767190952814,0.395953741496599,97.8,high
507,541,ARG,7,0.001588428025663,0.090056664867782,0.273809523809524,9.0,low
508,542,ASP,10,0.002032958715695,0.090637517821984,0.208344926303855,11.9,low
509,543,LEU,6,0.000595148063279,0.091482217501542,0.343333727009322,57.0,high
511,545,SER,7,0.000986228965078,0.093631645392061,0.24486686038739,21.0,low
512,546,GLY,8,0.006089244807653,0.098874240853207,0.208220828117126,21.2,low
513,547,LEU,9,0.006587935961565,0.098516714633606,0.198342954580095,27.6,low
515,549,GLY,5,0.000217147977635,0.105325443786982,0.356646472298745,27.4,low
516,550,PRO,10,0.01558795314107,0.10906862745098,0.194574285149475,95.3,high
517,551,LEU,10,0.025050667085425,0.108571893298634,0.166693280074503,33.9,low
518,552,LEU,6,0.006169584829728,0.106078665077473,0.250801023705064,64.2,high
520,554,CYS,9,0.004841311200349,0.102118870955404,0.239218106995885,7.0,low
522,556,LYS,4,0.013324365025377,0.097630539710399,0.397291666666667,59.8,high
524,558,SER,3,0.001625234558768,0.089381360471344,0.482253086419753,18.2,low
525,559,VAL,2,0.000474978027745,0.083193120209385,0.5,69.1,high
526,560,ASP,2,0.000432909765634,0.081328053609504,0.5,17.6,low
527,561,GLN,3,0.001562501208032,0.087101193971423,0.468641975308642,44.7,low
528,562,ARG,3,0.011172493953593,0.087220697765582,0.468641975308642,111.6,high
529,563,GLY,4,0.013649139840297,0.080552706208894,0.355138888888889,12.7,low
532,566,ILE,3,0.0,0.079992809635089,0.632839506172839,12.7,low
533,567,MET,5,0.02456650857483,0.086761551959446,0.386366666666667,94.1,high
534,568,SER,3,0.025962072567887,0.0945601359966,0.416235827664399,101.8,high
535,569,ASP,5,0.015531954324007,0.095099016953982,0.346989795918367,12.5,low
539,573,VAL,6,0.018746119720003,0.109435199606525,0.209146885876158,31.9,low
540,574,ILE,8,0.020794898820367,0.117995403924342,0.206425252166552,43.7,low
542,576,PHE,8,0.029116159286211,0.119763164977124,0.206500953680083,6.5,low
544,578,VAL,4,0.000785444636778,0.106723159325286,0.475564531368103,58.5,high
545,579,PHE,5,0.013443399402372,0.102118870955404,0.240439342403628,7.4,low
546,580,ASP,4,0.0006927201986,0.091796740699993,0.404453125,9.3,low
551,585,TRP,6,0.000437093707832,0.087300549306827,0.239347215223538,4.5,low
552,586,TYR,9,0.004819905609727,0.087759663423613,0.171707888916884,4.5,low
553,587,LEU,4,0.000187283756054,0.08258072497835,0.371640625,31.0,low
554,588,THR,5,2.13641014924186e-05,0.080713422007255,0.427463888888889,102.6,high
557,591,ILE,8,0.002260815146782,0.080869881269687,0.268992922689909,6.8,low
558,592,GLN,3,0.0,0.080674401740392,0.549583333333333,100.9,high
560,594,PHE,6,0.002580760351919,0.084751142712037,0.215929783950617,18.0,low
562,596,PRO,4,0.000663424957213,0.07823488045007,0.38539700255102,107.5,high
563,597,ASN,7,0.002256978463836,0.074141952682439,0.347623183627192,74.5,high
566,600,GLY,4,3.13956733922389e-05,0.06985140226036,0.592571924603175,106.9,high
567,601,VAL,7,0.002607989725782,0.075067476383266,0.269578069322967,80.0,high
568,602,GLN,3,2.42117491391105e-05,0.073557771778059,0.401360544217687,129.1,high
569,603,LEU,3,0.000653715195858,0.078289936664321,0.419166666666667,46.2,low
570,604,GLU,4,0.000313552066184,0.083646616541353,0.437986111111111,99.4,high
571,605,ASP,5,4.58496523605151e-06,0.083646616541353,0.444733333333333,35.6,low
573,607,GLU,6,0.00011011672315,0.083783105309401,0.358192043020912,74.2,high
577,611,SER,8,0.000967865669521,0.084902060544391,0.241781108276644,84.6,high
584,618,ASN,10,0.013381753365995,0.110003295978906,0.175352461262283,7.0,low
585,619,GLY,7,0.009196316558564,0.106070236771015,0.233097915091963,14.4,low
587,621,VAL,8,0.022212980978806,0.10706552249579,0.196940025431469,80.0,high
588,622,PHE,9,0.014148099474678,0.10552525492056,0.181639171959639,9.3,low
589,623,ASP,6,0.006148159891038,0.102558193132058,0.242797778217075,72.1,high
590,624,SER,6,0.001163320903584,0.102739726027397,0.293740753494541,80.0,high
591,625,LEU,6,0.003606711826948,0.105927160199952,0.239654586337562,10.9,low
594,628,SER,4,0.002489971911276,0.100580125065923,0.3489950239355,103.3,high
595,629,VAL,10,0.012080224009638,0.108167233835683,0.195980774595574,85.2,high
596,630,CYS,5,0.000623527622168,0.101121042266323,0.368785034013605,7.6,low
597,631,LEU,3,7.18452085324677e-06,0.096760165253316,0.508027210884354,4.8,low
598,632,HIS,5,0.000669100381461,0.103144556903345,0.365465022675737,72.3,high
599,633,GLU,7,0.002090648482448,0.105918755950492,0.311808390022676,86.7,high
600,634,VAL,5,0.001729987923255,0.110157603762687,0.378496768707483,12.3,low
603,637,TRP,11,0.047196357905831,0.119015779620219,0.151704783074479,5.6,low
604,638,TYR,11,0.021397539289641,0.113704113789285,0.172785621892183,20.0,low
606,640,LEU,10,0.051087500679784,0.122973470891673,0.179960262345679,76.6,high
608,642,ILE,9,0.020567468818604,0.116522649908353,0.220481981887405,99.0,high
609,643,GLY,2,0.0,0.104378420641126,0.699266975308642,4.7,low
612,646,THR,5,0.00399120331947,0.120628896719978,0.299461224489796,8.9,low
614,648,PHE,10,0.003365798203692,0.118225292242295,0.207669266502897,143.1,high
615,649,LEU,9,0.024803904508151,0.12644440234893,0.202570599227345,29.1,low
1176,2173,SER,7,0.038674261759929,0.117146367146367,0.201530872553103,19.3,low
1177,2174,CYS,7,0.029477485409448,0.108979591836735,0.222630038409922,9.3,low
1178,2175,SER,4,0.000736676727755,0.101090413448433,0.324905222505669,105.0,high
1179,2176,MET,8,0.057480036134778,0.103866801524936,0.213384073247354,43.8,low
1180,2177,PRO,4,0.014606288055531,0.095863851788022,0.356741799729151,124.5,high
1181,2178,LEU,9,0.045764418461665,0.09853125691933,0.189942103384564,26.3,low
1182,2179,GLY,7,0.001746222472733,0.090514611160079,0.289174739434701,10.0,low
1183,2180,MET,12,0.029318056319703,0.09185358469795,0.17369622916496,16.7,low
1184,2181,GLU,7,0.00016698786442,0.084740383394693,0.289093975899237,69.2,high
1185,2182,SER,5,1.36801286040729e-05,0.084189947657186,0.379325850340136,85.3,high
1186,2183,LYS,5,1.23075887934644e-05,0.084450910931174,0.357838085659731,113.0,high
1188,2185,ILE,9,0.014053278253999,0.091375770020534,0.204456309559992,12.3,low
1189,2186,SER,4,0.000346213820495,0.085686777920411,0.410447570231796,94.0,high
1190,2187,ASP,4,0.001234730366358,0.084370852556405,0.37135625510152,22.8,low
1192,2189,GLN,7,0.003996523055252,0.089059372915277,0.244628736226161,66.2,high
1193,2190,ILE,8,0.013231272306476,0.086564647905589,0.206383662840136,15.8,low
1194,2191,THR,3,2.35262384474468e-05,0.082565402931536,0.459726508916324,139.3,high
1196,2193,SER,5,0.001125025276729,0.076759429622815,0.281736621315193,8.7,low
1197,2194,SER,5,0.001073249508116,0.07309861468543,0.305747706189914,7.5,low
1198,2195,TYR,5,0.002800148372324,0.07478153708268,0.255969444444444,69.2,high
1199,2196,PHE,8,0.001048920476296,0.069957553843735,0.214581551949484,121.3,high
1200,2197,THR,4,0.00034400594571,0.069752860651027,0.385182291666667,57.3,high
1201,2198,ASN,6,0.000735241950792,0.06545721990684,0.344425154320988,45.1,low
1202,2199,MET,2,0.0,0.06175695054818,0.730902777777778,105.8,high
1203,2200,PHE,4,0.000787750304868,0.065682656826568,0.454861111111111,98.6,high
1205,2202,THR,6,0.0007111190642,0.069712793733682,0.260408950617284,64.9,high
1206,2203,TRP,9,0.004344095465064,0.074987361680616,0.170969606247083,21.5,low
1207,2204,SER,6,0.002088045780844,0.074802487813078,0.255788751714678,80.8,high
1208,2205,PRO,10,0.013087678958843,0.080611074210495,0.173021649641644,91.0,high
1209,2206,SER,5,0.002550988841017,0.078821515026274,0.298261330476482,93.0,high
1212,2209,ARG,11,0.016634844697604,0.085048098362745,0.17578668956104,9.8,low
1213,2210,LEU,8,0.009011020810478,0.084248390761075,0.213463194800705,16.5,low
1214,2211,HIS,3,7.91559287476736e-06,0.078042792002806,0.451024519890261,6.1,low
1215,2212,LEU,8,0.003592494111438,0.078816861494864,0.215989358149041,147.3,high
1216,2213,GLN,3,0.000331074716292,0.073126643295355,0.517554012345679,187.0,high
1217,2214,GLY,3,2.41452307554088e-06,0.068860576675092,0.542484567901234,72.0,high
1218,2215,ARG,5,0.00012548043114,0.070163451936722,0.320570987654321,137.7,high
1220,2217,ASN,8,0.001724815075771,0.073916172969382,0.246344312464569,151.3,high
1222,2219,TRP,11,0.010705992230911,0.078079307521348,0.144295556836141,6.4,low
1223,2220,ARG,6,0.002019195808307,0.072645154268923,0.239385140211409,5.7,low
1224,2221,PRO,7,0.001381372064752,0.072637249034224,0.248863659788984,61.8,high
1225,2222,GLN,4,2.23267418117728e-05,0.0682934315531,0.399937021683673,141.0,high
1227,2224,ASN,4,5.71495084129189e-05,0.067708069178881,0.372448979591837,27.3,low
1228,2225,ASN,5,0.000959843564858,0.072728263238178,0.233125,94.0,high
1229,2226,PRO,2,3.75438710007995e-05,0.07207644962747,0.5,72.0,high
1230,2227,LYS,4,0.000631765690908,0.076710911911739,0.394459904442149,44.3,low
1231,2228,GLU,8,0.003370015349288,0.078248637242835,0.222584123719219,17.1,low
1232,2229,TRP,7,0.004177671535074,0.082693260654113,0.241666908941072,7.3,low
1233,2230,LEU,7,0.010124909307228,0.083401012057225,0.221018076517789,14.8,low
1234,2231,GLN,9,0.020903754126511,0.088621879978757,0.215645548914582,49.7,low
1235,2232,VAL,7,0.005885379358697,0.089886883921357,0.20919130596305,16.5,low
1236,2233,ASP,4,4.20699625328953e-05,0.088276135687364,0.372876039304611,13.0,low
1237,2234,PHE,9,0.014523640073889,0.096167699178793,0.200219673145893,10.0,low
1238,2235,GLN,5,0.004469870933209,0.092586171024343,0.346894368858655,57.0,high
1239,2236,LYS,6,0.001353918069976,0.096529284164859,0.308716349451303,45.3,low
1240,2237,THR,5,0.000977120721247,0.097516435354273,0.298366049382716,9.0,low
1241,2238,MET,9,0.01378300074779,0.100891777509069,0.202613370908491,31.5,low
1242,2239,LYS,5,0.021924738966357,0.106163021868787,0.312187150415722,59.0,high
1243,2240,VAL,9,0.016714144188315,0.097324487861777,0.191241671565746,14.0,low
1244,2241,THR,6,0.023270009155035,0.102306690167829,0.261604255899891,43.0,low
1245,2242,GLY,6,0.007681240993519,0.095616673828964,0.302689375647378,71.0,high
1246,2243,VAL,6,0.006036727744979,0.088159545664664,0.289964206104252,13.8,low
1247,2244,THR,5,0.003731431930203,0.085544021530181,0.343837037037037,116.3,high
1248,2245,THR,6,0.003295145172495,0.080031173191056,0.245291923868313,9.5,low
1249,2246,GLN,9,0.00357521658503,0.07876570889138,0.198452503429355,18.5,low
1250,2247,GLY,6,0.000727675167482,0.073440422488723,0.211375241454607,10.5,low
1251,2248,VAL,9,0.005409175738242,0.073989912985645,0.21665826824557,31.3,low
1253,2250,SER,6,0.002356984729911,0.068995813737144,0.335749349122365,87.3,high
1254,2251,LEU,3,0.000272449284741,0.064555125725339,0.628641975308642,131.3,high
1255,2252,LEU,2,0.0,0.061751237337527,0.804444444444444,132.0,high
1256,2253,THR,5,0.001280880760623,0.06580893226856,0.414369160997732,77.7,high
1257,2254,SER,7,0.001145896337545,0.069024352411975,0.29437427049429,17.0,low
1258,2255,MET,10,0.002637294977119,0.070400253124506,0.201599741748551,29.5,low
1259,2256,TYR,6,0.001025919183495,0.071447685309071,0.269483024691358,62.5,high
1260,2257,VAL,8,0.00175714895209,0.073818081282831,0.181044545422336,18.0,low
1261,2258,LYS,5,0.000264355144313,0.071417108008345,0.304769444444444,65.0,high
1262,2259,GLU,8,0.001924848906707,0.074827644190348,0.248816410678855,44.8,low
1263,2260,PHE,8,0.004091357732138,0.080460462873674,0.22868059142562,8.8,low
1264,2261,LEU,8,0.000898319845516,0.079421738354453,0.226263208114111,115.0,high
1265,2262,ILE,9,0.006648048823379,0.084983130689414,0.189525913434978,10.3,low
1266,2263,SER,8,0.015241258576021,0.087719298245614,0.225116958269141,81.7,high
1267,2264,SER,8,0.004052073272744,0.088781006849771,0.223423738563713,60.3,high
1268,2265,SER,7,0.002263751608439,0.088486776695168,0.268732520786092,11.5,low
1269,2266,GLN,4,0.002174891490609,0.092202500172664,0.363349011479592,51.0,high
1270,2267,ASP,5,0.002855204166301,0.085609849942286,0.339705845301083,13.3,low
1271,2268,GLY,2,0.0,0.078872740163063,0.804444444444444,104.3,high
1272,2269,HIS,3,9.85242779466075e-06,0.079031494198437,0.521111111111111,82.0,high
1273,2270,GLN,3,0.000147725664197,0.081731357903759,0.407470395565634,73.5,high
1274,2271,TRP,6,0.000302697345279,0.082432849644952,0.299261113910585,7.8,low
1275,2272,THR,4,0.000285100481411,0.082184191085939,0.413953993055556,51.0,high
1276,2273,LEU,6,0.001428251458437,0.081258749771745,0.25280289430587,87.0,high
1277,2274,PHE,7,0.004466078246394,0.084499018925248,0.222265044528771,74.5,high
1278,2275,PHE,6,0.000438385877711,0.078019987142774,0.368179484756866,68.5,high
1279,2276,GLN,7,0.005268337735964,0.080869881269687,0.251440372067194,14.3,low
1280,2277,ASN,1,0.0,0.074823450285842,1.0,98.0,high
1281,2278,GLY,3,0.0,0.07486121235911,0.629094230284706,98.0,high
1283,2280,VAL,5,0.000194068062704,0.076202979622125,0.326794444444444,87.0,high
1284,2281,LYS,5,0.000548228312502,0.077047382697524,0.2871,68.1,high
1285,2282,VAL,4,0.000599874539179,0.074539363484087,0.400850694444444,66.3,high
1286,2283,PHE,8,0.005592339401607,0.080247655686463,0.215772574365394,13.5,low
1287,2284,GLN,3,1.48963377576566e-05,0.069752860651027,0.514861111111111,114.0,high
1288,2285,GLY,3,0.000816991200508,0.075372628726287,0.411736111111111,10.3,low
1289,2286,ASN,8,0.006718352901494,0.076055375149547,0.231244333526235,49.0,low
1291,2288,ASP,6,0.000565380192036,0.070818524216222,0.330304311539431,12.0,low
1292,2289,SER,7,0.00011590306101,0.069567483064096,0.280997925247196,115.0,high
1293,2290,PHE,4,7.4555279196467e-06,0.069433608987362,0.448459467120181,14.3,low
1294,2291,THR,5,0.000618614430513,0.073094612352168,0.338356638951877,7.8,low
1295,2292,PRO,4,0.000955801015827,0.078437132784959,0.370548321759259,90.7,high
1296,2293,VAL,5,0.008678980451033,0.081090931179008,0.30645,13.3,low
1297,2294,VAL,5,0.019860428295369,0.087477884804403,0.305155555555556,102.3,high
1298,2295,ASN,5,0.00755620734987,0.085659287776708,0.253294444444444,5.3,low
1299,2296,SER,3,0.002354308227111,0.089136676236897,0.402970679012346,52.8,high
1300,2297,LEU,8,0.009645651132602,0.090465541776784,0.238071617535903,9.8,low
1301,2298,ASP,3,0.0,0.086240310077519,0.568287037037037,17.3,low
1302,2299,PRO,6,0.006727808994374,0.086880124951191,0.311274683484505,10.8,low
1303,2300,PRO,6,0.00574555987056,0.093684210526316,0.328552685220179,14.0,low
1304,2301,LEU,7,0.019521793165342,0.094640578477244,0.221382432602671,10.6,low
1305,2302,LEU,6,0.024528982375019,0.099168028524736,0.233543643794967,6.9,low
1306,2303,THR,10,0.009057887732353,0.096299502272236,0.195930015432099,22.3,low
1307,2304,ARG,8,0.050886811516512,0.099611998209223,0.226298707561728,19.9,low
1308,2305,TYR,9,0.027181621798109,0.093559464573551,0.188421372893007,18.0,low
1309,2306,LEU,6,0.007197843059961,0.090563733803677,0.209316648470088,6.9,low
1310,2307,ARG,9,0.003224763088571,0.085946050344428,0.209624071218688,10.0,low
1311,2308,ILE,7,0.000740405720654,0.080816030026031,0.255135834271303,8.3,low
1312,2309,HIS,11,0.015345868630597,0.082688138742645,0.189831212558485,7.5,low
1314,2311,GLN,7,0.005663352753203,0.077490132342698,0.230786451323656,114.3,high
1315,2312,SER,5,0.000123456018949,0.072314609176101,0.335358163265306,102.3,high
1316,2313,TRP,7,0.001883434460605,0.072389111809999,0.258183569346106,10.3,low
1317,2314,VAL,5,0.000386043332252,0.068931687922755,0.320779591836735,40.5,low
1318,2315,HIS,4,1.56635150511819e-05,0.066560303136062,0.415752551020408,7.3,low
1319,2316,GLN,7,0.000486718346107,0.068992248062016,0.283113054745708,158.3,high
1320,2317,ILE,7,0.001508349851479,0.072510998859378,0.219797740524781,64.5,high
1322,2319,LEU,6,0.001058278779563,0.07609439124487,0.233006410910451,7.3,low
1323,2320,ARG,10,0.015413152983943,0.079459555978811,0.162948196859858,2.5,low
1324,2321,MET,9,0.016492909212429,0.085686777920411,0.181150646318529,58.8,high
1325,2322,GLU,9,0.017848849849767,0.091250854408749,0.196986467655192,7.5,low
1326,2323,VAL,8,0.01080905601252,0.09383566458143,0.187667804390275,10.5,low
1327,2324,LEU,7,0.002133205352806,0.096844396082699,0.271160084404132,80.8,high
1328,2325,GLY,7,0.010652102594913,0.101846200793409,0.226116307634165,4.9,low
